ISO-10303-21;
HEADER;
FILE_DESCRIPTION(('Open CASCADE Model'),'2;1');
FILE_NAME('Open CASCADE Shape Model','2026-09-24T16:34:48',('Author'),(
    'Open CASCADE'),'Open CASCADE STEP processor 8.0','build123d',
  'Unknown');
FILE_SCHEMA(('AUTOMOTIVE_DESIGN { 1 0 10303 214 1 1 1 1 }'));
ENDSEC;
DATA;
#1 = APPLICATION_PROTOCOL_DEFINITION('international standard',
  'automotive_design',2000,#2);
#2 = APPLICATION_CONTEXT(
  'core data for automotive mechanical design processes');
#3 = SHAPE_DEFINITION_REPRESENTATION(#4,#10);
#4 = PRODUCT_DEFINITION_SHAPE('','',#5);
#5 = PRODUCT_DEFINITION('design','',#6,#9);
#6 = PRODUCT_DEFINITION_FORMATION('','',#7);
#7 = PRODUCT('COMPOUND','COMPOUND','',(#8));
#8 = PRODUCT_CONTEXT('',#2,'mechanical');
#9 = PRODUCT_DEFINITION_CONTEXT('part definition',#2,'design');
#10 = SHAPE_REPRESENTATION('',(#11,#15,#4783,#9551,#14295,#14475,#14655,
    #14835,#15015,#15195,#15375,#15555,#15735,#15915,#16245,#16575),
  #16905);
#11 = AXIS2_PLACEMENT_3D('',#12,#13,#14);
#12 = CARTESIAN_POINT('',(0.,0.,0.));
#13 = DIRECTION('',(0.,0.,1.));
#14 = DIRECTION('',(1.,0.,-0.));
#15 = MANIFOLD_SOLID_BREP('',#16);
#16 = CLOSED_SHELL('',(#17,#137,#213,#289,#365,#441,#517,#593,#669,#745,
    #821,#897,#973,#1049,#1125,#1201,#1277,#1353,#1429,#1505,#1581,#1657
    ,#1733,#1809,#1885,#1961,#2037,#2113,#2189,#2265,#2341,#2417,#2493,
    #2569,#2645,#2721,#2797,#2873,#2949,#3025,#3096,#3143,#3225,#3299,
    #3373,#3447,#3521,#3595,#3669,#3743,#3817,#3899,#3973,#4055,#4129,
    #4203,#4277,#4385,#4468,#4546,#4593,#4688));
#17 = ADVANCED_FACE('',(#18),#32,.F.);
#18 = FACE_BOUND('',#19,.F.);
#19 = EDGE_LOOP('',(#20,#55,#83,#111));
#20 = ORIENTED_EDGE('',*,*,#21,.T.);
#21 = EDGE_CURVE('',#22,#24,#26,.T.);
#22 = VERTEX_POINT('',#23);
#23 = CARTESIAN_POINT('',(228.6,127.,0.));
#24 = VERTEX_POINT('',#25);
#25 = CARTESIAN_POINT('',(228.6,127.,12.7));
#26 = SURFACE_CURVE('',#27,(#31,#43),.PCURVE_S1.);
#27 = LINE('',#28,#29);
#28 = CARTESIAN_POINT('',(228.6,127.,0.));
#29 = VECTOR('',#30,1.);
#30 = DIRECTION('',(0.,0.,1.));
#31 = PCURVE('',#32,#37);
#32 = PLANE('',#33);
#33 = AXIS2_PLACEMENT_3D('',#34,#35,#36);
#34 = CARTESIAN_POINT('',(228.6,127.,0.));
#35 = DIRECTION('',(-0.857492925713,-0.514495755428,0.));
#36 = DIRECTION('',(-0.514495755428,0.857492925713,0.));
#37 = DEFINITIONAL_REPRESENTATION('',(#38),#42);
#38 = LINE('',#39,#40);
#39 = CARTESIAN_POINT('',(0.,0.));
#40 = VECTOR('',#41,1.);
#41 = DIRECTION('',(0.,-1.));
#42 = ( GEOMETRIC_REPRESENTATION_CONTEXT(2) 
PARAMETRIC_REPRESENTATION_CONTEXT() REPRESENTATION_CONTEXT('2D SPACE',''
  ) );
#43 = PCURVE('',#44,#49);
#44 = PLANE('',#45);
#45 = AXIS2_PLACEMENT_3D('',#46,#47,#48);
#46 = CARTESIAN_POINT('',(228.6,12.7,0.));
#47 = DIRECTION('',(-1.,0.,0.));
#48 = DIRECTION('',(0.,1.,0.));
#49 = DEFINITIONAL_REPRESENTATION('',(#50),#54);
#50 = LINE('',#51,#52);
#51 = CARTESIAN_POINT('',(114.3,0.));
#52 = VECTOR('',#53,1.);
#53 = DIRECTION('',(0.,-1.));
#54 = ( GEOMETRIC_REPRESENTATION_CONTEXT(2) 
PARAMETRIC_REPRESENTATION_CONTEXT() REPRESENTATION_CONTEXT('2D SPACE',''
  ) );
#55 = ORIENTED_EDGE('',*,*,#56,.T.);
#56 = EDGE_CURVE('',#24,#57,#59,.T.);
#57 = VERTEX_POINT('',#58);
#58 = CARTESIAN_POINT('',(152.4,254.,12.7));
#59 = SURFACE_CURVE('',#60,(#64,#71),.PCURVE_S1.);
#60 = LINE('',#61,#62);
#61 = CARTESIAN_POINT('',(228.6,127.,12.7));
#62 = VECTOR('',#63,1.);
#63 = DIRECTION('',(-0.514495755428,0.857492925713,0.));
#64 = PCURVE('',#32,#65);
#65 = DEFINITIONAL_REPRESENTATION('',(#66),#70);
#66 = LINE('',#67,#68);
#67 = CARTESIAN_POINT('',(0.,-12.7));
#68 = VECTOR('',#69,1.);
#69 = DIRECTION('',(1.,0.));
#70 = ( GEOMETRIC_REPRESENTATION_CONTEXT(2) 
PARAMETRIC_REPRESENTATION_CONTEXT() REPRESENTATION_CONTEXT('2D SPACE',''
  ) );
#71 = PCURVE('',#72,#77);
#72 = PLANE('',#73);
#73 = AXIS2_PLACEMENT_3D('',#74,#75,#76);
#74 = CARTESIAN_POINT('',(104.08547968809,124.3217914067,12.7));
#75 = DIRECTION('',(0.,0.,1.));
#76 = DIRECTION('',(1.,0.,0.));
#77 = DEFINITIONAL_REPRESENTATION('',(#78),#82);
#78 = LINE('',#79,#80);
#79 = CARTESIAN_POINT('',(124.5145203119,2.678208593292));
#80 = VECTOR('',#81,1.);
#81 = DIRECTION('',(-0.514495755428,0.857492925713));
#82 = ( GEOMETRIC_REPRESENTATION_CONTEXT(2) 
PARAMETRIC_REPRESENTATION_CONTEXT() REPRESENTATION_CONTEXT('2D SPACE',''
  ) );
#83 = ORIENTED_EDGE('',*,*,#84,.F.);
#84 = EDGE_CURVE('',#85,#57,#87,.T.);
#85 = VERTEX_POINT('',#86);
#86 = CARTESIAN_POINT('',(152.4,254.,0.));
#87 = SURFACE_CURVE('',#88,(#92,#99),.PCURVE_S1.);
#88 = LINE('',#89,#90);
#89 = CARTESIAN_POINT('',(152.4,254.,0.));
#90 = VECTOR('',#91,1.);
#91 = DIRECTION('',(0.,0.,1.));
#92 = PCURVE('',#32,#93);
#93 = DEFINITIONAL_REPRESENTATION('',(#94),#98);
#94 = LINE('',#95,#96);
#95 = CARTESIAN_POINT('',(148.10617812907,0.));
#96 = VECTOR('',#97,1.);
#97 = DIRECTION('',(0.,-1.));
#98 = ( GEOMETRIC_REPRESENTATION_CONTEXT(2) 
PARAMETRIC_REPRESENTATION_CONTEXT() REPRESENTATION_CONTEXT('2D SPACE',''
  ) );
#99 = PCURVE('',#100,#105);
#100 = PLANE('',#101);
#101 = AXIS2_PLACEMENT_3D('',#102,#103,#104);
#102 = CARTESIAN_POINT('',(152.4,254.,0.));
#103 = DIRECTION('',(0.,-1.,0.));
#104 = DIRECTION('',(-1.,0.,0.));
#105 = DEFINITIONAL_REPRESENTATION('',(#106),#110);
#106 = LINE('',#107,#108);
#107 = CARTESIAN_POINT('',(0.,-0.));
#108 = VECTOR('',#109,1.);
#109 = DIRECTION('',(0.,-1.));
#110 = ( GEOMETRIC_REPRESENTATION_CONTEXT(2) 
PARAMETRIC_REPRESENTATION_CONTEXT() REPRESENTATION_CONTEXT('2D SPACE',''
  ) );
#111 = ORIENTED_EDGE('',*,*,#112,.F.);
#112 = EDGE_CURVE('',#22,#85,#113,.T.);
#113 = SURFACE_CURVE('',#114,(#118,#125),.PCURVE_S1.);
#114 = LINE('',#115,#116);
#115 = CARTESIAN_POINT('',(228.6,127.,0.));
#116 = VECTOR('',#117,1.);
#117 = DIRECTION('',(-0.514495755428,0.857492925713,0.));
#118 = PCURVE('',#32,#119);
#119 = DEFINITIONAL_REPRESENTATION('',(#120),#124);
#120 = LINE('',#121,#122);
#121 = CARTESIAN_POINT('',(0.,0.));
#122 = VECTOR('',#123,1.);
#123 = DIRECTION('',(1.,0.));
#124 = ( GEOMETRIC_REPRESENTATION_CONTEXT(2) 
PARAMETRIC_REPRESENTATION_CONTEXT() REPRESENTATION_CONTEXT('2D SPACE',''
  ) );
#125 = PCURVE('',#126,#131);
#126 = PLANE('',#127);
#127 = AXIS2_PLACEMENT_3D('',#128,#129,#130);
#128 = CARTESIAN_POINT('',(104.08547968809,124.3217914067,0.));
#129 = DIRECTION('',(0.,0.,1.));
#130 = DIRECTION('',(1.,0.,0.));
#131 = DEFINITIONAL_REPRESENTATION('',(#132),#136);
#132 = LINE('',#133,#134);
#133 = CARTESIAN_POINT('',(124.5145203119,2.678208593292));
#134 = VECTOR('',#135,1.);
#135 = DIRECTION('',(-0.514495755428,0.857492925713));
#136 = ( GEOMETRIC_REPRESENTATION_CONTEXT(2) 
PARAMETRIC_REPRESENTATION_CONTEXT() REPRESENTATION_CONTEXT('2D SPACE',''
  ) );
#137 = ADVANCED_FACE('',(#138),#44,.F.);
#138 = FACE_BOUND('',#139,.F.);
#139 = EDGE_LOOP('',(#140,#170,#191,#192));
#140 = ORIENTED_EDGE('',*,*,#141,.T.);
#141 = EDGE_CURVE('',#142,#144,#146,.T.);
#142 = VERTEX_POINT('',#143);
#143 = CARTESIAN_POINT('',(228.6,12.7,0.));
#144 = VERTEX_POINT('',#145);
#145 = CARTESIAN_POINT('',(228.6,12.7,12.7));
#146 = SURFACE_CURVE('',#147,(#151,#158),.PCURVE_S1.);
#147 = LINE('',#148,#149);
#148 = CARTESIAN_POINT('',(228.6,12.7,0.));
#149 = VECTOR('',#150,1.);
#150 = DIRECTION('',(0.,0.,1.));
#151 = PCURVE('',#44,#152);
#152 = DEFINITIONAL_REPRESENTATION('',(#153),#157);
#153 = LINE('',#154,#155);
#154 = CARTESIAN_POINT('',(0.,0.));
#155 = VECTOR('',#156,1.);
#156 = DIRECTION('',(0.,-1.));
#157 = ( GEOMETRIC_REPRESENTATION_CONTEXT(2) 
PARAMETRIC_REPRESENTATION_CONTEXT() REPRESENTATION_CONTEXT('2D SPACE',''
  ) );
#158 = PCURVE('',#159,#164);
#159 = PLANE('',#160);
#160 = AXIS2_PLACEMENT_3D('',#161,#162,#163);
#161 = CARTESIAN_POINT('',(193.8274,12.7,0.));
#162 = DIRECTION('',(0.,1.,0.));
#163 = DIRECTION('',(1.,0.,0.));
#164 = DEFINITIONAL_REPRESENTATION('',(#165),#169);
#165 = LINE('',#166,#167);
#166 = CARTESIAN_POINT('',(34.7726,0.));
#167 = VECTOR('',#168,1.);
#168 = DIRECTION('',(0.,-1.));
#169 = ( GEOMETRIC_REPRESENTATION_CONTEXT(2) 
PARAMETRIC_REPRESENTATION_CONTEXT() REPRESENTATION_CONTEXT('2D SPACE',''
  ) );
#170 = ORIENTED_EDGE('',*,*,#171,.T.);
#171 = EDGE_CURVE('',#144,#24,#172,.T.);
#172 = SURFACE_CURVE('',#173,(#177,#184),.PCURVE_S1.);
#173 = LINE('',#174,#175);
#174 = CARTESIAN_POINT('',(228.6,12.7,12.7));
#175 = VECTOR('',#176,1.);
#176 = DIRECTION('',(0.,1.,0.));
#177 = PCURVE('',#44,#178);
#178 = DEFINITIONAL_REPRESENTATION('',(#179),#183);
#179 = LINE('',#180,#181);
#180 = CARTESIAN_POINT('',(0.,-12.7));
#181 = VECTOR('',#182,1.);
#182 = DIRECTION('',(1.,0.));
#183 = ( GEOMETRIC_REPRESENTATION_CONTEXT(2) 
PARAMETRIC_REPRESENTATION_CONTEXT() REPRESENTATION_CONTEXT('2D SPACE',''
  ) );
#184 = PCURVE('',#72,#185);
#185 = DEFINITIONAL_REPRESENTATION('',(#186),#190);
#186 = LINE('',#187,#188);
#187 = CARTESIAN_POINT('',(124.5145203119,-111.6217914067));
#188 = VECTOR('',#189,1.);
#189 = DIRECTION('',(0.,1.));
#190 = ( GEOMETRIC_REPRESENTATION_CONTEXT(2) 
PARAMETRIC_REPRESENTATION_CONTEXT() REPRESENTATION_CONTEXT('2D SPACE',''
  ) );
#191 = ORIENTED_EDGE('',*,*,#21,.F.);
#192 = ORIENTED_EDGE('',*,*,#193,.F.);
#193 = EDGE_CURVE('',#142,#22,#194,.T.);
#194 = SURFACE_CURVE('',#195,(#199,#206),.PCURVE_S1.);
#195 = LINE('',#196,#197);
#196 = CARTESIAN_POINT('',(228.6,12.7,0.));
#197 = VECTOR('',#198,1.);
#198 = DIRECTION('',(0.,1.,0.));
#199 = PCURVE('',#44,#200);
#200 = DEFINITIONAL_REPRESENTATION('',(#201),#205);
#201 = LINE('',#202,#203);
#202 = CARTESIAN_POINT('',(0.,0.));
#203 = VECTOR('',#204,1.);
#204 = DIRECTION('',(1.,0.));
#205 = ( GEOMETRIC_REPRESENTATION_CONTEXT(2) 
PARAMETRIC_REPRESENTATION_CONTEXT() REPRESENTATION_CONTEXT('2D SPACE',''
  ) );
#206 = PCURVE('',#126,#207);
#207 = DEFINITIONAL_REPRESENTATION('',(#208),#212);
#208 = LINE('',#209,#210);
#209 = CARTESIAN_POINT('',(124.5145203119,-111.6217914067));
#210 = VECTOR('',#211,1.);
#211 = DIRECTION('',(0.,1.));
#212 = ( GEOMETRIC_REPRESENTATION_CONTEXT(2) 
PARAMETRIC_REPRESENTATION_CONTEXT() REPRESENTATION_CONTEXT('2D SPACE',''
  ) );
#213 = ADVANCED_FACE('',(#214),#100,.F.);
#214 = FACE_BOUND('',#215,.F.);
#215 = EDGE_LOOP('',(#216,#217,#240,#268));
#216 = ORIENTED_EDGE('',*,*,#84,.T.);
#217 = ORIENTED_EDGE('',*,*,#218,.T.);
#218 = EDGE_CURVE('',#57,#219,#221,.T.);
#219 = VERTEX_POINT('',#220);
#220 = CARTESIAN_POINT('',(0.,254.,12.7));
#221 = SURFACE_CURVE('',#222,(#226,#233),.PCURVE_S1.);
#222 = LINE('',#223,#224);
#223 = CARTESIAN_POINT('',(152.4,254.,12.7));
#224 = VECTOR('',#225,1.);
#225 = DIRECTION('',(-1.,0.,0.));
#226 = PCURVE('',#100,#227);
#227 = DEFINITIONAL_REPRESENTATION('',(#228),#232);
#228 = LINE('',#229,#230);
#229 = CARTESIAN_POINT('',(0.,-12.7));
#230 = VECTOR('',#231,1.);
#231 = DIRECTION('',(1.,0.));
#232 = ( GEOMETRIC_REPRESENTATION_CONTEXT(2) 
PARAMETRIC_REPRESENTATION_CONTEXT() REPRESENTATION_CONTEXT('2D SPACE',''
  ) );
#233 = PCURVE('',#72,#234);
#234 = DEFINITIONAL_REPRESENTATION('',(#235),#239);
#235 = LINE('',#236,#237);
#236 = CARTESIAN_POINT('',(48.314520311902,129.67820859329));
#237 = VECTOR('',#238,1.);
#238 = DIRECTION('',(-1.,0.));
#239 = ( GEOMETRIC_REPRESENTATION_CONTEXT(2) 
PARAMETRIC_REPRESENTATION_CONTEXT() REPRESENTATION_CONTEXT('2D SPACE',''
  ) );
#240 = ORIENTED_EDGE('',*,*,#241,.F.);
#241 = EDGE_CURVE('',#242,#219,#244,.T.);
#242 = VERTEX_POINT('',#243);
#243 = CARTESIAN_POINT('',(0.,254.,0.));
#244 = SURFACE_CURVE('',#245,(#249,#256),.PCURVE_S1.);
#245 = LINE('',#246,#247);
#246 = CARTESIAN_POINT('',(0.,254.,0.));
#247 = VECTOR('',#248,1.);
#248 = DIRECTION('',(0.,0.,1.));
#249 = PCURVE('',#100,#250);
#250 = DEFINITIONAL_REPRESENTATION('',(#251),#255);
#251 = LINE('',#252,#253);
#252 = CARTESIAN_POINT('',(152.4,0.));
#253 = VECTOR('',#254,1.);
#254 = DIRECTION('',(0.,-1.));
#255 = ( GEOMETRIC_REPRESENTATION_CONTEXT(2) 
PARAMETRIC_REPRESENTATION_CONTEXT() REPRESENTATION_CONTEXT('2D SPACE',''
  ) );
#256 = PCURVE('',#257,#262);
#257 = PLANE('',#258);
#258 = AXIS2_PLACEMENT_3D('',#259,#260,#261);
#259 = CARTESIAN_POINT('',(0.,254.,0.));
#260 = DIRECTION('',(1.,0.,-0.));
#261 = DIRECTION('',(0.,-1.,0.));
#262 = DEFINITIONAL_REPRESENTATION('',(#263),#267);
#263 = LINE('',#264,#265);
#264 = CARTESIAN_POINT('',(0.,0.));
#265 = VECTOR('',#266,1.);
#266 = DIRECTION('',(0.,-1.));
#267 = ( GEOMETRIC_REPRESENTATION_CONTEXT(2) 
PARAMETRIC_REPRESENTATION_CONTEXT() REPRESENTATION_CONTEXT('2D SPACE',''
  ) );
#268 = ORIENTED_EDGE('',*,*,#269,.F.);
#269 = EDGE_CURVE('',#85,#242,#270,.T.);
#270 = SURFACE_CURVE('',#271,(#275,#282),.PCURVE_S1.);
#271 = LINE('',#272,#273);
#272 = CARTESIAN_POINT('',(152.4,254.,0.));
#273 = VECTOR('',#274,1.);
#274 = DIRECTION('',(-1.,0.,0.));
#275 = PCURVE('',#100,#276);
#276 = DEFINITIONAL_REPRESENTATION('',(#277),#281);
#277 = LINE('',#278,#279);
#278 = CARTESIAN_POINT('',(0.,-0.));
#279 = VECTOR('',#280,1.);
#280 = DIRECTION('',(1.,0.));
#281 = ( GEOMETRIC_REPRESENTATION_CONTEXT(2) 
PARAMETRIC_REPRESENTATION_CONTEXT() REPRESENTATION_CONTEXT('2D SPACE',''
  ) );
#282 = PCURVE('',#126,#283);
#283 = DEFINITIONAL_REPRESENTATION('',(#284),#288);
#284 = LINE('',#285,#286);
#285 = CARTESIAN_POINT('',(48.314520311902,129.67820859329));
#286 = VECTOR('',#287,1.);
#287 = DIRECTION('',(-1.,0.));
#288 = ( GEOMETRIC_REPRESENTATION_CONTEXT(2) 
PARAMETRIC_REPRESENTATION_CONTEXT() REPRESENTATION_CONTEXT('2D SPACE',''
  ) );
#289 = ADVANCED_FACE('',(#290),#159,.F.);
#290 = FACE_BOUND('',#291,.F.);
#291 = EDGE_LOOP('',(#292,#322,#343,#344));
#292 = ORIENTED_EDGE('',*,*,#293,.T.);
#293 = EDGE_CURVE('',#294,#296,#298,.T.);
#294 = VERTEX_POINT('',#295);
#295 = CARTESIAN_POINT('',(193.8274,12.7,0.));
#296 = VERTEX_POINT('',#297);
#297 = CARTESIAN_POINT('',(193.8274,12.7,12.7));
#298 = SURFACE_CURVE('',#299,(#303,#310),.PCURVE_S1.);
#299 = LINE('',#300,#301);
#300 = CARTESIAN_POINT('',(193.8274,12.7,0.));
#301 = VECTOR('',#302,1.);
#302 = DIRECTION('',(0.,0.,1.));
#303 = PCURVE('',#159,#304);
#304 = DEFINITIONAL_REPRESENTATION('',(#305),#309);
#305 = LINE('',#306,#307);
#306 = CARTESIAN_POINT('',(0.,0.));
#307 = VECTOR('',#308,1.);
#308 = DIRECTION('',(0.,-1.));
#309 = ( GEOMETRIC_REPRESENTATION_CONTEXT(2) 
PARAMETRIC_REPRESENTATION_CONTEXT() REPRESENTATION_CONTEXT('2D SPACE',''
  ) );
#310 = PCURVE('',#311,#316);
#311 = PLANE('',#312);
#312 = AXIS2_PLACEMENT_3D('',#313,#314,#315);
#313 = CARTESIAN_POINT('',(193.8274,12.7,0.));
#314 = DIRECTION('',(-1.,0.,0.));
#315 = DIRECTION('',(0.,1.,0.));
#316 = DEFINITIONAL_REPRESENTATION('',(#317),#321);
#317 = LINE('',#318,#319);
#318 = CARTESIAN_POINT('',(0.,0.));
#319 = VECTOR('',#320,1.);
#320 = DIRECTION('',(0.,-1.));
#321 = ( GEOMETRIC_REPRESENTATION_CONTEXT(2) 
PARAMETRIC_REPRESENTATION_CONTEXT() REPRESENTATION_CONTEXT('2D SPACE',''
  ) );
#322 = ORIENTED_EDGE('',*,*,#323,.T.);
#323 = EDGE_CURVE('',#296,#144,#324,.T.);
#324 = SURFACE_CURVE('',#325,(#329,#336),.PCURVE_S1.);
#325 = LINE('',#326,#327);
#326 = CARTESIAN_POINT('',(0.,12.7,12.7));
#327 = VECTOR('',#328,1.);
#328 = DIRECTION('',(1.,0.,0.));
#329 = PCURVE('',#159,#330);
#330 = DEFINITIONAL_REPRESENTATION('',(#331),#335);
#331 = LINE('',#332,#333);
#332 = CARTESIAN_POINT('',(-193.8274,-12.7));
#333 = VECTOR('',#334,1.);
#334 = DIRECTION('',(1.,0.));
#335 = ( GEOMETRIC_REPRESENTATION_CONTEXT(2) 
PARAMETRIC_REPRESENTATION_CONTEXT() REPRESENTATION_CONTEXT('2D SPACE',''
  ) );
#336 = PCURVE('',#72,#337);
#337 = DEFINITIONAL_REPRESENTATION('',(#338),#342);
#338 = LINE('',#339,#340);
#339 = CARTESIAN_POINT('',(-104.085479688,-111.6217914067));
#340 = VECTOR('',#341,1.);
#341 = DIRECTION('',(1.,0.));
#342 = ( GEOMETRIC_REPRESENTATION_CONTEXT(2) 
PARAMETRIC_REPRESENTATION_CONTEXT() REPRESENTATION_CONTEXT('2D SPACE',''
  ) );
#343 = ORIENTED_EDGE('',*,*,#141,.F.);
#344 = ORIENTED_EDGE('',*,*,#345,.F.);
#345 = EDGE_CURVE('',#294,#142,#346,.T.);
#346 = SURFACE_CURVE('',#347,(#351,#358),.PCURVE_S1.);
#347 = LINE('',#348,#349);
#348 = CARTESIAN_POINT('',(0.,12.7,0.));
#349 = VECTOR('',#350,1.);
#350 = DIRECTION('',(1.,0.,0.));
#351 = PCURVE('',#159,#352);
#352 = DEFINITIONAL_REPRESENTATION('',(#353),#357);
#353 = LINE('',#354,#355);
#354 = CARTESIAN_POINT('',(-193.8274,0.));
#355 = VECTOR('',#356,1.);
#356 = DIRECTION('',(1.,0.));
#357 = ( GEOMETRIC_REPRESENTATION_CONTEXT(2) 
PARAMETRIC_REPRESENTATION_CONTEXT() REPRESENTATION_CONTEXT('2D SPACE',''
  ) );
#358 = PCURVE('',#126,#359);
#359 = DEFINITIONAL_REPRESENTATION('',(#360),#364);
#360 = LINE('',#361,#362);
#361 = CARTESIAN_POINT('',(-104.085479688,-111.6217914067));
#362 = VECTOR('',#363,1.);
#363 = DIRECTION('',(1.,0.));
#364 = ( GEOMETRIC_REPRESENTATION_CONTEXT(2) 
PARAMETRIC_REPRESENTATION_CONTEXT() REPRESENTATION_CONTEXT('2D SPACE',''
  ) );
#365 = ADVANCED_FACE('',(#366),#257,.F.);
#366 = FACE_BOUND('',#367,.F.);
#367 = EDGE_LOOP('',(#368,#369,#392,#420));
#368 = ORIENTED_EDGE('',*,*,#241,.T.);
#369 = ORIENTED_EDGE('',*,*,#370,.T.);
#370 = EDGE_CURVE('',#219,#371,#373,.T.);
#371 = VERTEX_POINT('',#372);
#372 = CARTESIAN_POINT('',(0.,12.7,12.7));
#373 = SURFACE_CURVE('',#374,(#378,#385),.PCURVE_S1.);
#374 = LINE('',#375,#376);
#375 = CARTESIAN_POINT('',(0.,254.,12.7));
#376 = VECTOR('',#377,1.);
#377 = DIRECTION('',(0.,-1.,0.));
#378 = PCURVE('',#257,#379);
#379 = DEFINITIONAL_REPRESENTATION('',(#380),#384);
#380 = LINE('',#381,#382);
#381 = CARTESIAN_POINT('',(0.,-12.7));
#382 = VECTOR('',#383,1.);
#383 = DIRECTION('',(1.,0.));
#384 = ( GEOMETRIC_REPRESENTATION_CONTEXT(2) 
PARAMETRIC_REPRESENTATION_CONTEXT() REPRESENTATION_CONTEXT('2D SPACE',''
  ) );
#385 = PCURVE('',#72,#386);
#386 = DEFINITIONAL_REPRESENTATION('',(#387),#391);
#387 = LINE('',#388,#389);
#388 = CARTESIAN_POINT('',(-104.085479688,129.67820859329));
#389 = VECTOR('',#390,1.);
#390 = DIRECTION('',(0.,-1.));
#391 = ( GEOMETRIC_REPRESENTATION_CONTEXT(2) 
PARAMETRIC_REPRESENTATION_CONTEXT() REPRESENTATION_CONTEXT('2D SPACE',''
  ) );
#392 = ORIENTED_EDGE('',*,*,#393,.F.);
#393 = EDGE_CURVE('',#394,#371,#396,.T.);
#394 = VERTEX_POINT('',#395);
#395 = CARTESIAN_POINT('',(0.,12.7,0.));
#396 = SURFACE_CURVE('',#397,(#401,#408),.PCURVE_S1.);
#397 = LINE('',#398,#399);
#398 = CARTESIAN_POINT('',(0.,12.7,0.));
#399 = VECTOR('',#400,1.);
#400 = DIRECTION('',(0.,0.,1.));
#401 = PCURVE('',#257,#402);
#402 = DEFINITIONAL_REPRESENTATION('',(#403),#407);
#403 = LINE('',#404,#405);
#404 = CARTESIAN_POINT('',(241.3,0.));
#405 = VECTOR('',#406,1.);
#406 = DIRECTION('',(0.,-1.));
#407 = ( GEOMETRIC_REPRESENTATION_CONTEXT(2) 
PARAMETRIC_REPRESENTATION_CONTEXT() REPRESENTATION_CONTEXT('2D SPACE',''
  ) );
#408 = PCURVE('',#409,#414);
#409 = PLANE('',#410);
#410 = AXIS2_PLACEMENT_3D('',#411,#412,#413);
#411 = CARTESIAN_POINT('',(0.,12.7,0.));
#412 = DIRECTION('',(0.,1.,0.));
#413 = DIRECTION('',(1.,0.,0.));
#414 = DEFINITIONAL_REPRESENTATION('',(#415),#419);
#415 = LINE('',#416,#417);
#416 = CARTESIAN_POINT('',(0.,0.));
#417 = VECTOR('',#418,1.);
#418 = DIRECTION('',(0.,-1.));
#419 = ( GEOMETRIC_REPRESENTATION_CONTEXT(2) 
PARAMETRIC_REPRESENTATION_CONTEXT() REPRESENTATION_CONTEXT('2D SPACE',''
  ) );
#420 = ORIENTED_EDGE('',*,*,#421,.F.);
#421 = EDGE_CURVE('',#242,#394,#422,.T.);
#422 = SURFACE_CURVE('',#423,(#427,#434),.PCURVE_S1.);
#423 = LINE('',#424,#425);
#424 = CARTESIAN_POINT('',(0.,254.,0.));
#425 = VECTOR('',#426,1.);
#426 = DIRECTION('',(0.,-1.,0.));
#427 = PCURVE('',#257,#428);
#428 = DEFINITIONAL_REPRESENTATION('',(#429),#433);
#429 = LINE('',#430,#431);
#430 = CARTESIAN_POINT('',(0.,0.));
#431 = VECTOR('',#432,1.);
#432 = DIRECTION('',(1.,0.));
#433 = ( GEOMETRIC_REPRESENTATION_CONTEXT(2) 
PARAMETRIC_REPRESENTATION_CONTEXT() REPRESENTATION_CONTEXT('2D SPACE',''
  ) );
#434 = PCURVE('',#126,#435);
#435 = DEFINITIONAL_REPRESENTATION('',(#436),#440);
#436 = LINE('',#437,#438);
#437 = CARTESIAN_POINT('',(-104.085479688,129.67820859329));
#438 = VECTOR('',#439,1.);
#439 = DIRECTION('',(0.,-1.));
#440 = ( GEOMETRIC_REPRESENTATION_CONTEXT(2) 
PARAMETRIC_REPRESENTATION_CONTEXT() REPRESENTATION_CONTEXT('2D SPACE',''
  ) );
#441 = ADVANCED_FACE('',(#442),#311,.T.);
#442 = FACE_BOUND('',#443,.T.);
#443 = EDGE_LOOP('',(#444,#445,#468,#496));
#444 = ORIENTED_EDGE('',*,*,#293,.T.);
#445 = ORIENTED_EDGE('',*,*,#446,.T.);
#446 = EDGE_CURVE('',#296,#447,#449,.T.);
#447 = VERTEX_POINT('',#448);
#448 = CARTESIAN_POINT('',(193.8274,31.75,12.7));
#449 = SURFACE_CURVE('',#450,(#454,#461),.PCURVE_S1.);
#450 = LINE('',#451,#452);
#451 = CARTESIAN_POINT('',(193.8274,32.54375,12.7));
#452 = VECTOR('',#453,1.);
#453 = DIRECTION('',(0.,1.,0.));
#454 = PCURVE('',#311,#455);
#455 = DEFINITIONAL_REPRESENTATION('',(#456),#460);
#456 = LINE('',#457,#458);
#457 = CARTESIAN_POINT('',(19.84375,-12.7));
#458 = VECTOR('',#459,1.);
#459 = DIRECTION('',(1.,0.));
#460 = ( GEOMETRIC_REPRESENTATION_CONTEXT(2) 
PARAMETRIC_REPRESENTATION_CONTEXT() REPRESENTATION_CONTEXT('2D SPACE',''
  ) );
#461 = PCURVE('',#72,#462);
#462 = DEFINITIONAL_REPRESENTATION('',(#463),#467);
#463 = LINE('',#464,#465);
#464 = CARTESIAN_POINT('',(89.741920311902,-91.7780414067));
#465 = VECTOR('',#466,1.);
#466 = DIRECTION('',(0.,1.));
#467 = ( GEOMETRIC_REPRESENTATION_CONTEXT(2) 
PARAMETRIC_REPRESENTATION_CONTEXT() REPRESENTATION_CONTEXT('2D SPACE',''
  ) );
#468 = ORIENTED_EDGE('',*,*,#469,.F.);
#469 = EDGE_CURVE('',#470,#447,#472,.T.);
#470 = VERTEX_POINT('',#471);
#471 = CARTESIAN_POINT('',(193.8274,31.75,0.));
#472 = SURFACE_CURVE('',#473,(#477,#484),.PCURVE_S1.);
#473 = LINE('',#474,#475);
#474 = CARTESIAN_POINT('',(193.8274,31.75,0.));
#475 = VECTOR('',#476,1.);
#476 = DIRECTION('',(0.,0.,1.));
#477 = PCURVE('',#311,#478);
#478 = DEFINITIONAL_REPRESENTATION('',(#479),#483);
#479 = LINE('',#480,#481);
#480 = CARTESIAN_POINT('',(19.05,0.));
#481 = VECTOR('',#482,1.);
#482 = DIRECTION('',(0.,-1.));
#483 = ( GEOMETRIC_REPRESENTATION_CONTEXT(2) 
PARAMETRIC_REPRESENTATION_CONTEXT() REPRESENTATION_CONTEXT('2D SPACE',''
  ) );
#484 = PCURVE('',#485,#490);
#485 = PLANE('',#486);
#486 = AXIS2_PLACEMENT_3D('',#487,#488,#489);
#487 = CARTESIAN_POINT('',(193.8274,31.75,0.));
#488 = DIRECTION('',(0.,1.,0.));
#489 = DIRECTION('',(1.,0.,0.));
#490 = DEFINITIONAL_REPRESENTATION('',(#491),#495);
#491 = LINE('',#492,#493);
#492 = CARTESIAN_POINT('',(0.,0.));
#493 = VECTOR('',#494,1.);
#494 = DIRECTION('',(0.,-1.));
#495 = ( GEOMETRIC_REPRESENTATION_CONTEXT(2) 
PARAMETRIC_REPRESENTATION_CONTEXT() REPRESENTATION_CONTEXT('2D SPACE',''
  ) );
#496 = ORIENTED_EDGE('',*,*,#497,.F.);
#497 = EDGE_CURVE('',#294,#470,#498,.T.);
#498 = SURFACE_CURVE('',#499,(#503,#510),.PCURVE_S1.);
#499 = LINE('',#500,#501);
#500 = CARTESIAN_POINT('',(193.8274,32.54375,0.));
#501 = VECTOR('',#502,1.);
#502 = DIRECTION('',(0.,1.,0.));
#503 = PCURVE('',#311,#504);
#504 = DEFINITIONAL_REPRESENTATION('',(#505),#509);
#505 = LINE('',#506,#507);
#506 = CARTESIAN_POINT('',(19.84375,0.));
#507 = VECTOR('',#508,1.);
#508 = DIRECTION('',(1.,0.));
#509 = ( GEOMETRIC_REPRESENTATION_CONTEXT(2) 
PARAMETRIC_REPRESENTATION_CONTEXT() REPRESENTATION_CONTEXT('2D SPACE',''
  ) );
#510 = PCURVE('',#126,#511);
#511 = DEFINITIONAL_REPRESENTATION('',(#512),#516);
#512 = LINE('',#513,#514);
#513 = CARTESIAN_POINT('',(89.741920311902,-91.7780414067));
#514 = VECTOR('',#515,1.);
#515 = DIRECTION('',(0.,1.));
#516 = ( GEOMETRIC_REPRESENTATION_CONTEXT(2) 
PARAMETRIC_REPRESENTATION_CONTEXT() REPRESENTATION_CONTEXT('2D SPACE',''
  ) );
#517 = ADVANCED_FACE('',(#518),#409,.F.);
#518 = FACE_BOUND('',#519,.F.);
#519 = EDGE_LOOP('',(#520,#521,#544,#572));
#520 = ORIENTED_EDGE('',*,*,#393,.T.);
#521 = ORIENTED_EDGE('',*,*,#522,.T.);
#522 = EDGE_CURVE('',#371,#523,#525,.T.);
#523 = VERTEX_POINT('',#524);
#524 = CARTESIAN_POINT('',(47.4726,12.7,12.7));
#525 = SURFACE_CURVE('',#526,(#530,#537),.PCURVE_S1.);
#526 = LINE('',#527,#528);
#527 = CARTESIAN_POINT('',(0.,12.7,12.7));
#528 = VECTOR('',#529,1.);
#529 = DIRECTION('',(1.,0.,0.));
#530 = PCURVE('',#409,#531);
#531 = DEFINITIONAL_REPRESENTATION('',(#532),#536);
#532 = LINE('',#533,#534);
#533 = CARTESIAN_POINT('',(0.,-12.7));
#534 = VECTOR('',#535,1.);
#535 = DIRECTION('',(1.,0.));
#536 = ( GEOMETRIC_REPRESENTATION_CONTEXT(2) 
PARAMETRIC_REPRESENTATION_CONTEXT() REPRESENTATION_CONTEXT('2D SPACE',''
  ) );
#537 = PCURVE('',#72,#538);
#538 = DEFINITIONAL_REPRESENTATION('',(#539),#543);
#539 = LINE('',#540,#541);
#540 = CARTESIAN_POINT('',(-104.085479688,-111.6217914067));
#541 = VECTOR('',#542,1.);
#542 = DIRECTION('',(1.,0.));
#543 = ( GEOMETRIC_REPRESENTATION_CONTEXT(2) 
PARAMETRIC_REPRESENTATION_CONTEXT() REPRESENTATION_CONTEXT('2D SPACE',''
  ) );
#544 = ORIENTED_EDGE('',*,*,#545,.F.);
#545 = EDGE_CURVE('',#546,#523,#548,.T.);
#546 = VERTEX_POINT('',#547);
#547 = CARTESIAN_POINT('',(47.4726,12.7,0.));
#548 = SURFACE_CURVE('',#549,(#553,#560),.PCURVE_S1.);
#549 = LINE('',#550,#551);
#550 = CARTESIAN_POINT('',(47.4726,12.7,0.));
#551 = VECTOR('',#552,1.);
#552 = DIRECTION('',(0.,0.,1.));
#553 = PCURVE('',#409,#554);
#554 = DEFINITIONAL_REPRESENTATION('',(#555),#559);
#555 = LINE('',#556,#557);
#556 = CARTESIAN_POINT('',(47.4726,0.));
#557 = VECTOR('',#558,1.);
#558 = DIRECTION('',(0.,-1.));
#559 = ( GEOMETRIC_REPRESENTATION_CONTEXT(2) 
PARAMETRIC_REPRESENTATION_CONTEXT() REPRESENTATION_CONTEXT('2D SPACE',''
  ) );
#560 = PCURVE('',#561,#566);
#561 = PLANE('',#562);
#562 = AXIS2_PLACEMENT_3D('',#563,#564,#565);
#563 = CARTESIAN_POINT('',(47.4726,12.7,0.));
#564 = DIRECTION('',(-1.,0.,0.));
#565 = DIRECTION('',(0.,1.,0.));
#566 = DEFINITIONAL_REPRESENTATION('',(#567),#571);
#567 = LINE('',#568,#569);
#568 = CARTESIAN_POINT('',(0.,0.));
#569 = VECTOR('',#570,1.);
#570 = DIRECTION('',(0.,-1.));
#571 = ( GEOMETRIC_REPRESENTATION_CONTEXT(2) 
PARAMETRIC_REPRESENTATION_CONTEXT() REPRESENTATION_CONTEXT('2D SPACE',''
  ) );
#572 = ORIENTED_EDGE('',*,*,#573,.F.);
#573 = EDGE_CURVE('',#394,#546,#574,.T.);
#574 = SURFACE_CURVE('',#575,(#579,#586),.PCURVE_S1.);
#575 = LINE('',#576,#577);
#576 = CARTESIAN_POINT('',(0.,12.7,0.));
#577 = VECTOR('',#578,1.);
#578 = DIRECTION('',(1.,0.,0.));
#579 = PCURVE('',#409,#580);
#580 = DEFINITIONAL_REPRESENTATION('',(#581),#585);
#581 = LINE('',#582,#583);
#582 = CARTESIAN_POINT('',(0.,0.));
#583 = VECTOR('',#584,1.);
#584 = DIRECTION('',(1.,0.));
#585 = ( GEOMETRIC_REPRESENTATION_CONTEXT(2) 
PARAMETRIC_REPRESENTATION_CONTEXT() REPRESENTATION_CONTEXT('2D SPACE',''
  ) );
#586 = PCURVE('',#126,#587);
#587 = DEFINITIONAL_REPRESENTATION('',(#588),#592);
#588 = LINE('',#589,#590);
#589 = CARTESIAN_POINT('',(-104.085479688,-111.6217914067));
#590 = VECTOR('',#591,1.);
#591 = DIRECTION('',(1.,0.));
#592 = ( GEOMETRIC_REPRESENTATION_CONTEXT(2) 
PARAMETRIC_REPRESENTATION_CONTEXT() REPRESENTATION_CONTEXT('2D SPACE',''
  ) );
#593 = ADVANCED_FACE('',(#594),#485,.T.);
#594 = FACE_BOUND('',#595,.T.);
#595 = EDGE_LOOP('',(#596,#597,#620,#648));
#596 = ORIENTED_EDGE('',*,*,#469,.T.);
#597 = ORIENTED_EDGE('',*,*,#598,.T.);
#598 = EDGE_CURVE('',#447,#599,#601,.T.);
#599 = VERTEX_POINT('',#600);
#600 = CARTESIAN_POINT('',(196.20865,31.75,12.7));
#601 = SURFACE_CURVE('',#602,(#606,#613),.PCURVE_S1.);
#602 = LINE('',#603,#604);
#603 = CARTESIAN_POINT('',(190.5,31.75,12.7));
#604 = VECTOR('',#605,1.);
#605 = DIRECTION('',(1.,0.,0.));
#606 = PCURVE('',#485,#607);
#607 = DEFINITIONAL_REPRESENTATION('',(#608),#612);
#608 = LINE('',#609,#610);
#609 = CARTESIAN_POINT('',(-3.3274,-12.7));
#610 = VECTOR('',#611,1.);
#611 = DIRECTION('',(1.,0.));
#612 = ( GEOMETRIC_REPRESENTATION_CONTEXT(2) 
PARAMETRIC_REPRESENTATION_CONTEXT() REPRESENTATION_CONTEXT('2D SPACE',''
  ) );
#613 = PCURVE('',#72,#614);
#614 = DEFINITIONAL_REPRESENTATION('',(#615),#619);
#615 = LINE('',#616,#617);
#616 = CARTESIAN_POINT('',(86.414520311902,-92.5717914067));
#617 = VECTOR('',#618,1.);
#618 = DIRECTION('',(1.,0.));
#619 = ( GEOMETRIC_REPRESENTATION_CONTEXT(2) 
PARAMETRIC_REPRESENTATION_CONTEXT() REPRESENTATION_CONTEXT('2D SPACE',''
  ) );
#620 = ORIENTED_EDGE('',*,*,#621,.F.);
#621 = EDGE_CURVE('',#622,#599,#624,.T.);
#622 = VERTEX_POINT('',#623);
#623 = CARTESIAN_POINT('',(196.20865,31.75,0.));
#624 = SURFACE_CURVE('',#625,(#629,#636),.PCURVE_S1.);
#625 = LINE('',#626,#627);
#626 = CARTESIAN_POINT('',(196.20865,31.75,0.));
#627 = VECTOR('',#628,1.);
#628 = DIRECTION('',(0.,0.,1.));
#629 = PCURVE('',#485,#630);
#630 = DEFINITIONAL_REPRESENTATION('',(#631),#635);
#631 = LINE('',#632,#633);
#632 = CARTESIAN_POINT('',(2.38125,0.));
#633 = VECTOR('',#634,1.);
#634 = DIRECTION('',(0.,-1.));
#635 = ( GEOMETRIC_REPRESENTATION_CONTEXT(2) 
PARAMETRIC_REPRESENTATION_CONTEXT() REPRESENTATION_CONTEXT('2D SPACE',''
  ) );
#636 = PCURVE('',#637,#642);
#637 = PLANE('',#638);
#638 = AXIS2_PLACEMENT_3D('',#639,#640,#641);
#639 = CARTESIAN_POINT('',(196.20865,31.75,0.));
#640 = DIRECTION('',(-1.,0.,0.));
#641 = DIRECTION('',(0.,1.,0.));
#642 = DEFINITIONAL_REPRESENTATION('',(#643),#647);
#643 = LINE('',#644,#645);
#644 = CARTESIAN_POINT('',(0.,0.));
#645 = VECTOR('',#646,1.);
#646 = DIRECTION('',(0.,-1.));
#647 = ( GEOMETRIC_REPRESENTATION_CONTEXT(2) 
PARAMETRIC_REPRESENTATION_CONTEXT() REPRESENTATION_CONTEXT('2D SPACE',''
  ) );
#648 = ORIENTED_EDGE('',*,*,#649,.F.);
#649 = EDGE_CURVE('',#470,#622,#650,.T.);
#650 = SURFACE_CURVE('',#651,(#655,#662),.PCURVE_S1.);
#651 = LINE('',#652,#653);
#652 = CARTESIAN_POINT('',(190.5,31.75,0.));
#653 = VECTOR('',#654,1.);
#654 = DIRECTION('',(1.,0.,0.));
#655 = PCURVE('',#485,#656);
#656 = DEFINITIONAL_REPRESENTATION('',(#657),#661);
#657 = LINE('',#658,#659);
#658 = CARTESIAN_POINT('',(-3.3274,0.));
#659 = VECTOR('',#660,1.);
#660 = DIRECTION('',(1.,0.));
#661 = ( GEOMETRIC_REPRESENTATION_CONTEXT(2) 
PARAMETRIC_REPRESENTATION_CONTEXT() REPRESENTATION_CONTEXT('2D SPACE',''
  ) );
#662 = PCURVE('',#126,#663);
#663 = DEFINITIONAL_REPRESENTATION('',(#664),#668);
#664 = LINE('',#665,#666);
#665 = CARTESIAN_POINT('',(86.414520311902,-92.5717914067));
#666 = VECTOR('',#667,1.);
#667 = DIRECTION('',(1.,0.));
#668 = ( GEOMETRIC_REPRESENTATION_CONTEXT(2) 
PARAMETRIC_REPRESENTATION_CONTEXT() REPRESENTATION_CONTEXT('2D SPACE',''
  ) );
#669 = ADVANCED_FACE('',(#670),#561,.F.);
#670 = FACE_BOUND('',#671,.F.);
#671 = EDGE_LOOP('',(#672,#673,#696,#724));
#672 = ORIENTED_EDGE('',*,*,#545,.T.);
#673 = ORIENTED_EDGE('',*,*,#674,.T.);
#674 = EDGE_CURVE('',#523,#675,#677,.T.);
#675 = VERTEX_POINT('',#676);
#676 = CARTESIAN_POINT('',(47.4726,31.75,12.7));
#677 = SURFACE_CURVE('',#678,(#682,#689),.PCURVE_S1.);
#678 = LINE('',#679,#680);
#679 = CARTESIAN_POINT('',(47.4726,32.54375,12.7));
#680 = VECTOR('',#681,1.);
#681 = DIRECTION('',(0.,1.,0.));
#682 = PCURVE('',#561,#683);
#683 = DEFINITIONAL_REPRESENTATION('',(#684),#688);
#684 = LINE('',#685,#686);
#685 = CARTESIAN_POINT('',(19.84375,-12.7));
#686 = VECTOR('',#687,1.);
#687 = DIRECTION('',(1.,0.));
#688 = ( GEOMETRIC_REPRESENTATION_CONTEXT(2) 
PARAMETRIC_REPRESENTATION_CONTEXT() REPRESENTATION_CONTEXT('2D SPACE',''
  ) );
#689 = PCURVE('',#72,#690);
#690 = DEFINITIONAL_REPRESENTATION('',(#691),#695);
#691 = LINE('',#692,#693);
#692 = CARTESIAN_POINT('',(-56.61287968809,-91.7780414067));
#693 = VECTOR('',#694,1.);
#694 = DIRECTION('',(0.,1.));
#695 = ( GEOMETRIC_REPRESENTATION_CONTEXT(2) 
PARAMETRIC_REPRESENTATION_CONTEXT() REPRESENTATION_CONTEXT('2D SPACE',''
  ) );
#696 = ORIENTED_EDGE('',*,*,#697,.F.);
#697 = EDGE_CURVE('',#698,#675,#700,.T.);
#698 = VERTEX_POINT('',#699);
#699 = CARTESIAN_POINT('',(47.4726,31.75,0.));
#700 = SURFACE_CURVE('',#701,(#705,#712),.PCURVE_S1.);
#701 = LINE('',#702,#703);
#702 = CARTESIAN_POINT('',(47.4726,31.75,0.));
#703 = VECTOR('',#704,1.);
#704 = DIRECTION('',(0.,0.,1.));
#705 = PCURVE('',#561,#706);
#706 = DEFINITIONAL_REPRESENTATION('',(#707),#711);
#707 = LINE('',#708,#709);
#708 = CARTESIAN_POINT('',(19.05,0.));
#709 = VECTOR('',#710,1.);
#710 = DIRECTION('',(0.,-1.));
#711 = ( GEOMETRIC_REPRESENTATION_CONTEXT(2) 
PARAMETRIC_REPRESENTATION_CONTEXT() REPRESENTATION_CONTEXT('2D SPACE',''
  ) );
#712 = PCURVE('',#713,#718);
#713 = PLANE('',#714);
#714 = AXIS2_PLACEMENT_3D('',#715,#716,#717);
#715 = CARTESIAN_POINT('',(45.09135,31.75,0.));
#716 = DIRECTION('',(0.,1.,0.));
#717 = DIRECTION('',(1.,0.,0.));
#718 = DEFINITIONAL_REPRESENTATION('',(#719),#723);
#719 = LINE('',#720,#721);
#720 = CARTESIAN_POINT('',(2.38125,0.));
#721 = VECTOR('',#722,1.);
#722 = DIRECTION('',(0.,-1.));
#723 = ( GEOMETRIC_REPRESENTATION_CONTEXT(2) 
PARAMETRIC_REPRESENTATION_CONTEXT() REPRESENTATION_CONTEXT('2D SPACE',''
  ) );
#724 = ORIENTED_EDGE('',*,*,#725,.F.);
#725 = EDGE_CURVE('',#546,#698,#726,.T.);
#726 = SURFACE_CURVE('',#727,(#731,#738),.PCURVE_S1.);
#727 = LINE('',#728,#729);
#728 = CARTESIAN_POINT('',(47.4726,32.54375,0.));
#729 = VECTOR('',#730,1.);
#730 = DIRECTION('',(0.,1.,0.));
#731 = PCURVE('',#561,#732);
#732 = DEFINITIONAL_REPRESENTATION('',(#733),#737);
#733 = LINE('',#734,#735);
#734 = CARTESIAN_POINT('',(19.84375,0.));
#735 = VECTOR('',#736,1.);
#736 = DIRECTION('',(1.,0.));
#737 = ( GEOMETRIC_REPRESENTATION_CONTEXT(2) 
PARAMETRIC_REPRESENTATION_CONTEXT() REPRESENTATION_CONTEXT('2D SPACE',''
  ) );
#738 = PCURVE('',#126,#739);
#739 = DEFINITIONAL_REPRESENTATION('',(#740),#744);
#740 = LINE('',#741,#742);
#741 = CARTESIAN_POINT('',(-56.61287968809,-91.7780414067));
#742 = VECTOR('',#743,1.);
#743 = DIRECTION('',(0.,1.));
#744 = ( GEOMETRIC_REPRESENTATION_CONTEXT(2) 
PARAMETRIC_REPRESENTATION_CONTEXT() REPRESENTATION_CONTEXT('2D SPACE',''
  ) );
#745 = ADVANCED_FACE('',(#746),#637,.T.);
#746 = FACE_BOUND('',#747,.T.);
#747 = EDGE_LOOP('',(#748,#749,#772,#800));
#748 = ORIENTED_EDGE('',*,*,#621,.T.);
#749 = ORIENTED_EDGE('',*,*,#750,.T.);
#750 = EDGE_CURVE('',#599,#751,#753,.T.);
#751 = VERTEX_POINT('',#752);
#752 = CARTESIAN_POINT('',(196.20865,37.6174,12.7));
#753 = SURFACE_CURVE('',#754,(#758,#765),.PCURVE_S1.);
#754 = LINE('',#755,#756);
#755 = CARTESIAN_POINT('',(196.20865,34.6837,12.7));
#756 = VECTOR('',#757,1.);
#757 = DIRECTION('',(0.,1.,0.));
#758 = PCURVE('',#637,#759);
#759 = DEFINITIONAL_REPRESENTATION('',(#760),#764);
#760 = LINE('',#761,#762);
#761 = CARTESIAN_POINT('',(2.9337,-12.7));
#762 = VECTOR('',#763,1.);
#763 = DIRECTION('',(1.,0.));
#764 = ( GEOMETRIC_REPRESENTATION_CONTEXT(2) 
PARAMETRIC_REPRESENTATION_CONTEXT() REPRESENTATION_CONTEXT('2D SPACE',''
  ) );
#765 = PCURVE('',#72,#766);
#766 = DEFINITIONAL_REPRESENTATION('',(#767),#771);
#767 = LINE('',#768,#769);
#768 = CARTESIAN_POINT('',(92.123170311902,-89.6380914067));
#769 = VECTOR('',#770,1.);
#770 = DIRECTION('',(0.,1.));
#771 = ( GEOMETRIC_REPRESENTATION_CONTEXT(2) 
PARAMETRIC_REPRESENTATION_CONTEXT() REPRESENTATION_CONTEXT('2D SPACE',''
  ) );
#772 = ORIENTED_EDGE('',*,*,#773,.F.);
#773 = EDGE_CURVE('',#774,#751,#776,.T.);
#774 = VERTEX_POINT('',#775);
#775 = CARTESIAN_POINT('',(196.20865,37.6174,0.));
#776 = SURFACE_CURVE('',#777,(#781,#788),.PCURVE_S1.);
#777 = LINE('',#778,#779);
#778 = CARTESIAN_POINT('',(196.20865,37.6174,0.));
#779 = VECTOR('',#780,1.);
#780 = DIRECTION('',(0.,0.,1.));
#781 = PCURVE('',#637,#782);
#782 = DEFINITIONAL_REPRESENTATION('',(#783),#787);
#783 = LINE('',#784,#785);
#784 = CARTESIAN_POINT('',(5.8674,0.));
#785 = VECTOR('',#786,1.);
#786 = DIRECTION('',(0.,-1.));
#787 = ( GEOMETRIC_REPRESENTATION_CONTEXT(2) 
PARAMETRIC_REPRESENTATION_CONTEXT() REPRESENTATION_CONTEXT('2D SPACE',''
  ) );
#788 = PCURVE('',#789,#794);
#789 = PLANE('',#790);
#790 = AXIS2_PLACEMENT_3D('',#791,#792,#793);
#791 = CARTESIAN_POINT('',(193.8274,37.6174,0.));
#792 = DIRECTION('',(0.,1.,0.));
#793 = DIRECTION('',(1.,0.,0.));
#794 = DEFINITIONAL_REPRESENTATION('',(#795),#799);
#795 = LINE('',#796,#797);
#796 = CARTESIAN_POINT('',(2.38125,0.));
#797 = VECTOR('',#798,1.);
#798 = DIRECTION('',(0.,-1.));
#799 = ( GEOMETRIC_REPRESENTATION_CONTEXT(2) 
PARAMETRIC_REPRESENTATION_CONTEXT() REPRESENTATION_CONTEXT('2D SPACE',''
  ) );
#800 = ORIENTED_EDGE('',*,*,#801,.F.);
#801 = EDGE_CURVE('',#622,#774,#802,.T.);
#802 = SURFACE_CURVE('',#803,(#807,#814),.PCURVE_S1.);
#803 = LINE('',#804,#805);
#804 = CARTESIAN_POINT('',(196.20865,34.6837,0.));
#805 = VECTOR('',#806,1.);
#806 = DIRECTION('',(0.,1.,0.));
#807 = PCURVE('',#637,#808);
#808 = DEFINITIONAL_REPRESENTATION('',(#809),#813);
#809 = LINE('',#810,#811);
#810 = CARTESIAN_POINT('',(2.9337,0.));
#811 = VECTOR('',#812,1.);
#812 = DIRECTION('',(1.,0.));
#813 = ( GEOMETRIC_REPRESENTATION_CONTEXT(2) 
PARAMETRIC_REPRESENTATION_CONTEXT() REPRESENTATION_CONTEXT('2D SPACE',''
  ) );
#814 = PCURVE('',#126,#815);
#815 = DEFINITIONAL_REPRESENTATION('',(#816),#820);
#816 = LINE('',#817,#818);
#817 = CARTESIAN_POINT('',(92.123170311902,-89.6380914067));
#818 = VECTOR('',#819,1.);
#819 = DIRECTION('',(0.,1.));
#820 = ( GEOMETRIC_REPRESENTATION_CONTEXT(2) 
PARAMETRIC_REPRESENTATION_CONTEXT() REPRESENTATION_CONTEXT('2D SPACE',''
  ) );
#821 = ADVANCED_FACE('',(#822),#713,.T.);
#822 = FACE_BOUND('',#823,.T.);
#823 = EDGE_LOOP('',(#824,#854,#875,#876));
#824 = ORIENTED_EDGE('',*,*,#825,.T.);
#825 = EDGE_CURVE('',#826,#828,#830,.T.);
#826 = VERTEX_POINT('',#827);
#827 = CARTESIAN_POINT('',(45.09135,31.75,0.));
#828 = VERTEX_POINT('',#829);
#829 = CARTESIAN_POINT('',(45.09135,31.75,12.7));
#830 = SURFACE_CURVE('',#831,(#835,#842),.PCURVE_S1.);
#831 = LINE('',#832,#833);
#832 = CARTESIAN_POINT('',(45.09135,31.75,0.));
#833 = VECTOR('',#834,1.);
#834 = DIRECTION('',(0.,0.,1.));
#835 = PCURVE('',#713,#836);
#836 = DEFINITIONAL_REPRESENTATION('',(#837),#841);
#837 = LINE('',#838,#839);
#838 = CARTESIAN_POINT('',(0.,0.));
#839 = VECTOR('',#840,1.);
#840 = DIRECTION('',(0.,-1.));
#841 = ( GEOMETRIC_REPRESENTATION_CONTEXT(2) 
PARAMETRIC_REPRESENTATION_CONTEXT() REPRESENTATION_CONTEXT('2D SPACE',''
  ) );
#842 = PCURVE('',#843,#848);
#843 = PLANE('',#844);
#844 = AXIS2_PLACEMENT_3D('',#845,#846,#847);
#845 = CARTESIAN_POINT('',(45.09135,31.75,0.));
#846 = DIRECTION('',(-1.,0.,0.));
#847 = DIRECTION('',(0.,1.,0.));
#848 = DEFINITIONAL_REPRESENTATION('',(#849),#853);
#849 = LINE('',#850,#851);
#850 = CARTESIAN_POINT('',(0.,0.));
#851 = VECTOR('',#852,1.);
#852 = DIRECTION('',(0.,-1.));
#853 = ( GEOMETRIC_REPRESENTATION_CONTEXT(2) 
PARAMETRIC_REPRESENTATION_CONTEXT() REPRESENTATION_CONTEXT('2D SPACE',''
  ) );
#854 = ORIENTED_EDGE('',*,*,#855,.T.);
#855 = EDGE_CURVE('',#828,#675,#856,.T.);
#856 = SURFACE_CURVE('',#857,(#861,#868),.PCURVE_S1.);
#857 = LINE('',#858,#859);
#858 = CARTESIAN_POINT('',(50.8,31.75,12.7));
#859 = VECTOR('',#860,1.);
#860 = DIRECTION('',(1.,0.,0.));
#861 = PCURVE('',#713,#862);
#862 = DEFINITIONAL_REPRESENTATION('',(#863),#867);
#863 = LINE('',#864,#865);
#864 = CARTESIAN_POINT('',(5.70865,-12.7));
#865 = VECTOR('',#866,1.);
#866 = DIRECTION('',(1.,0.));
#867 = ( GEOMETRIC_REPRESENTATION_CONTEXT(2) 
PARAMETRIC_REPRESENTATION_CONTEXT() REPRESENTATION_CONTEXT('2D SPACE',''
  ) );
#868 = PCURVE('',#72,#869);
#869 = DEFINITIONAL_REPRESENTATION('',(#870),#874);
#870 = LINE('',#871,#872);
#871 = CARTESIAN_POINT('',(-53.28547968809,-92.5717914067));
#872 = VECTOR('',#873,1.);
#873 = DIRECTION('',(1.,0.));
#874 = ( GEOMETRIC_REPRESENTATION_CONTEXT(2) 
PARAMETRIC_REPRESENTATION_CONTEXT() REPRESENTATION_CONTEXT('2D SPACE',''
  ) );
#875 = ORIENTED_EDGE('',*,*,#697,.F.);
#876 = ORIENTED_EDGE('',*,*,#877,.F.);
#877 = EDGE_CURVE('',#826,#698,#878,.T.);
#878 = SURFACE_CURVE('',#879,(#883,#890),.PCURVE_S1.);
#879 = LINE('',#880,#881);
#880 = CARTESIAN_POINT('',(50.8,31.75,0.));
#881 = VECTOR('',#882,1.);
#882 = DIRECTION('',(1.,0.,0.));
#883 = PCURVE('',#713,#884);
#884 = DEFINITIONAL_REPRESENTATION('',(#885),#889);
#885 = LINE('',#886,#887);
#886 = CARTESIAN_POINT('',(5.70865,0.));
#887 = VECTOR('',#888,1.);
#888 = DIRECTION('',(1.,0.));
#889 = ( GEOMETRIC_REPRESENTATION_CONTEXT(2) 
PARAMETRIC_REPRESENTATION_CONTEXT() REPRESENTATION_CONTEXT('2D SPACE',''
  ) );
#890 = PCURVE('',#126,#891);
#891 = DEFINITIONAL_REPRESENTATION('',(#892),#896);
#892 = LINE('',#893,#894);
#893 = CARTESIAN_POINT('',(-53.28547968809,-92.5717914067));
#894 = VECTOR('',#895,1.);
#895 = DIRECTION('',(1.,0.));
#896 = ( GEOMETRIC_REPRESENTATION_CONTEXT(2) 
PARAMETRIC_REPRESENTATION_CONTEXT() REPRESENTATION_CONTEXT('2D SPACE',''
  ) );
#897 = ADVANCED_FACE('',(#898),#789,.F.);
#898 = FACE_BOUND('',#899,.F.);
#899 = EDGE_LOOP('',(#900,#930,#951,#952));
#900 = ORIENTED_EDGE('',*,*,#901,.T.);
#901 = EDGE_CURVE('',#902,#904,#906,.T.);
#902 = VERTEX_POINT('',#903);
#903 = CARTESIAN_POINT('',(193.8274,37.6174,0.));
#904 = VERTEX_POINT('',#905);
#905 = CARTESIAN_POINT('',(193.8274,37.6174,12.7));
#906 = SURFACE_CURVE('',#907,(#911,#918),.PCURVE_S1.);
#907 = LINE('',#908,#909);
#908 = CARTESIAN_POINT('',(193.8274,37.6174,0.));
#909 = VECTOR('',#910,1.);
#910 = DIRECTION('',(0.,0.,1.));
#911 = PCURVE('',#789,#912);
#912 = DEFINITIONAL_REPRESENTATION('',(#913),#917);
#913 = LINE('',#914,#915);
#914 = CARTESIAN_POINT('',(0.,0.));
#915 = VECTOR('',#916,1.);
#916 = DIRECTION('',(0.,-1.));
#917 = ( GEOMETRIC_REPRESENTATION_CONTEXT(2) 
PARAMETRIC_REPRESENTATION_CONTEXT() REPRESENTATION_CONTEXT('2D SPACE',''
  ) );
#918 = PCURVE('',#919,#924);
#919 = PLANE('',#920);
#920 = AXIS2_PLACEMENT_3D('',#921,#922,#923);
#921 = CARTESIAN_POINT('',(193.8274,37.6174,0.));
#922 = DIRECTION('',(-1.,0.,0.));
#923 = DIRECTION('',(0.,1.,0.));
#924 = DEFINITIONAL_REPRESENTATION('',(#925),#929);
#925 = LINE('',#926,#927);
#926 = CARTESIAN_POINT('',(0.,0.));
#927 = VECTOR('',#928,1.);
#928 = DIRECTION('',(0.,-1.));
#929 = ( GEOMETRIC_REPRESENTATION_CONTEXT(2) 
PARAMETRIC_REPRESENTATION_CONTEXT() REPRESENTATION_CONTEXT('2D SPACE',''
  ) );
#930 = ORIENTED_EDGE('',*,*,#931,.T.);
#931 = EDGE_CURVE('',#904,#751,#932,.T.);
#932 = SURFACE_CURVE('',#933,(#937,#944),.PCURVE_S1.);
#933 = LINE('',#934,#935);
#934 = CARTESIAN_POINT('',(190.5,37.6174,12.7));
#935 = VECTOR('',#936,1.);
#936 = DIRECTION('',(1.,0.,0.));
#937 = PCURVE('',#789,#938);
#938 = DEFINITIONAL_REPRESENTATION('',(#939),#943);
#939 = LINE('',#940,#941);
#940 = CARTESIAN_POINT('',(-3.3274,-12.7));
#941 = VECTOR('',#942,1.);
#942 = DIRECTION('',(1.,0.));
#943 = ( GEOMETRIC_REPRESENTATION_CONTEXT(2) 
PARAMETRIC_REPRESENTATION_CONTEXT() REPRESENTATION_CONTEXT('2D SPACE',''
  ) );
#944 = PCURVE('',#72,#945);
#945 = DEFINITIONAL_REPRESENTATION('',(#946),#950);
#946 = LINE('',#947,#948);
#947 = CARTESIAN_POINT('',(86.414520311902,-86.7043914067));
#948 = VECTOR('',#949,1.);
#949 = DIRECTION('',(1.,0.));
#950 = ( GEOMETRIC_REPRESENTATION_CONTEXT(2) 
PARAMETRIC_REPRESENTATION_CONTEXT() REPRESENTATION_CONTEXT('2D SPACE',''
  ) );
#951 = ORIENTED_EDGE('',*,*,#773,.F.);
#952 = ORIENTED_EDGE('',*,*,#953,.F.);
#953 = EDGE_CURVE('',#902,#774,#954,.T.);
#954 = SURFACE_CURVE('',#955,(#959,#966),.PCURVE_S1.);
#955 = LINE('',#956,#957);
#956 = CARTESIAN_POINT('',(190.5,37.6174,0.));
#957 = VECTOR('',#958,1.);
#958 = DIRECTION('',(1.,0.,0.));
#959 = PCURVE('',#789,#960);
#960 = DEFINITIONAL_REPRESENTATION('',(#961),#965);
#961 = LINE('',#962,#963);
#962 = CARTESIAN_POINT('',(-3.3274,0.));
#963 = VECTOR('',#964,1.);
#964 = DIRECTION('',(1.,0.));
#965 = ( GEOMETRIC_REPRESENTATION_CONTEXT(2) 
PARAMETRIC_REPRESENTATION_CONTEXT() REPRESENTATION_CONTEXT('2D SPACE',''
  ) );
#966 = PCURVE('',#126,#967);
#967 = DEFINITIONAL_REPRESENTATION('',(#968),#972);
#968 = LINE('',#969,#970);
#969 = CARTESIAN_POINT('',(86.414520311902,-86.7043914067));
#970 = VECTOR('',#971,1.);
#971 = DIRECTION('',(1.,0.));
#972 = ( GEOMETRIC_REPRESENTATION_CONTEXT(2) 
PARAMETRIC_REPRESENTATION_CONTEXT() REPRESENTATION_CONTEXT('2D SPACE',''
  ) );
#973 = ADVANCED_FACE('',(#974),#843,.F.);
#974 = FACE_BOUND('',#975,.F.);
#975 = EDGE_LOOP('',(#976,#977,#1000,#1028));
#976 = ORIENTED_EDGE('',*,*,#825,.T.);
#977 = ORIENTED_EDGE('',*,*,#978,.T.);
#978 = EDGE_CURVE('',#828,#979,#981,.T.);
#979 = VERTEX_POINT('',#980);
#980 = CARTESIAN_POINT('',(45.09135,37.6174,12.7));
#981 = SURFACE_CURVE('',#982,(#986,#993),.PCURVE_S1.);
#982 = LINE('',#983,#984);
#983 = CARTESIAN_POINT('',(45.09135,34.6837,12.7));
#984 = VECTOR('',#985,1.);
#985 = DIRECTION('',(0.,1.,0.));
#986 = PCURVE('',#843,#987);
#987 = DEFINITIONAL_REPRESENTATION('',(#988),#992);
#988 = LINE('',#989,#990);
#989 = CARTESIAN_POINT('',(2.9337,-12.7));
#990 = VECTOR('',#991,1.);
#991 = DIRECTION('',(1.,0.));
#992 = ( GEOMETRIC_REPRESENTATION_CONTEXT(2) 
PARAMETRIC_REPRESENTATION_CONTEXT() REPRESENTATION_CONTEXT('2D SPACE',''
  ) );
#993 = PCURVE('',#72,#994);
#994 = DEFINITIONAL_REPRESENTATION('',(#995),#999);
#995 = LINE('',#996,#997);
#996 = CARTESIAN_POINT('',(-58.99412968809,-89.6380914067));
#997 = VECTOR('',#998,1.);
#998 = DIRECTION('',(0.,1.));
#999 = ( GEOMETRIC_REPRESENTATION_CONTEXT(2) 
PARAMETRIC_REPRESENTATION_CONTEXT() REPRESENTATION_CONTEXT('2D SPACE',''
  ) );
#1000 = ORIENTED_EDGE('',*,*,#1001,.F.);
#1001 = EDGE_CURVE('',#1002,#979,#1004,.T.);
#1002 = VERTEX_POINT('',#1003);
#1003 = CARTESIAN_POINT('',(45.09135,37.6174,0.));
#1004 = SURFACE_CURVE('',#1005,(#1009,#1016),.PCURVE_S1.);
#1005 = LINE('',#1006,#1007);
#1006 = CARTESIAN_POINT('',(45.09135,37.6174,0.));
#1007 = VECTOR('',#1008,1.);
#1008 = DIRECTION('',(0.,0.,1.));
#1009 = PCURVE('',#843,#1010);
#1010 = DEFINITIONAL_REPRESENTATION('',(#1011),#1015);
#1011 = LINE('',#1012,#1013);
#1012 = CARTESIAN_POINT('',(5.8674,0.));
#1013 = VECTOR('',#1014,1.);
#1014 = DIRECTION('',(0.,-1.));
#1015 = ( GEOMETRIC_REPRESENTATION_CONTEXT(2) 
PARAMETRIC_REPRESENTATION_CONTEXT() REPRESENTATION_CONTEXT('2D SPACE',''
  ) );
#1016 = PCURVE('',#1017,#1022);
#1017 = PLANE('',#1018);
#1018 = AXIS2_PLACEMENT_3D('',#1019,#1020,#1021);
#1019 = CARTESIAN_POINT('',(45.09135,37.6174,0.));
#1020 = DIRECTION('',(0.,1.,0.));
#1021 = DIRECTION('',(1.,0.,0.));
#1022 = DEFINITIONAL_REPRESENTATION('',(#1023),#1027);
#1023 = LINE('',#1024,#1025);
#1024 = CARTESIAN_POINT('',(0.,0.));
#1025 = VECTOR('',#1026,1.);
#1026 = DIRECTION('',(0.,-1.));
#1027 = ( GEOMETRIC_REPRESENTATION_CONTEXT(2) 
PARAMETRIC_REPRESENTATION_CONTEXT() REPRESENTATION_CONTEXT('2D SPACE',''
  ) );
#1028 = ORIENTED_EDGE('',*,*,#1029,.F.);
#1029 = EDGE_CURVE('',#826,#1002,#1030,.T.);
#1030 = SURFACE_CURVE('',#1031,(#1035,#1042),.PCURVE_S1.);
#1031 = LINE('',#1032,#1033);
#1032 = CARTESIAN_POINT('',(45.09135,34.6837,0.));
#1033 = VECTOR('',#1034,1.);
#1034 = DIRECTION('',(0.,1.,0.));
#1035 = PCURVE('',#843,#1036);
#1036 = DEFINITIONAL_REPRESENTATION('',(#1037),#1041);
#1037 = LINE('',#1038,#1039);
#1038 = CARTESIAN_POINT('',(2.9337,0.));
#1039 = VECTOR('',#1040,1.);
#1040 = DIRECTION('',(1.,0.));
#1041 = ( GEOMETRIC_REPRESENTATION_CONTEXT(2) 
PARAMETRIC_REPRESENTATION_CONTEXT() REPRESENTATION_CONTEXT('2D SPACE',''
  ) );
#1042 = PCURVE('',#126,#1043);
#1043 = DEFINITIONAL_REPRESENTATION('',(#1044),#1048);
#1044 = LINE('',#1045,#1046);
#1045 = CARTESIAN_POINT('',(-58.99412968809,-89.6380914067));
#1046 = VECTOR('',#1047,1.);
#1047 = DIRECTION('',(0.,1.));
#1048 = ( GEOMETRIC_REPRESENTATION_CONTEXT(2) 
PARAMETRIC_REPRESENTATION_CONTEXT() REPRESENTATION_CONTEXT('2D SPACE',''
  ) );
#1049 = ADVANCED_FACE('',(#1050),#919,.T.);
#1050 = FACE_BOUND('',#1051,.T.);
#1051 = EDGE_LOOP('',(#1052,#1053,#1076,#1104));
#1052 = ORIENTED_EDGE('',*,*,#901,.T.);
#1053 = ORIENTED_EDGE('',*,*,#1054,.T.);
#1054 = EDGE_CURVE('',#904,#1055,#1057,.T.);
#1055 = VERTEX_POINT('',#1056);
#1056 = CARTESIAN_POINT('',(193.8274,52.3875,12.7));
#1057 = SURFACE_CURVE('',#1058,(#1062,#1069),.PCURVE_S1.);
#1058 = LINE('',#1059,#1060);
#1059 = CARTESIAN_POINT('',(193.8274,32.54375,12.7));
#1060 = VECTOR('',#1061,1.);
#1061 = DIRECTION('',(0.,1.,0.));
#1062 = PCURVE('',#919,#1063);
#1063 = DEFINITIONAL_REPRESENTATION('',(#1064),#1068);
#1064 = LINE('',#1065,#1066);
#1065 = CARTESIAN_POINT('',(-5.07365,-12.7));
#1066 = VECTOR('',#1067,1.);
#1067 = DIRECTION('',(1.,0.));
#1068 = ( GEOMETRIC_REPRESENTATION_CONTEXT(2) 
PARAMETRIC_REPRESENTATION_CONTEXT() REPRESENTATION_CONTEXT('2D SPACE',''
  ) );
#1069 = PCURVE('',#72,#1070);
#1070 = DEFINITIONAL_REPRESENTATION('',(#1071),#1075);
#1071 = LINE('',#1072,#1073);
#1072 = CARTESIAN_POINT('',(89.741920311902,-91.7780414067));
#1073 = VECTOR('',#1074,1.);
#1074 = DIRECTION('',(0.,1.));
#1075 = ( GEOMETRIC_REPRESENTATION_CONTEXT(2) 
PARAMETRIC_REPRESENTATION_CONTEXT() REPRESENTATION_CONTEXT('2D SPACE',''
  ) );
#1076 = ORIENTED_EDGE('',*,*,#1077,.F.);
#1077 = EDGE_CURVE('',#1078,#1055,#1080,.T.);
#1078 = VERTEX_POINT('',#1079);
#1079 = CARTESIAN_POINT('',(193.8274,52.3875,0.));
#1080 = SURFACE_CURVE('',#1081,(#1085,#1092),.PCURVE_S1.);
#1081 = LINE('',#1082,#1083);
#1082 = CARTESIAN_POINT('',(193.8274,52.3875,0.));
#1083 = VECTOR('',#1084,1.);
#1084 = DIRECTION('',(0.,0.,1.));
#1085 = PCURVE('',#919,#1086);
#1086 = DEFINITIONAL_REPRESENTATION('',(#1087),#1091);
#1087 = LINE('',#1088,#1089);
#1088 = CARTESIAN_POINT('',(14.7701,0.));
#1089 = VECTOR('',#1090,1.);
#1090 = DIRECTION('',(0.,-1.));
#1091 = ( GEOMETRIC_REPRESENTATION_CONTEXT(2) 
PARAMETRIC_REPRESENTATION_CONTEXT() REPRESENTATION_CONTEXT('2D SPACE',''
  ) );
#1092 = PCURVE('',#1093,#1098);
#1093 = PLANE('',#1094);
#1094 = AXIS2_PLACEMENT_3D('',#1095,#1096,#1097);
#1095 = CARTESIAN_POINT('',(187.1726,52.3875,0.));
#1096 = DIRECTION('',(0.,1.,0.));
#1097 = DIRECTION('',(1.,0.,0.));
#1098 = DEFINITIONAL_REPRESENTATION('',(#1099),#1103);
#1099 = LINE('',#1100,#1101);
#1100 = CARTESIAN_POINT('',(6.6548,0.));
#1101 = VECTOR('',#1102,1.);
#1102 = DIRECTION('',(0.,-1.));
#1103 = ( GEOMETRIC_REPRESENTATION_CONTEXT(2) 
PARAMETRIC_REPRESENTATION_CONTEXT() REPRESENTATION_CONTEXT('2D SPACE',''
  ) );
#1104 = ORIENTED_EDGE('',*,*,#1105,.F.);
#1105 = EDGE_CURVE('',#902,#1078,#1106,.T.);
#1106 = SURFACE_CURVE('',#1107,(#1111,#1118),.PCURVE_S1.);
#1107 = LINE('',#1108,#1109);
#1108 = CARTESIAN_POINT('',(193.8274,32.54375,0.));
#1109 = VECTOR('',#1110,1.);
#1110 = DIRECTION('',(0.,1.,0.));
#1111 = PCURVE('',#919,#1112);
#1112 = DEFINITIONAL_REPRESENTATION('',(#1113),#1117);
#1113 = LINE('',#1114,#1115);
#1114 = CARTESIAN_POINT('',(-5.07365,0.));
#1115 = VECTOR('',#1116,1.);
#1116 = DIRECTION('',(1.,0.));
#1117 = ( GEOMETRIC_REPRESENTATION_CONTEXT(2) 
PARAMETRIC_REPRESENTATION_CONTEXT() REPRESENTATION_CONTEXT('2D SPACE',''
  ) );
#1118 = PCURVE('',#126,#1119);
#1119 = DEFINITIONAL_REPRESENTATION('',(#1120),#1124);
#1120 = LINE('',#1121,#1122);
#1121 = CARTESIAN_POINT('',(89.741920311902,-91.7780414067));
#1122 = VECTOR('',#1123,1.);
#1123 = DIRECTION('',(0.,1.));
#1124 = ( GEOMETRIC_REPRESENTATION_CONTEXT(2) 
PARAMETRIC_REPRESENTATION_CONTEXT() REPRESENTATION_CONTEXT('2D SPACE',''
  ) );
#1125 = ADVANCED_FACE('',(#1126),#1017,.F.);
#1126 = FACE_BOUND('',#1127,.F.);
#1127 = EDGE_LOOP('',(#1128,#1129,#1152,#1180));
#1128 = ORIENTED_EDGE('',*,*,#1001,.T.);
#1129 = ORIENTED_EDGE('',*,*,#1130,.T.);
#1130 = EDGE_CURVE('',#979,#1131,#1133,.T.);
#1131 = VERTEX_POINT('',#1132);
#1132 = CARTESIAN_POINT('',(47.4726,37.6174,12.7));
#1133 = SURFACE_CURVE('',#1134,(#1138,#1145),.PCURVE_S1.);
#1134 = LINE('',#1135,#1136);
#1135 = CARTESIAN_POINT('',(50.8,37.6174,12.7));
#1136 = VECTOR('',#1137,1.);
#1137 = DIRECTION('',(1.,0.,0.));
#1138 = PCURVE('',#1017,#1139);
#1139 = DEFINITIONAL_REPRESENTATION('',(#1140),#1144);
#1140 = LINE('',#1141,#1142);
#1141 = CARTESIAN_POINT('',(5.70865,-12.7));
#1142 = VECTOR('',#1143,1.);
#1143 = DIRECTION('',(1.,0.));
#1144 = ( GEOMETRIC_REPRESENTATION_CONTEXT(2) 
PARAMETRIC_REPRESENTATION_CONTEXT() REPRESENTATION_CONTEXT('2D SPACE',''
  ) );
#1145 = PCURVE('',#72,#1146);
#1146 = DEFINITIONAL_REPRESENTATION('',(#1147),#1151);
#1147 = LINE('',#1148,#1149);
#1148 = CARTESIAN_POINT('',(-53.28547968809,-86.7043914067));
#1149 = VECTOR('',#1150,1.);
#1150 = DIRECTION('',(1.,0.));
#1151 = ( GEOMETRIC_REPRESENTATION_CONTEXT(2) 
PARAMETRIC_REPRESENTATION_CONTEXT() REPRESENTATION_CONTEXT('2D SPACE',''
  ) );
#1152 = ORIENTED_EDGE('',*,*,#1153,.F.);
#1153 = EDGE_CURVE('',#1154,#1131,#1156,.T.);
#1154 = VERTEX_POINT('',#1155);
#1155 = CARTESIAN_POINT('',(47.4726,37.6174,0.));
#1156 = SURFACE_CURVE('',#1157,(#1161,#1168),.PCURVE_S1.);
#1157 = LINE('',#1158,#1159);
#1158 = CARTESIAN_POINT('',(47.4726,37.6174,0.));
#1159 = VECTOR('',#1160,1.);
#1160 = DIRECTION('',(0.,0.,1.));
#1161 = PCURVE('',#1017,#1162);
#1162 = DEFINITIONAL_REPRESENTATION('',(#1163),#1167);
#1163 = LINE('',#1164,#1165);
#1164 = CARTESIAN_POINT('',(2.38125,0.));
#1165 = VECTOR('',#1166,1.);
#1166 = DIRECTION('',(0.,-1.));
#1167 = ( GEOMETRIC_REPRESENTATION_CONTEXT(2) 
PARAMETRIC_REPRESENTATION_CONTEXT() REPRESENTATION_CONTEXT('2D SPACE',''
  ) );
#1168 = PCURVE('',#1169,#1174);
#1169 = PLANE('',#1170);
#1170 = AXIS2_PLACEMENT_3D('',#1171,#1172,#1173);
#1171 = CARTESIAN_POINT('',(47.4726,37.6174,0.));
#1172 = DIRECTION('',(-1.,0.,0.));
#1173 = DIRECTION('',(0.,1.,0.));
#1174 = DEFINITIONAL_REPRESENTATION('',(#1175),#1179);
#1175 = LINE('',#1176,#1177);
#1176 = CARTESIAN_POINT('',(0.,0.));
#1177 = VECTOR('',#1178,1.);
#1178 = DIRECTION('',(0.,-1.));
#1179 = ( GEOMETRIC_REPRESENTATION_CONTEXT(2) 
PARAMETRIC_REPRESENTATION_CONTEXT() REPRESENTATION_CONTEXT('2D SPACE',''
  ) );
#1180 = ORIENTED_EDGE('',*,*,#1181,.F.);
#1181 = EDGE_CURVE('',#1002,#1154,#1182,.T.);
#1182 = SURFACE_CURVE('',#1183,(#1187,#1194),.PCURVE_S1.);
#1183 = LINE('',#1184,#1185);
#1184 = CARTESIAN_POINT('',(50.8,37.6174,0.));
#1185 = VECTOR('',#1186,1.);
#1186 = DIRECTION('',(1.,0.,0.));
#1187 = PCURVE('',#1017,#1188);
#1188 = DEFINITIONAL_REPRESENTATION('',(#1189),#1193);
#1189 = LINE('',#1190,#1191);
#1190 = CARTESIAN_POINT('',(5.70865,0.));
#1191 = VECTOR('',#1192,1.);
#1192 = DIRECTION('',(1.,0.));
#1193 = ( GEOMETRIC_REPRESENTATION_CONTEXT(2) 
PARAMETRIC_REPRESENTATION_CONTEXT() REPRESENTATION_CONTEXT('2D SPACE',''
  ) );
#1194 = PCURVE('',#126,#1195);
#1195 = DEFINITIONAL_REPRESENTATION('',(#1196),#1200);
#1196 = LINE('',#1197,#1198);
#1197 = CARTESIAN_POINT('',(-53.28547968809,-86.7043914067));
#1198 = VECTOR('',#1199,1.);
#1199 = DIRECTION('',(1.,0.));
#1200 = ( GEOMETRIC_REPRESENTATION_CONTEXT(2) 
PARAMETRIC_REPRESENTATION_CONTEXT() REPRESENTATION_CONTEXT('2D SPACE',''
  ) );
#1201 = ADVANCED_FACE('',(#1202),#1093,.F.);
#1202 = FACE_BOUND('',#1203,.F.);
#1203 = EDGE_LOOP('',(#1204,#1234,#1255,#1256));
#1204 = ORIENTED_EDGE('',*,*,#1205,.T.);
#1205 = EDGE_CURVE('',#1206,#1208,#1210,.T.);
#1206 = VERTEX_POINT('',#1207);
#1207 = CARTESIAN_POINT('',(187.1726,52.3875,0.));
#1208 = VERTEX_POINT('',#1209);
#1209 = CARTESIAN_POINT('',(187.1726,52.3875,12.7));
#1210 = SURFACE_CURVE('',#1211,(#1215,#1222),.PCURVE_S1.);
#1211 = LINE('',#1212,#1213);
#1212 = CARTESIAN_POINT('',(187.1726,52.3875,0.));
#1213 = VECTOR('',#1214,1.);
#1214 = DIRECTION('',(0.,0.,1.));
#1215 = PCURVE('',#1093,#1216);
#1216 = DEFINITIONAL_REPRESENTATION('',(#1217),#1221);
#1217 = LINE('',#1218,#1219);
#1218 = CARTESIAN_POINT('',(0.,0.));
#1219 = VECTOR('',#1220,1.);
#1220 = DIRECTION('',(0.,-1.));
#1221 = ( GEOMETRIC_REPRESENTATION_CONTEXT(2) 
PARAMETRIC_REPRESENTATION_CONTEXT() REPRESENTATION_CONTEXT('2D SPACE',''
  ) );
#1222 = PCURVE('',#1223,#1228);
#1223 = PLANE('',#1224);
#1224 = AXIS2_PLACEMENT_3D('',#1225,#1226,#1227);
#1225 = CARTESIAN_POINT('',(187.1726,37.6174,0.));
#1226 = DIRECTION('',(-1.,0.,0.));
#1227 = DIRECTION('',(0.,1.,0.));
#1228 = DEFINITIONAL_REPRESENTATION('',(#1229),#1233);
#1229 = LINE('',#1230,#1231);
#1230 = CARTESIAN_POINT('',(14.7701,0.));
#1231 = VECTOR('',#1232,1.);
#1232 = DIRECTION('',(0.,-1.));
#1233 = ( GEOMETRIC_REPRESENTATION_CONTEXT(2) 
PARAMETRIC_REPRESENTATION_CONTEXT() REPRESENTATION_CONTEXT('2D SPACE',''
  ) );
#1234 = ORIENTED_EDGE('',*,*,#1235,.T.);
#1235 = EDGE_CURVE('',#1208,#1055,#1236,.T.);
#1236 = SURFACE_CURVE('',#1237,(#1241,#1248),.PCURVE_S1.);
#1237 = LINE('',#1238,#1239);
#1238 = CARTESIAN_POINT('',(190.5,52.3875,12.7));
#1239 = VECTOR('',#1240,1.);
#1240 = DIRECTION('',(1.,0.,0.));
#1241 = PCURVE('',#1093,#1242);
#1242 = DEFINITIONAL_REPRESENTATION('',(#1243),#1247);
#1243 = LINE('',#1244,#1245);
#1244 = CARTESIAN_POINT('',(3.3274,-12.7));
#1245 = VECTOR('',#1246,1.);
#1246 = DIRECTION('',(1.,0.));
#1247 = ( GEOMETRIC_REPRESENTATION_CONTEXT(2) 
PARAMETRIC_REPRESENTATION_CONTEXT() REPRESENTATION_CONTEXT('2D SPACE',''
  ) );
#1248 = PCURVE('',#72,#1249);
#1249 = DEFINITIONAL_REPRESENTATION('',(#1250),#1254);
#1250 = LINE('',#1251,#1252);
#1251 = CARTESIAN_POINT('',(86.414520311902,-71.9342914067));
#1252 = VECTOR('',#1253,1.);
#1253 = DIRECTION('',(1.,0.));
#1254 = ( GEOMETRIC_REPRESENTATION_CONTEXT(2) 
PARAMETRIC_REPRESENTATION_CONTEXT() REPRESENTATION_CONTEXT('2D SPACE',''
  ) );
#1255 = ORIENTED_EDGE('',*,*,#1077,.F.);
#1256 = ORIENTED_EDGE('',*,*,#1257,.F.);
#1257 = EDGE_CURVE('',#1206,#1078,#1258,.T.);
#1258 = SURFACE_CURVE('',#1259,(#1263,#1270),.PCURVE_S1.);
#1259 = LINE('',#1260,#1261);
#1260 = CARTESIAN_POINT('',(190.5,52.3875,0.));
#1261 = VECTOR('',#1262,1.);
#1262 = DIRECTION('',(1.,0.,0.));
#1263 = PCURVE('',#1093,#1264);
#1264 = DEFINITIONAL_REPRESENTATION('',(#1265),#1269);
#1265 = LINE('',#1266,#1267);
#1266 = CARTESIAN_POINT('',(3.3274,0.));
#1267 = VECTOR('',#1268,1.);
#1268 = DIRECTION('',(1.,0.));
#1269 = ( GEOMETRIC_REPRESENTATION_CONTEXT(2) 
PARAMETRIC_REPRESENTATION_CONTEXT() REPRESENTATION_CONTEXT('2D SPACE',''
  ) );
#1270 = PCURVE('',#126,#1271);
#1271 = DEFINITIONAL_REPRESENTATION('',(#1272),#1276);
#1272 = LINE('',#1273,#1274);
#1273 = CARTESIAN_POINT('',(86.414520311902,-71.9342914067));
#1274 = VECTOR('',#1275,1.);
#1275 = DIRECTION('',(1.,0.));
#1276 = ( GEOMETRIC_REPRESENTATION_CONTEXT(2) 
PARAMETRIC_REPRESENTATION_CONTEXT() REPRESENTATION_CONTEXT('2D SPACE',''
  ) );
#1277 = ADVANCED_FACE('',(#1278),#1169,.F.);
#1278 = FACE_BOUND('',#1279,.F.);
#1279 = EDGE_LOOP('',(#1280,#1281,#1304,#1332));
#1280 = ORIENTED_EDGE('',*,*,#1153,.T.);
#1281 = ORIENTED_EDGE('',*,*,#1282,.T.);
#1282 = EDGE_CURVE('',#1131,#1283,#1285,.T.);
#1283 = VERTEX_POINT('',#1284);
#1284 = CARTESIAN_POINT('',(47.4726,52.3875,12.7));
#1285 = SURFACE_CURVE('',#1286,(#1290,#1297),.PCURVE_S1.);
#1286 = LINE('',#1287,#1288);
#1287 = CARTESIAN_POINT('',(47.4726,32.54375,12.7));
#1288 = VECTOR('',#1289,1.);
#1289 = DIRECTION('',(0.,1.,0.));
#1290 = PCURVE('',#1169,#1291);
#1291 = DEFINITIONAL_REPRESENTATION('',(#1292),#1296);
#1292 = LINE('',#1293,#1294);
#1293 = CARTESIAN_POINT('',(-5.07365,-12.7));
#1294 = VECTOR('',#1295,1.);
#1295 = DIRECTION('',(1.,0.));
#1296 = ( GEOMETRIC_REPRESENTATION_CONTEXT(2) 
PARAMETRIC_REPRESENTATION_CONTEXT() REPRESENTATION_CONTEXT('2D SPACE',''
  ) );
#1297 = PCURVE('',#72,#1298);
#1298 = DEFINITIONAL_REPRESENTATION('',(#1299),#1303);
#1299 = LINE('',#1300,#1301);
#1300 = CARTESIAN_POINT('',(-56.61287968809,-91.7780414067));
#1301 = VECTOR('',#1302,1.);
#1302 = DIRECTION('',(0.,1.));
#1303 = ( GEOMETRIC_REPRESENTATION_CONTEXT(2) 
PARAMETRIC_REPRESENTATION_CONTEXT() REPRESENTATION_CONTEXT('2D SPACE',''
  ) );
#1304 = ORIENTED_EDGE('',*,*,#1305,.F.);
#1305 = EDGE_CURVE('',#1306,#1283,#1308,.T.);
#1306 = VERTEX_POINT('',#1307);
#1307 = CARTESIAN_POINT('',(47.4726,52.3875,0.));
#1308 = SURFACE_CURVE('',#1309,(#1313,#1320),.PCURVE_S1.);
#1309 = LINE('',#1310,#1311);
#1310 = CARTESIAN_POINT('',(47.4726,52.3875,0.));
#1311 = VECTOR('',#1312,1.);
#1312 = DIRECTION('',(0.,0.,1.));
#1313 = PCURVE('',#1169,#1314);
#1314 = DEFINITIONAL_REPRESENTATION('',(#1315),#1319);
#1315 = LINE('',#1316,#1317);
#1316 = CARTESIAN_POINT('',(14.7701,0.));
#1317 = VECTOR('',#1318,1.);
#1318 = DIRECTION('',(0.,-1.));
#1319 = ( GEOMETRIC_REPRESENTATION_CONTEXT(2) 
PARAMETRIC_REPRESENTATION_CONTEXT() REPRESENTATION_CONTEXT('2D SPACE',''
  ) );
#1320 = PCURVE('',#1321,#1326);
#1321 = PLANE('',#1322);
#1322 = AXIS2_PLACEMENT_3D('',#1323,#1324,#1325);
#1323 = CARTESIAN_POINT('',(47.4726,52.3875,0.));
#1324 = DIRECTION('',(0.,1.,0.));
#1325 = DIRECTION('',(1.,0.,0.));
#1326 = DEFINITIONAL_REPRESENTATION('',(#1327),#1331);
#1327 = LINE('',#1328,#1329);
#1328 = CARTESIAN_POINT('',(0.,0.));
#1329 = VECTOR('',#1330,1.);
#1330 = DIRECTION('',(0.,-1.));
#1331 = ( GEOMETRIC_REPRESENTATION_CONTEXT(2) 
PARAMETRIC_REPRESENTATION_CONTEXT() REPRESENTATION_CONTEXT('2D SPACE',''
  ) );
#1332 = ORIENTED_EDGE('',*,*,#1333,.F.);
#1333 = EDGE_CURVE('',#1154,#1306,#1334,.T.);
#1334 = SURFACE_CURVE('',#1335,(#1339,#1346),.PCURVE_S1.);
#1335 = LINE('',#1336,#1337);
#1336 = CARTESIAN_POINT('',(47.4726,32.54375,0.));
#1337 = VECTOR('',#1338,1.);
#1338 = DIRECTION('',(0.,1.,0.));
#1339 = PCURVE('',#1169,#1340);
#1340 = DEFINITIONAL_REPRESENTATION('',(#1341),#1345);
#1341 = LINE('',#1342,#1343);
#1342 = CARTESIAN_POINT('',(-5.07365,0.));
#1343 = VECTOR('',#1344,1.);
#1344 = DIRECTION('',(1.,0.));
#1345 = ( GEOMETRIC_REPRESENTATION_CONTEXT(2) 
PARAMETRIC_REPRESENTATION_CONTEXT() REPRESENTATION_CONTEXT('2D SPACE',''
  ) );
#1346 = PCURVE('',#126,#1347);
#1347 = DEFINITIONAL_REPRESENTATION('',(#1348),#1352);
#1348 = LINE('',#1349,#1350);
#1349 = CARTESIAN_POINT('',(-56.61287968809,-91.7780414067));
#1350 = VECTOR('',#1351,1.);
#1351 = DIRECTION('',(0.,1.));
#1352 = ( GEOMETRIC_REPRESENTATION_CONTEXT(2) 
PARAMETRIC_REPRESENTATION_CONTEXT() REPRESENTATION_CONTEXT('2D SPACE',''
  ) );
#1353 = ADVANCED_FACE('',(#1354),#1223,.F.);
#1354 = FACE_BOUND('',#1355,.F.);
#1355 = EDGE_LOOP('',(#1356,#1386,#1407,#1408));
#1356 = ORIENTED_EDGE('',*,*,#1357,.T.);
#1357 = EDGE_CURVE('',#1358,#1360,#1362,.T.);
#1358 = VERTEX_POINT('',#1359);
#1359 = CARTESIAN_POINT('',(187.1726,37.6174,0.));
#1360 = VERTEX_POINT('',#1361);
#1361 = CARTESIAN_POINT('',(187.1726,37.6174,12.7));
#1362 = SURFACE_CURVE('',#1363,(#1367,#1374),.PCURVE_S1.);
#1363 = LINE('',#1364,#1365);
#1364 = CARTESIAN_POINT('',(187.1726,37.6174,0.));
#1365 = VECTOR('',#1366,1.);
#1366 = DIRECTION('',(0.,0.,1.));
#1367 = PCURVE('',#1223,#1368);
#1368 = DEFINITIONAL_REPRESENTATION('',(#1369),#1373);
#1369 = LINE('',#1370,#1371);
#1370 = CARTESIAN_POINT('',(0.,0.));
#1371 = VECTOR('',#1372,1.);
#1372 = DIRECTION('',(0.,-1.));
#1373 = ( GEOMETRIC_REPRESENTATION_CONTEXT(2) 
PARAMETRIC_REPRESENTATION_CONTEXT() REPRESENTATION_CONTEXT('2D SPACE',''
  ) );
#1374 = PCURVE('',#1375,#1380);
#1375 = PLANE('',#1376);
#1376 = AXIS2_PLACEMENT_3D('',#1377,#1378,#1379);
#1377 = CARTESIAN_POINT('',(184.79135,37.6174,0.));
#1378 = DIRECTION('',(0.,1.,0.));
#1379 = DIRECTION('',(1.,0.,0.));
#1380 = DEFINITIONAL_REPRESENTATION('',(#1381),#1385);
#1381 = LINE('',#1382,#1383);
#1382 = CARTESIAN_POINT('',(2.38125,0.));
#1383 = VECTOR('',#1384,1.);
#1384 = DIRECTION('',(0.,-1.));
#1385 = ( GEOMETRIC_REPRESENTATION_CONTEXT(2) 
PARAMETRIC_REPRESENTATION_CONTEXT() REPRESENTATION_CONTEXT('2D SPACE',''
  ) );
#1386 = ORIENTED_EDGE('',*,*,#1387,.T.);
#1387 = EDGE_CURVE('',#1360,#1208,#1388,.T.);
#1388 = SURFACE_CURVE('',#1389,(#1393,#1400),.PCURVE_S1.);
#1389 = LINE('',#1390,#1391);
#1390 = CARTESIAN_POINT('',(187.1726,32.54375,12.7));
#1391 = VECTOR('',#1392,1.);
#1392 = DIRECTION('',(0.,1.,0.));
#1393 = PCURVE('',#1223,#1394);
#1394 = DEFINITIONAL_REPRESENTATION('',(#1395),#1399);
#1395 = LINE('',#1396,#1397);
#1396 = CARTESIAN_POINT('',(-5.07365,-12.7));
#1397 = VECTOR('',#1398,1.);
#1398 = DIRECTION('',(1.,0.));
#1399 = ( GEOMETRIC_REPRESENTATION_CONTEXT(2) 
PARAMETRIC_REPRESENTATION_CONTEXT() REPRESENTATION_CONTEXT('2D SPACE',''
  ) );
#1400 = PCURVE('',#72,#1401);
#1401 = DEFINITIONAL_REPRESENTATION('',(#1402),#1406);
#1402 = LINE('',#1403,#1404);
#1403 = CARTESIAN_POINT('',(83.087120311902,-91.7780414067));
#1404 = VECTOR('',#1405,1.);
#1405 = DIRECTION('',(0.,1.));
#1406 = ( GEOMETRIC_REPRESENTATION_CONTEXT(2) 
PARAMETRIC_REPRESENTATION_CONTEXT() REPRESENTATION_CONTEXT('2D SPACE',''
  ) );
#1407 = ORIENTED_EDGE('',*,*,#1205,.F.);
#1408 = ORIENTED_EDGE('',*,*,#1409,.F.);
#1409 = EDGE_CURVE('',#1358,#1206,#1410,.T.);
#1410 = SURFACE_CURVE('',#1411,(#1415,#1422),.PCURVE_S1.);
#1411 = LINE('',#1412,#1413);
#1412 = CARTESIAN_POINT('',(187.1726,32.54375,0.));
#1413 = VECTOR('',#1414,1.);
#1414 = DIRECTION('',(0.,1.,0.));
#1415 = PCURVE('',#1223,#1416);
#1416 = DEFINITIONAL_REPRESENTATION('',(#1417),#1421);
#1417 = LINE('',#1418,#1419);
#1418 = CARTESIAN_POINT('',(-5.07365,0.));
#1419 = VECTOR('',#1420,1.);
#1420 = DIRECTION('',(1.,0.));
#1421 = ( GEOMETRIC_REPRESENTATION_CONTEXT(2) 
PARAMETRIC_REPRESENTATION_CONTEXT() REPRESENTATION_CONTEXT('2D SPACE',''
  ) );
#1422 = PCURVE('',#126,#1423);
#1423 = DEFINITIONAL_REPRESENTATION('',(#1424),#1428);
#1424 = LINE('',#1425,#1426);
#1425 = CARTESIAN_POINT('',(83.087120311902,-91.7780414067));
#1426 = VECTOR('',#1427,1.);
#1427 = DIRECTION('',(0.,1.));
#1428 = ( GEOMETRIC_REPRESENTATION_CONTEXT(2) 
PARAMETRIC_REPRESENTATION_CONTEXT() REPRESENTATION_CONTEXT('2D SPACE',''
  ) );
#1429 = ADVANCED_FACE('',(#1430),#1321,.F.);
#1430 = FACE_BOUND('',#1431,.F.);
#1431 = EDGE_LOOP('',(#1432,#1433,#1456,#1484));
#1432 = ORIENTED_EDGE('',*,*,#1305,.T.);
#1433 = ORIENTED_EDGE('',*,*,#1434,.T.);
#1434 = EDGE_CURVE('',#1283,#1435,#1437,.T.);
#1435 = VERTEX_POINT('',#1436);
#1436 = CARTESIAN_POINT('',(54.1274,52.3875,12.7));
#1437 = SURFACE_CURVE('',#1438,(#1442,#1449),.PCURVE_S1.);
#1438 = LINE('',#1439,#1440);
#1439 = CARTESIAN_POINT('',(50.8,52.3875,12.7));
#1440 = VECTOR('',#1441,1.);
#1441 = DIRECTION('',(1.,0.,0.));
#1442 = PCURVE('',#1321,#1443);
#1443 = DEFINITIONAL_REPRESENTATION('',(#1444),#1448);
#1444 = LINE('',#1445,#1446);
#1445 = CARTESIAN_POINT('',(3.3274,-12.7));
#1446 = VECTOR('',#1447,1.);
#1447 = DIRECTION('',(1.,0.));
#1448 = ( GEOMETRIC_REPRESENTATION_CONTEXT(2) 
PARAMETRIC_REPRESENTATION_CONTEXT() REPRESENTATION_CONTEXT('2D SPACE',''
  ) );
#1449 = PCURVE('',#72,#1450);
#1450 = DEFINITIONAL_REPRESENTATION('',(#1451),#1455);
#1451 = LINE('',#1452,#1453);
#1452 = CARTESIAN_POINT('',(-53.28547968809,-71.9342914067));
#1453 = VECTOR('',#1454,1.);
#1454 = DIRECTION('',(1.,0.));
#1455 = ( GEOMETRIC_REPRESENTATION_CONTEXT(2) 
PARAMETRIC_REPRESENTATION_CONTEXT() REPRESENTATION_CONTEXT('2D SPACE',''
  ) );
#1456 = ORIENTED_EDGE('',*,*,#1457,.F.);
#1457 = EDGE_CURVE('',#1458,#1435,#1460,.T.);
#1458 = VERTEX_POINT('',#1459);
#1459 = CARTESIAN_POINT('',(54.1274,52.3875,0.));
#1460 = SURFACE_CURVE('',#1461,(#1465,#1472),.PCURVE_S1.);
#1461 = LINE('',#1462,#1463);
#1462 = CARTESIAN_POINT('',(54.1274,52.3875,0.));
#1463 = VECTOR('',#1464,1.);
#1464 = DIRECTION('',(0.,0.,1.));
#1465 = PCURVE('',#1321,#1466);
#1466 = DEFINITIONAL_REPRESENTATION('',(#1467),#1471);
#1467 = LINE('',#1468,#1469);
#1468 = CARTESIAN_POINT('',(6.6548,0.));
#1469 = VECTOR('',#1470,1.);
#1470 = DIRECTION('',(0.,-1.));
#1471 = ( GEOMETRIC_REPRESENTATION_CONTEXT(2) 
PARAMETRIC_REPRESENTATION_CONTEXT() REPRESENTATION_CONTEXT('2D SPACE',''
  ) );
#1472 = PCURVE('',#1473,#1478);
#1473 = PLANE('',#1474);
#1474 = AXIS2_PLACEMENT_3D('',#1475,#1476,#1477);
#1475 = CARTESIAN_POINT('',(54.1274,37.6174,0.));
#1476 = DIRECTION('',(-1.,0.,0.));
#1477 = DIRECTION('',(0.,1.,0.));
#1478 = DEFINITIONAL_REPRESENTATION('',(#1479),#1483);
#1479 = LINE('',#1480,#1481);
#1480 = CARTESIAN_POINT('',(14.7701,0.));
#1481 = VECTOR('',#1482,1.);
#1482 = DIRECTION('',(0.,-1.));
#1483 = ( GEOMETRIC_REPRESENTATION_CONTEXT(2) 
PARAMETRIC_REPRESENTATION_CONTEXT() REPRESENTATION_CONTEXT('2D SPACE',''
  ) );
#1484 = ORIENTED_EDGE('',*,*,#1485,.F.);
#1485 = EDGE_CURVE('',#1306,#1458,#1486,.T.);
#1486 = SURFACE_CURVE('',#1487,(#1491,#1498),.PCURVE_S1.);
#1487 = LINE('',#1488,#1489);
#1488 = CARTESIAN_POINT('',(50.8,52.3875,0.));
#1489 = VECTOR('',#1490,1.);
#1490 = DIRECTION('',(1.,0.,0.));
#1491 = PCURVE('',#1321,#1492);
#1492 = DEFINITIONAL_REPRESENTATION('',(#1493),#1497);
#1493 = LINE('',#1494,#1495);
#1494 = CARTESIAN_POINT('',(3.3274,0.));
#1495 = VECTOR('',#1496,1.);
#1496 = DIRECTION('',(1.,0.));
#1497 = ( GEOMETRIC_REPRESENTATION_CONTEXT(2) 
PARAMETRIC_REPRESENTATION_CONTEXT() REPRESENTATION_CONTEXT('2D SPACE',''
  ) );
#1498 = PCURVE('',#126,#1499);
#1499 = DEFINITIONAL_REPRESENTATION('',(#1500),#1504);
#1500 = LINE('',#1501,#1502);
#1501 = CARTESIAN_POINT('',(-53.28547968809,-71.9342914067));
#1502 = VECTOR('',#1503,1.);
#1503 = DIRECTION('',(1.,0.));
#1504 = ( GEOMETRIC_REPRESENTATION_CONTEXT(2) 
PARAMETRIC_REPRESENTATION_CONTEXT() REPRESENTATION_CONTEXT('2D SPACE',''
  ) );
#1505 = ADVANCED_FACE('',(#1506),#1375,.F.);
#1506 = FACE_BOUND('',#1507,.F.);
#1507 = EDGE_LOOP('',(#1508,#1538,#1559,#1560));
#1508 = ORIENTED_EDGE('',*,*,#1509,.T.);
#1509 = EDGE_CURVE('',#1510,#1512,#1514,.T.);
#1510 = VERTEX_POINT('',#1511);
#1511 = CARTESIAN_POINT('',(184.79135,37.6174,0.));
#1512 = VERTEX_POINT('',#1513);
#1513 = CARTESIAN_POINT('',(184.79135,37.6174,12.7));
#1514 = SURFACE_CURVE('',#1515,(#1519,#1526),.PCURVE_S1.);
#1515 = LINE('',#1516,#1517);
#1516 = CARTESIAN_POINT('',(184.79135,37.6174,0.));
#1517 = VECTOR('',#1518,1.);
#1518 = DIRECTION('',(0.,0.,1.));
#1519 = PCURVE('',#1375,#1520);
#1520 = DEFINITIONAL_REPRESENTATION('',(#1521),#1525);
#1521 = LINE('',#1522,#1523);
#1522 = CARTESIAN_POINT('',(0.,0.));
#1523 = VECTOR('',#1524,1.);
#1524 = DIRECTION('',(0.,-1.));
#1525 = ( GEOMETRIC_REPRESENTATION_CONTEXT(2) 
PARAMETRIC_REPRESENTATION_CONTEXT() REPRESENTATION_CONTEXT('2D SPACE',''
  ) );
#1526 = PCURVE('',#1527,#1532);
#1527 = PLANE('',#1528);
#1528 = AXIS2_PLACEMENT_3D('',#1529,#1530,#1531);
#1529 = CARTESIAN_POINT('',(184.79135,31.75,0.));
#1530 = DIRECTION('',(-1.,0.,0.));
#1531 = DIRECTION('',(0.,1.,0.));
#1532 = DEFINITIONAL_REPRESENTATION('',(#1533),#1537);
#1533 = LINE('',#1534,#1535);
#1534 = CARTESIAN_POINT('',(5.8674,0.));
#1535 = VECTOR('',#1536,1.);
#1536 = DIRECTION('',(0.,-1.));
#1537 = ( GEOMETRIC_REPRESENTATION_CONTEXT(2) 
PARAMETRIC_REPRESENTATION_CONTEXT() REPRESENTATION_CONTEXT('2D SPACE',''
  ) );
#1538 = ORIENTED_EDGE('',*,*,#1539,.T.);
#1539 = EDGE_CURVE('',#1512,#1360,#1540,.T.);
#1540 = SURFACE_CURVE('',#1541,(#1545,#1552),.PCURVE_S1.);
#1541 = LINE('',#1542,#1543);
#1542 = CARTESIAN_POINT('',(190.5,37.6174,12.7));
#1543 = VECTOR('',#1544,1.);
#1544 = DIRECTION('',(1.,0.,0.));
#1545 = PCURVE('',#1375,#1546);
#1546 = DEFINITIONAL_REPRESENTATION('',(#1547),#1551);
#1547 = LINE('',#1548,#1549);
#1548 = CARTESIAN_POINT('',(5.70865,-12.7));
#1549 = VECTOR('',#1550,1.);
#1550 = DIRECTION('',(1.,0.));
#1551 = ( GEOMETRIC_REPRESENTATION_CONTEXT(2) 
PARAMETRIC_REPRESENTATION_CONTEXT() REPRESENTATION_CONTEXT('2D SPACE',''
  ) );
#1552 = PCURVE('',#72,#1553);
#1553 = DEFINITIONAL_REPRESENTATION('',(#1554),#1558);
#1554 = LINE('',#1555,#1556);
#1555 = CARTESIAN_POINT('',(86.414520311902,-86.7043914067));
#1556 = VECTOR('',#1557,1.);
#1557 = DIRECTION('',(1.,0.));
#1558 = ( GEOMETRIC_REPRESENTATION_CONTEXT(2) 
PARAMETRIC_REPRESENTATION_CONTEXT() REPRESENTATION_CONTEXT('2D SPACE',''
  ) );
#1559 = ORIENTED_EDGE('',*,*,#1357,.F.);
#1560 = ORIENTED_EDGE('',*,*,#1561,.F.);
#1561 = EDGE_CURVE('',#1510,#1358,#1562,.T.);
#1562 = SURFACE_CURVE('',#1563,(#1567,#1574),.PCURVE_S1.);
#1563 = LINE('',#1564,#1565);
#1564 = CARTESIAN_POINT('',(190.5,37.6174,0.));
#1565 = VECTOR('',#1566,1.);
#1566 = DIRECTION('',(1.,0.,0.));
#1567 = PCURVE('',#1375,#1568);
#1568 = DEFINITIONAL_REPRESENTATION('',(#1569),#1573);
#1569 = LINE('',#1570,#1571);
#1570 = CARTESIAN_POINT('',(5.70865,0.));
#1571 = VECTOR('',#1572,1.);
#1572 = DIRECTION('',(1.,0.));
#1573 = ( GEOMETRIC_REPRESENTATION_CONTEXT(2) 
PARAMETRIC_REPRESENTATION_CONTEXT() REPRESENTATION_CONTEXT('2D SPACE',''
  ) );
#1574 = PCURVE('',#126,#1575);
#1575 = DEFINITIONAL_REPRESENTATION('',(#1576),#1580);
#1576 = LINE('',#1577,#1578);
#1577 = CARTESIAN_POINT('',(86.414520311902,-86.7043914067));
#1578 = VECTOR('',#1579,1.);
#1579 = DIRECTION('',(1.,0.));
#1580 = ( GEOMETRIC_REPRESENTATION_CONTEXT(2) 
PARAMETRIC_REPRESENTATION_CONTEXT() REPRESENTATION_CONTEXT('2D SPACE',''
  ) );
#1581 = ADVANCED_FACE('',(#1582),#1473,.T.);
#1582 = FACE_BOUND('',#1583,.T.);
#1583 = EDGE_LOOP('',(#1584,#1614,#1635,#1636));
#1584 = ORIENTED_EDGE('',*,*,#1585,.T.);
#1585 = EDGE_CURVE('',#1586,#1588,#1590,.T.);
#1586 = VERTEX_POINT('',#1587);
#1587 = CARTESIAN_POINT('',(54.1274,37.6174,0.));
#1588 = VERTEX_POINT('',#1589);
#1589 = CARTESIAN_POINT('',(54.1274,37.6174,12.7));
#1590 = SURFACE_CURVE('',#1591,(#1595,#1602),.PCURVE_S1.);
#1591 = LINE('',#1592,#1593);
#1592 = CARTESIAN_POINT('',(54.1274,37.6174,0.));
#1593 = VECTOR('',#1594,1.);
#1594 = DIRECTION('',(0.,0.,1.));
#1595 = PCURVE('',#1473,#1596);
#1596 = DEFINITIONAL_REPRESENTATION('',(#1597),#1601);
#1597 = LINE('',#1598,#1599);
#1598 = CARTESIAN_POINT('',(0.,0.));
#1599 = VECTOR('',#1600,1.);
#1600 = DIRECTION('',(0.,-1.));
#1601 = ( GEOMETRIC_REPRESENTATION_CONTEXT(2) 
PARAMETRIC_REPRESENTATION_CONTEXT() REPRESENTATION_CONTEXT('2D SPACE',''
  ) );
#1602 = PCURVE('',#1603,#1608);
#1603 = PLANE('',#1604);
#1604 = AXIS2_PLACEMENT_3D('',#1605,#1606,#1607);
#1605 = CARTESIAN_POINT('',(54.1274,37.6174,0.));
#1606 = DIRECTION('',(0.,1.,0.));
#1607 = DIRECTION('',(1.,0.,0.));
#1608 = DEFINITIONAL_REPRESENTATION('',(#1609),#1613);
#1609 = LINE('',#1610,#1611);
#1610 = CARTESIAN_POINT('',(0.,0.));
#1611 = VECTOR('',#1612,1.);
#1612 = DIRECTION('',(0.,-1.));
#1613 = ( GEOMETRIC_REPRESENTATION_CONTEXT(2) 
PARAMETRIC_REPRESENTATION_CONTEXT() REPRESENTATION_CONTEXT('2D SPACE',''
  ) );
#1614 = ORIENTED_EDGE('',*,*,#1615,.T.);
#1615 = EDGE_CURVE('',#1588,#1435,#1616,.T.);
#1616 = SURFACE_CURVE('',#1617,(#1621,#1628),.PCURVE_S1.);
#1617 = LINE('',#1618,#1619);
#1618 = CARTESIAN_POINT('',(54.1274,32.54375,12.7));
#1619 = VECTOR('',#1620,1.);
#1620 = DIRECTION('',(0.,1.,0.));
#1621 = PCURVE('',#1473,#1622);
#1622 = DEFINITIONAL_REPRESENTATION('',(#1623),#1627);
#1623 = LINE('',#1624,#1625);
#1624 = CARTESIAN_POINT('',(-5.07365,-12.7));
#1625 = VECTOR('',#1626,1.);
#1626 = DIRECTION('',(1.,0.));
#1627 = ( GEOMETRIC_REPRESENTATION_CONTEXT(2) 
PARAMETRIC_REPRESENTATION_CONTEXT() REPRESENTATION_CONTEXT('2D SPACE',''
  ) );
#1628 = PCURVE('',#72,#1629);
#1629 = DEFINITIONAL_REPRESENTATION('',(#1630),#1634);
#1630 = LINE('',#1631,#1632);
#1631 = CARTESIAN_POINT('',(-49.95807968809,-91.7780414067));
#1632 = VECTOR('',#1633,1.);
#1633 = DIRECTION('',(0.,1.));
#1634 = ( GEOMETRIC_REPRESENTATION_CONTEXT(2) 
PARAMETRIC_REPRESENTATION_CONTEXT() REPRESENTATION_CONTEXT('2D SPACE',''
  ) );
#1635 = ORIENTED_EDGE('',*,*,#1457,.F.);
#1636 = ORIENTED_EDGE('',*,*,#1637,.F.);
#1637 = EDGE_CURVE('',#1586,#1458,#1638,.T.);
#1638 = SURFACE_CURVE('',#1639,(#1643,#1650),.PCURVE_S1.);
#1639 = LINE('',#1640,#1641);
#1640 = CARTESIAN_POINT('',(54.1274,32.54375,0.));
#1641 = VECTOR('',#1642,1.);
#1642 = DIRECTION('',(0.,1.,0.));
#1643 = PCURVE('',#1473,#1644);
#1644 = DEFINITIONAL_REPRESENTATION('',(#1645),#1649);
#1645 = LINE('',#1646,#1647);
#1646 = CARTESIAN_POINT('',(-5.07365,0.));
#1647 = VECTOR('',#1648,1.);
#1648 = DIRECTION('',(1.,0.));
#1649 = ( GEOMETRIC_REPRESENTATION_CONTEXT(2) 
PARAMETRIC_REPRESENTATION_CONTEXT() REPRESENTATION_CONTEXT('2D SPACE',''
  ) );
#1650 = PCURVE('',#126,#1651);
#1651 = DEFINITIONAL_REPRESENTATION('',(#1652),#1656);
#1652 = LINE('',#1653,#1654);
#1653 = CARTESIAN_POINT('',(-49.95807968809,-91.7780414067));
#1654 = VECTOR('',#1655,1.);
#1655 = DIRECTION('',(0.,1.));
#1656 = ( GEOMETRIC_REPRESENTATION_CONTEXT(2) 
PARAMETRIC_REPRESENTATION_CONTEXT() REPRESENTATION_CONTEXT('2D SPACE',''
  ) );
#1657 = ADVANCED_FACE('',(#1658),#1527,.F.);
#1658 = FACE_BOUND('',#1659,.F.);
#1659 = EDGE_LOOP('',(#1660,#1690,#1711,#1712));
#1660 = ORIENTED_EDGE('',*,*,#1661,.T.);
#1661 = EDGE_CURVE('',#1662,#1664,#1666,.T.);
#1662 = VERTEX_POINT('',#1663);
#1663 = CARTESIAN_POINT('',(184.79135,31.75,0.));
#1664 = VERTEX_POINT('',#1665);
#1665 = CARTESIAN_POINT('',(184.79135,31.75,12.7));
#1666 = SURFACE_CURVE('',#1667,(#1671,#1678),.PCURVE_S1.);
#1667 = LINE('',#1668,#1669);
#1668 = CARTESIAN_POINT('',(184.79135,31.75,0.));
#1669 = VECTOR('',#1670,1.);
#1670 = DIRECTION('',(0.,0.,1.));
#1671 = PCURVE('',#1527,#1672);
#1672 = DEFINITIONAL_REPRESENTATION('',(#1673),#1677);
#1673 = LINE('',#1674,#1675);
#1674 = CARTESIAN_POINT('',(0.,0.));
#1675 = VECTOR('',#1676,1.);
#1676 = DIRECTION('',(0.,-1.));
#1677 = ( GEOMETRIC_REPRESENTATION_CONTEXT(2) 
PARAMETRIC_REPRESENTATION_CONTEXT() REPRESENTATION_CONTEXT('2D SPACE',''
  ) );
#1678 = PCURVE('',#1679,#1684);
#1679 = PLANE('',#1680);
#1680 = AXIS2_PLACEMENT_3D('',#1681,#1682,#1683);
#1681 = CARTESIAN_POINT('',(184.79135,31.75,0.));
#1682 = DIRECTION('',(0.,1.,0.));
#1683 = DIRECTION('',(1.,0.,0.));
#1684 = DEFINITIONAL_REPRESENTATION('',(#1685),#1689);
#1685 = LINE('',#1686,#1687);
#1686 = CARTESIAN_POINT('',(0.,0.));
#1687 = VECTOR('',#1688,1.);
#1688 = DIRECTION('',(0.,-1.));
#1689 = ( GEOMETRIC_REPRESENTATION_CONTEXT(2) 
PARAMETRIC_REPRESENTATION_CONTEXT() REPRESENTATION_CONTEXT('2D SPACE',''
  ) );
#1690 = ORIENTED_EDGE('',*,*,#1691,.T.);
#1691 = EDGE_CURVE('',#1664,#1512,#1692,.T.);
#1692 = SURFACE_CURVE('',#1693,(#1697,#1704),.PCURVE_S1.);
#1693 = LINE('',#1694,#1695);
#1694 = CARTESIAN_POINT('',(184.79135,34.6837,12.7));
#1695 = VECTOR('',#1696,1.);
#1696 = DIRECTION('',(0.,1.,0.));
#1697 = PCURVE('',#1527,#1698);
#1698 = DEFINITIONAL_REPRESENTATION('',(#1699),#1703);
#1699 = LINE('',#1700,#1701);
#1700 = CARTESIAN_POINT('',(2.9337,-12.7));
#1701 = VECTOR('',#1702,1.);
#1702 = DIRECTION('',(1.,0.));
#1703 = ( GEOMETRIC_REPRESENTATION_CONTEXT(2) 
PARAMETRIC_REPRESENTATION_CONTEXT() REPRESENTATION_CONTEXT('2D SPACE',''
  ) );
#1704 = PCURVE('',#72,#1705);
#1705 = DEFINITIONAL_REPRESENTATION('',(#1706),#1710);
#1706 = LINE('',#1707,#1708);
#1707 = CARTESIAN_POINT('',(80.705870311902,-89.6380914067));
#1708 = VECTOR('',#1709,1.);
#1709 = DIRECTION('',(0.,1.));
#1710 = ( GEOMETRIC_REPRESENTATION_CONTEXT(2) 
PARAMETRIC_REPRESENTATION_CONTEXT() REPRESENTATION_CONTEXT('2D SPACE',''
  ) );
#1711 = ORIENTED_EDGE('',*,*,#1509,.F.);
#1712 = ORIENTED_EDGE('',*,*,#1713,.F.);
#1713 = EDGE_CURVE('',#1662,#1510,#1714,.T.);
#1714 = SURFACE_CURVE('',#1715,(#1719,#1726),.PCURVE_S1.);
#1715 = LINE('',#1716,#1717);
#1716 = CARTESIAN_POINT('',(184.79135,34.6837,0.));
#1717 = VECTOR('',#1718,1.);
#1718 = DIRECTION('',(0.,1.,0.));
#1719 = PCURVE('',#1527,#1720);
#1720 = DEFINITIONAL_REPRESENTATION('',(#1721),#1725);
#1721 = LINE('',#1722,#1723);
#1722 = CARTESIAN_POINT('',(2.9337,0.));
#1723 = VECTOR('',#1724,1.);
#1724 = DIRECTION('',(1.,0.));
#1725 = ( GEOMETRIC_REPRESENTATION_CONTEXT(2) 
PARAMETRIC_REPRESENTATION_CONTEXT() REPRESENTATION_CONTEXT('2D SPACE',''
  ) );
#1726 = PCURVE('',#126,#1727);
#1727 = DEFINITIONAL_REPRESENTATION('',(#1728),#1732);
#1728 = LINE('',#1729,#1730);
#1729 = CARTESIAN_POINT('',(80.705870311902,-89.6380914067));
#1730 = VECTOR('',#1731,1.);
#1731 = DIRECTION('',(0.,1.));
#1732 = ( GEOMETRIC_REPRESENTATION_CONTEXT(2) 
PARAMETRIC_REPRESENTATION_CONTEXT() REPRESENTATION_CONTEXT('2D SPACE',''
  ) );
#1733 = ADVANCED_FACE('',(#1734),#1603,.F.);
#1734 = FACE_BOUND('',#1735,.F.);
#1735 = EDGE_LOOP('',(#1736,#1737,#1760,#1788));
#1736 = ORIENTED_EDGE('',*,*,#1585,.T.);
#1737 = ORIENTED_EDGE('',*,*,#1738,.T.);
#1738 = EDGE_CURVE('',#1588,#1739,#1741,.T.);
#1739 = VERTEX_POINT('',#1740);
#1740 = CARTESIAN_POINT('',(56.50865,37.6174,12.7));
#1741 = SURFACE_CURVE('',#1742,(#1746,#1753),.PCURVE_S1.);
#1742 = LINE('',#1743,#1744);
#1743 = CARTESIAN_POINT('',(50.8,37.6174,12.7));
#1744 = VECTOR('',#1745,1.);
#1745 = DIRECTION('',(1.,0.,0.));
#1746 = PCURVE('',#1603,#1747);
#1747 = DEFINITIONAL_REPRESENTATION('',(#1748),#1752);
#1748 = LINE('',#1749,#1750);
#1749 = CARTESIAN_POINT('',(-3.3274,-12.7));
#1750 = VECTOR('',#1751,1.);
#1751 = DIRECTION('',(1.,0.));
#1752 = ( GEOMETRIC_REPRESENTATION_CONTEXT(2) 
PARAMETRIC_REPRESENTATION_CONTEXT() REPRESENTATION_CONTEXT('2D SPACE',''
  ) );
#1753 = PCURVE('',#72,#1754);
#1754 = DEFINITIONAL_REPRESENTATION('',(#1755),#1759);
#1755 = LINE('',#1756,#1757);
#1756 = CARTESIAN_POINT('',(-53.28547968809,-86.7043914067));
#1757 = VECTOR('',#1758,1.);
#1758 = DIRECTION('',(1.,0.));
#1759 = ( GEOMETRIC_REPRESENTATION_CONTEXT(2) 
PARAMETRIC_REPRESENTATION_CONTEXT() REPRESENTATION_CONTEXT('2D SPACE',''
  ) );
#1760 = ORIENTED_EDGE('',*,*,#1761,.F.);
#1761 = EDGE_CURVE('',#1762,#1739,#1764,.T.);
#1762 = VERTEX_POINT('',#1763);
#1763 = CARTESIAN_POINT('',(56.50865,37.6174,0.));
#1764 = SURFACE_CURVE('',#1765,(#1769,#1776),.PCURVE_S1.);
#1765 = LINE('',#1766,#1767);
#1766 = CARTESIAN_POINT('',(56.50865,37.6174,0.));
#1767 = VECTOR('',#1768,1.);
#1768 = DIRECTION('',(0.,0.,1.));
#1769 = PCURVE('',#1603,#1770);
#1770 = DEFINITIONAL_REPRESENTATION('',(#1771),#1775);
#1771 = LINE('',#1772,#1773);
#1772 = CARTESIAN_POINT('',(2.38125,0.));
#1773 = VECTOR('',#1774,1.);
#1774 = DIRECTION('',(0.,-1.));
#1775 = ( GEOMETRIC_REPRESENTATION_CONTEXT(2) 
PARAMETRIC_REPRESENTATION_CONTEXT() REPRESENTATION_CONTEXT('2D SPACE',''
  ) );
#1776 = PCURVE('',#1777,#1782);
#1777 = PLANE('',#1778);
#1778 = AXIS2_PLACEMENT_3D('',#1779,#1780,#1781);
#1779 = CARTESIAN_POINT('',(56.50865,31.75,0.));
#1780 = DIRECTION('',(-1.,0.,0.));
#1781 = DIRECTION('',(0.,1.,0.));
#1782 = DEFINITIONAL_REPRESENTATION('',(#1783),#1787);
#1783 = LINE('',#1784,#1785);
#1784 = CARTESIAN_POINT('',(5.8674,0.));
#1785 = VECTOR('',#1786,1.);
#1786 = DIRECTION('',(0.,-1.));
#1787 = ( GEOMETRIC_REPRESENTATION_CONTEXT(2) 
PARAMETRIC_REPRESENTATION_CONTEXT() REPRESENTATION_CONTEXT('2D SPACE',''
  ) );
#1788 = ORIENTED_EDGE('',*,*,#1789,.F.);
#1789 = EDGE_CURVE('',#1586,#1762,#1790,.T.);
#1790 = SURFACE_CURVE('',#1791,(#1795,#1802),.PCURVE_S1.);
#1791 = LINE('',#1792,#1793);
#1792 = CARTESIAN_POINT('',(50.8,37.6174,0.));
#1793 = VECTOR('',#1794,1.);
#1794 = DIRECTION('',(1.,0.,0.));
#1795 = PCURVE('',#1603,#1796);
#1796 = DEFINITIONAL_REPRESENTATION('',(#1797),#1801);
#1797 = LINE('',#1798,#1799);
#1798 = CARTESIAN_POINT('',(-3.3274,0.));
#1799 = VECTOR('',#1800,1.);
#1800 = DIRECTION('',(1.,0.));
#1801 = ( GEOMETRIC_REPRESENTATION_CONTEXT(2) 
PARAMETRIC_REPRESENTATION_CONTEXT() REPRESENTATION_CONTEXT('2D SPACE',''
  ) );
#1802 = PCURVE('',#126,#1803);
#1803 = DEFINITIONAL_REPRESENTATION('',(#1804),#1808);
#1804 = LINE('',#1805,#1806);
#1805 = CARTESIAN_POINT('',(-53.28547968809,-86.7043914067));
#1806 = VECTOR('',#1807,1.);
#1807 = DIRECTION('',(1.,0.));
#1808 = ( GEOMETRIC_REPRESENTATION_CONTEXT(2) 
PARAMETRIC_REPRESENTATION_CONTEXT() REPRESENTATION_CONTEXT('2D SPACE',''
  ) );
#1809 = ADVANCED_FACE('',(#1810),#1679,.T.);
#1810 = FACE_BOUND('',#1811,.T.);
#1811 = EDGE_LOOP('',(#1812,#1813,#1836,#1864));
#1812 = ORIENTED_EDGE('',*,*,#1661,.T.);
#1813 = ORIENTED_EDGE('',*,*,#1814,.T.);
#1814 = EDGE_CURVE('',#1664,#1815,#1817,.T.);
#1815 = VERTEX_POINT('',#1816);
#1816 = CARTESIAN_POINT('',(187.1726,31.75,12.7));
#1817 = SURFACE_CURVE('',#1818,(#1822,#1829),.PCURVE_S1.);
#1818 = LINE('',#1819,#1820);
#1819 = CARTESIAN_POINT('',(190.5,31.75,12.7));
#1820 = VECTOR('',#1821,1.);
#1821 = DIRECTION('',(1.,0.,0.));
#1822 = PCURVE('',#1679,#1823);
#1823 = DEFINITIONAL_REPRESENTATION('',(#1824),#1828);
#1824 = LINE('',#1825,#1826);
#1825 = CARTESIAN_POINT('',(5.70865,-12.7));
#1826 = VECTOR('',#1827,1.);
#1827 = DIRECTION('',(1.,0.));
#1828 = ( GEOMETRIC_REPRESENTATION_CONTEXT(2) 
PARAMETRIC_REPRESENTATION_CONTEXT() REPRESENTATION_CONTEXT('2D SPACE',''
  ) );
#1829 = PCURVE('',#72,#1830);
#1830 = DEFINITIONAL_REPRESENTATION('',(#1831),#1835);
#1831 = LINE('',#1832,#1833);
#1832 = CARTESIAN_POINT('',(86.414520311902,-92.5717914067));
#1833 = VECTOR('',#1834,1.);
#1834 = DIRECTION('',(1.,0.));
#1835 = ( GEOMETRIC_REPRESENTATION_CONTEXT(2) 
PARAMETRIC_REPRESENTATION_CONTEXT() REPRESENTATION_CONTEXT('2D SPACE',''
  ) );
#1836 = ORIENTED_EDGE('',*,*,#1837,.F.);
#1837 = EDGE_CURVE('',#1838,#1815,#1840,.T.);
#1838 = VERTEX_POINT('',#1839);
#1839 = CARTESIAN_POINT('',(187.1726,31.75,0.));
#1840 = SURFACE_CURVE('',#1841,(#1845,#1852),.PCURVE_S1.);
#1841 = LINE('',#1842,#1843);
#1842 = CARTESIAN_POINT('',(187.1726,31.75,0.));
#1843 = VECTOR('',#1844,1.);
#1844 = DIRECTION('',(0.,0.,1.));
#1845 = PCURVE('',#1679,#1846);
#1846 = DEFINITIONAL_REPRESENTATION('',(#1847),#1851);
#1847 = LINE('',#1848,#1849);
#1848 = CARTESIAN_POINT('',(2.38125,0.));
#1849 = VECTOR('',#1850,1.);
#1850 = DIRECTION('',(0.,-1.));
#1851 = ( GEOMETRIC_REPRESENTATION_CONTEXT(2) 
PARAMETRIC_REPRESENTATION_CONTEXT() REPRESENTATION_CONTEXT('2D SPACE',''
  ) );
#1852 = PCURVE('',#1853,#1858);
#1853 = PLANE('',#1854);
#1854 = AXIS2_PLACEMENT_3D('',#1855,#1856,#1857);
#1855 = CARTESIAN_POINT('',(187.1726,12.7,0.));
#1856 = DIRECTION('',(-1.,0.,0.));
#1857 = DIRECTION('',(0.,1.,0.));
#1858 = DEFINITIONAL_REPRESENTATION('',(#1859),#1863);
#1859 = LINE('',#1860,#1861);
#1860 = CARTESIAN_POINT('',(19.05,0.));
#1861 = VECTOR('',#1862,1.);
#1862 = DIRECTION('',(0.,-1.));
#1863 = ( GEOMETRIC_REPRESENTATION_CONTEXT(2) 
PARAMETRIC_REPRESENTATION_CONTEXT() REPRESENTATION_CONTEXT('2D SPACE',''
  ) );
#1864 = ORIENTED_EDGE('',*,*,#1865,.F.);
#1865 = EDGE_CURVE('',#1662,#1838,#1866,.T.);
#1866 = SURFACE_CURVE('',#1867,(#1871,#1878),.PCURVE_S1.);
#1867 = LINE('',#1868,#1869);
#1868 = CARTESIAN_POINT('',(190.5,31.75,0.));
#1869 = VECTOR('',#1870,1.);
#1870 = DIRECTION('',(1.,0.,0.));
#1871 = PCURVE('',#1679,#1872);
#1872 = DEFINITIONAL_REPRESENTATION('',(#1873),#1877);
#1873 = LINE('',#1874,#1875);
#1874 = CARTESIAN_POINT('',(5.70865,0.));
#1875 = VECTOR('',#1876,1.);
#1876 = DIRECTION('',(1.,0.));
#1877 = ( GEOMETRIC_REPRESENTATION_CONTEXT(2) 
PARAMETRIC_REPRESENTATION_CONTEXT() REPRESENTATION_CONTEXT('2D SPACE',''
  ) );
#1878 = PCURVE('',#126,#1879);
#1879 = DEFINITIONAL_REPRESENTATION('',(#1880),#1884);
#1880 = LINE('',#1881,#1882);
#1881 = CARTESIAN_POINT('',(86.414520311902,-92.5717914067));
#1882 = VECTOR('',#1883,1.);
#1883 = DIRECTION('',(1.,0.));
#1884 = ( GEOMETRIC_REPRESENTATION_CONTEXT(2) 
PARAMETRIC_REPRESENTATION_CONTEXT() REPRESENTATION_CONTEXT('2D SPACE',''
  ) );
#1885 = ADVANCED_FACE('',(#1886),#1777,.T.);
#1886 = FACE_BOUND('',#1887,.T.);
#1887 = EDGE_LOOP('',(#1888,#1918,#1939,#1940));
#1888 = ORIENTED_EDGE('',*,*,#1889,.T.);
#1889 = EDGE_CURVE('',#1890,#1892,#1894,.T.);
#1890 = VERTEX_POINT('',#1891);
#1891 = CARTESIAN_POINT('',(56.50865,31.75,0.));
#1892 = VERTEX_POINT('',#1893);
#1893 = CARTESIAN_POINT('',(56.50865,31.75,12.7));
#1894 = SURFACE_CURVE('',#1895,(#1899,#1906),.PCURVE_S1.);
#1895 = LINE('',#1896,#1897);
#1896 = CARTESIAN_POINT('',(56.50865,31.75,0.));
#1897 = VECTOR('',#1898,1.);
#1898 = DIRECTION('',(0.,0.,1.));
#1899 = PCURVE('',#1777,#1900);
#1900 = DEFINITIONAL_REPRESENTATION('',(#1901),#1905);
#1901 = LINE('',#1902,#1903);
#1902 = CARTESIAN_POINT('',(0.,0.));
#1903 = VECTOR('',#1904,1.);
#1904 = DIRECTION('',(0.,-1.));
#1905 = ( GEOMETRIC_REPRESENTATION_CONTEXT(2) 
PARAMETRIC_REPRESENTATION_CONTEXT() REPRESENTATION_CONTEXT('2D SPACE',''
  ) );
#1906 = PCURVE('',#1907,#1912);
#1907 = PLANE('',#1908);
#1908 = AXIS2_PLACEMENT_3D('',#1909,#1910,#1911);
#1909 = CARTESIAN_POINT('',(54.1274,31.75,0.));
#1910 = DIRECTION('',(0.,1.,0.));
#1911 = DIRECTION('',(1.,0.,0.));
#1912 = DEFINITIONAL_REPRESENTATION('',(#1913),#1917);
#1913 = LINE('',#1914,#1915);
#1914 = CARTESIAN_POINT('',(2.38125,0.));
#1915 = VECTOR('',#1916,1.);
#1916 = DIRECTION('',(0.,-1.));
#1917 = ( GEOMETRIC_REPRESENTATION_CONTEXT(2) 
PARAMETRIC_REPRESENTATION_CONTEXT() REPRESENTATION_CONTEXT('2D SPACE',''
  ) );
#1918 = ORIENTED_EDGE('',*,*,#1919,.T.);
#1919 = EDGE_CURVE('',#1892,#1739,#1920,.T.);
#1920 = SURFACE_CURVE('',#1921,(#1925,#1932),.PCURVE_S1.);
#1921 = LINE('',#1922,#1923);
#1922 = CARTESIAN_POINT('',(56.50865,34.6837,12.7));
#1923 = VECTOR('',#1924,1.);
#1924 = DIRECTION('',(0.,1.,0.));
#1925 = PCURVE('',#1777,#1926);
#1926 = DEFINITIONAL_REPRESENTATION('',(#1927),#1931);
#1927 = LINE('',#1928,#1929);
#1928 = CARTESIAN_POINT('',(2.9337,-12.7));
#1929 = VECTOR('',#1930,1.);
#1930 = DIRECTION('',(1.,0.));
#1931 = ( GEOMETRIC_REPRESENTATION_CONTEXT(2) 
PARAMETRIC_REPRESENTATION_CONTEXT() REPRESENTATION_CONTEXT('2D SPACE',''
  ) );
#1932 = PCURVE('',#72,#1933);
#1933 = DEFINITIONAL_REPRESENTATION('',(#1934),#1938);
#1934 = LINE('',#1935,#1936);
#1935 = CARTESIAN_POINT('',(-47.57682968809,-89.6380914067));
#1936 = VECTOR('',#1937,1.);
#1937 = DIRECTION('',(0.,1.));
#1938 = ( GEOMETRIC_REPRESENTATION_CONTEXT(2) 
PARAMETRIC_REPRESENTATION_CONTEXT() REPRESENTATION_CONTEXT('2D SPACE',''
  ) );
#1939 = ORIENTED_EDGE('',*,*,#1761,.F.);
#1940 = ORIENTED_EDGE('',*,*,#1941,.F.);
#1941 = EDGE_CURVE('',#1890,#1762,#1942,.T.);
#1942 = SURFACE_CURVE('',#1943,(#1947,#1954),.PCURVE_S1.);
#1943 = LINE('',#1944,#1945);
#1944 = CARTESIAN_POINT('',(56.50865,34.6837,0.));
#1945 = VECTOR('',#1946,1.);
#1946 = DIRECTION('',(0.,1.,0.));
#1947 = PCURVE('',#1777,#1948);
#1948 = DEFINITIONAL_REPRESENTATION('',(#1949),#1953);
#1949 = LINE('',#1950,#1951);
#1950 = CARTESIAN_POINT('',(2.9337,0.));
#1951 = VECTOR('',#1952,1.);
#1952 = DIRECTION('',(1.,0.));
#1953 = ( GEOMETRIC_REPRESENTATION_CONTEXT(2) 
PARAMETRIC_REPRESENTATION_CONTEXT() REPRESENTATION_CONTEXT('2D SPACE',''
  ) );
#1954 = PCURVE('',#126,#1955);
#1955 = DEFINITIONAL_REPRESENTATION('',(#1956),#1960);
#1956 = LINE('',#1957,#1958);
#1957 = CARTESIAN_POINT('',(-47.57682968809,-89.6380914067));
#1958 = VECTOR('',#1959,1.);
#1959 = DIRECTION('',(0.,1.));
#1960 = ( GEOMETRIC_REPRESENTATION_CONTEXT(2) 
PARAMETRIC_REPRESENTATION_CONTEXT() REPRESENTATION_CONTEXT('2D SPACE',''
  ) );
#1961 = ADVANCED_FACE('',(#1962),#1853,.F.);
#1962 = FACE_BOUND('',#1963,.F.);
#1963 = EDGE_LOOP('',(#1964,#1994,#2015,#2016));
#1964 = ORIENTED_EDGE('',*,*,#1965,.T.);
#1965 = EDGE_CURVE('',#1966,#1968,#1970,.T.);
#1966 = VERTEX_POINT('',#1967);
#1967 = CARTESIAN_POINT('',(187.1726,12.7,0.));
#1968 = VERTEX_POINT('',#1969);
#1969 = CARTESIAN_POINT('',(187.1726,12.7,12.7));
#1970 = SURFACE_CURVE('',#1971,(#1975,#1982),.PCURVE_S1.);
#1971 = LINE('',#1972,#1973);
#1972 = CARTESIAN_POINT('',(187.1726,12.7,0.));
#1973 = VECTOR('',#1974,1.);
#1974 = DIRECTION('',(0.,0.,1.));
#1975 = PCURVE('',#1853,#1976);
#1976 = DEFINITIONAL_REPRESENTATION('',(#1977),#1981);
#1977 = LINE('',#1978,#1979);
#1978 = CARTESIAN_POINT('',(0.,0.));
#1979 = VECTOR('',#1980,1.);
#1980 = DIRECTION('',(0.,-1.));
#1981 = ( GEOMETRIC_REPRESENTATION_CONTEXT(2) 
PARAMETRIC_REPRESENTATION_CONTEXT() REPRESENTATION_CONTEXT('2D SPACE',''
  ) );
#1982 = PCURVE('',#1983,#1988);
#1983 = PLANE('',#1984);
#1984 = AXIS2_PLACEMENT_3D('',#1985,#1986,#1987);
#1985 = CARTESIAN_POINT('',(123.9774,12.7,0.));
#1986 = DIRECTION('',(0.,1.,0.));
#1987 = DIRECTION('',(1.,0.,0.));
#1988 = DEFINITIONAL_REPRESENTATION('',(#1989),#1993);
#1989 = LINE('',#1990,#1991);
#1990 = CARTESIAN_POINT('',(63.1952,0.));
#1991 = VECTOR('',#1992,1.);
#1992 = DIRECTION('',(0.,-1.));
#1993 = ( GEOMETRIC_REPRESENTATION_CONTEXT(2) 
PARAMETRIC_REPRESENTATION_CONTEXT() REPRESENTATION_CONTEXT('2D SPACE',''
  ) );
#1994 = ORIENTED_EDGE('',*,*,#1995,.T.);
#1995 = EDGE_CURVE('',#1968,#1815,#1996,.T.);
#1996 = SURFACE_CURVE('',#1997,(#2001,#2008),.PCURVE_S1.);
#1997 = LINE('',#1998,#1999);
#1998 = CARTESIAN_POINT('',(187.1726,32.54375,12.7));
#1999 = VECTOR('',#2000,1.);
#2000 = DIRECTION('',(0.,1.,0.));
#2001 = PCURVE('',#1853,#2002);
#2002 = DEFINITIONAL_REPRESENTATION('',(#2003),#2007);
#2003 = LINE('',#2004,#2005);
#2004 = CARTESIAN_POINT('',(19.84375,-12.7));
#2005 = VECTOR('',#2006,1.);
#2006 = DIRECTION('',(1.,0.));
#2007 = ( GEOMETRIC_REPRESENTATION_CONTEXT(2) 
PARAMETRIC_REPRESENTATION_CONTEXT() REPRESENTATION_CONTEXT('2D SPACE',''
  ) );
#2008 = PCURVE('',#72,#2009);
#2009 = DEFINITIONAL_REPRESENTATION('',(#2010),#2014);
#2010 = LINE('',#2011,#2012);
#2011 = CARTESIAN_POINT('',(83.087120311902,-91.7780414067));
#2012 = VECTOR('',#2013,1.);
#2013 = DIRECTION('',(0.,1.));
#2014 = ( GEOMETRIC_REPRESENTATION_CONTEXT(2) 
PARAMETRIC_REPRESENTATION_CONTEXT() REPRESENTATION_CONTEXT('2D SPACE',''
  ) );
#2015 = ORIENTED_EDGE('',*,*,#1837,.F.);
#2016 = ORIENTED_EDGE('',*,*,#2017,.F.);
#2017 = EDGE_CURVE('',#1966,#1838,#2018,.T.);
#2018 = SURFACE_CURVE('',#2019,(#2023,#2030),.PCURVE_S1.);
#2019 = LINE('',#2020,#2021);
#2020 = CARTESIAN_POINT('',(187.1726,32.54375,0.));
#2021 = VECTOR('',#2022,1.);
#2022 = DIRECTION('',(0.,1.,0.));
#2023 = PCURVE('',#1853,#2024);
#2024 = DEFINITIONAL_REPRESENTATION('',(#2025),#2029);
#2025 = LINE('',#2026,#2027);
#2026 = CARTESIAN_POINT('',(19.84375,0.));
#2027 = VECTOR('',#2028,1.);
#2028 = DIRECTION('',(1.,0.));
#2029 = ( GEOMETRIC_REPRESENTATION_CONTEXT(2) 
PARAMETRIC_REPRESENTATION_CONTEXT() REPRESENTATION_CONTEXT('2D SPACE',''
  ) );
#2030 = PCURVE('',#126,#2031);
#2031 = DEFINITIONAL_REPRESENTATION('',(#2032),#2036);
#2032 = LINE('',#2033,#2034);
#2033 = CARTESIAN_POINT('',(83.087120311902,-91.7780414067));
#2034 = VECTOR('',#2035,1.);
#2035 = DIRECTION('',(0.,1.));
#2036 = ( GEOMETRIC_REPRESENTATION_CONTEXT(2) 
PARAMETRIC_REPRESENTATION_CONTEXT() REPRESENTATION_CONTEXT('2D SPACE',''
  ) );
#2037 = ADVANCED_FACE('',(#2038),#1907,.T.);
#2038 = FACE_BOUND('',#2039,.T.);
#2039 = EDGE_LOOP('',(#2040,#2070,#2091,#2092));
#2040 = ORIENTED_EDGE('',*,*,#2041,.T.);
#2041 = EDGE_CURVE('',#2042,#2044,#2046,.T.);
#2042 = VERTEX_POINT('',#2043);
#2043 = CARTESIAN_POINT('',(54.1274,31.75,0.));
#2044 = VERTEX_POINT('',#2045);
#2045 = CARTESIAN_POINT('',(54.1274,31.75,12.7));
#2046 = SURFACE_CURVE('',#2047,(#2051,#2058),.PCURVE_S1.);
#2047 = LINE('',#2048,#2049);
#2048 = CARTESIAN_POINT('',(54.1274,31.75,0.));
#2049 = VECTOR('',#2050,1.);
#2050 = DIRECTION('',(0.,0.,1.));
#2051 = PCURVE('',#1907,#2052);
#2052 = DEFINITIONAL_REPRESENTATION('',(#2053),#2057);
#2053 = LINE('',#2054,#2055);
#2054 = CARTESIAN_POINT('',(0.,0.));
#2055 = VECTOR('',#2056,1.);
#2056 = DIRECTION('',(0.,-1.));
#2057 = ( GEOMETRIC_REPRESENTATION_CONTEXT(2) 
PARAMETRIC_REPRESENTATION_CONTEXT() REPRESENTATION_CONTEXT('2D SPACE',''
  ) );
#2058 = PCURVE('',#2059,#2064);
#2059 = PLANE('',#2060);
#2060 = AXIS2_PLACEMENT_3D('',#2061,#2062,#2063);
#2061 = CARTESIAN_POINT('',(54.1274,12.7,0.));
#2062 = DIRECTION('',(-1.,0.,0.));
#2063 = DIRECTION('',(0.,1.,0.));
#2064 = DEFINITIONAL_REPRESENTATION('',(#2065),#2069);
#2065 = LINE('',#2066,#2067);
#2066 = CARTESIAN_POINT('',(19.05,0.));
#2067 = VECTOR('',#2068,1.);
#2068 = DIRECTION('',(0.,-1.));
#2069 = ( GEOMETRIC_REPRESENTATION_CONTEXT(2) 
PARAMETRIC_REPRESENTATION_CONTEXT() REPRESENTATION_CONTEXT('2D SPACE',''
  ) );
#2070 = ORIENTED_EDGE('',*,*,#2071,.T.);
#2071 = EDGE_CURVE('',#2044,#1892,#2072,.T.);
#2072 = SURFACE_CURVE('',#2073,(#2077,#2084),.PCURVE_S1.);
#2073 = LINE('',#2074,#2075);
#2074 = CARTESIAN_POINT('',(50.8,31.75,12.7));
#2075 = VECTOR('',#2076,1.);
#2076 = DIRECTION('',(1.,0.,0.));
#2077 = PCURVE('',#1907,#2078);
#2078 = DEFINITIONAL_REPRESENTATION('',(#2079),#2083);
#2079 = LINE('',#2080,#2081);
#2080 = CARTESIAN_POINT('',(-3.3274,-12.7));
#2081 = VECTOR('',#2082,1.);
#2082 = DIRECTION('',(1.,0.));
#2083 = ( GEOMETRIC_REPRESENTATION_CONTEXT(2) 
PARAMETRIC_REPRESENTATION_CONTEXT() REPRESENTATION_CONTEXT('2D SPACE',''
  ) );
#2084 = PCURVE('',#72,#2085);
#2085 = DEFINITIONAL_REPRESENTATION('',(#2086),#2090);
#2086 = LINE('',#2087,#2088);
#2087 = CARTESIAN_POINT('',(-53.28547968809,-92.5717914067));
#2088 = VECTOR('',#2089,1.);
#2089 = DIRECTION('',(1.,0.));
#2090 = ( GEOMETRIC_REPRESENTATION_CONTEXT(2) 
PARAMETRIC_REPRESENTATION_CONTEXT() REPRESENTATION_CONTEXT('2D SPACE',''
  ) );
#2091 = ORIENTED_EDGE('',*,*,#1889,.F.);
#2092 = ORIENTED_EDGE('',*,*,#2093,.F.);
#2093 = EDGE_CURVE('',#2042,#1890,#2094,.T.);
#2094 = SURFACE_CURVE('',#2095,(#2099,#2106),.PCURVE_S1.);
#2095 = LINE('',#2096,#2097);
#2096 = CARTESIAN_POINT('',(50.8,31.75,0.));
#2097 = VECTOR('',#2098,1.);
#2098 = DIRECTION('',(1.,0.,0.));
#2099 = PCURVE('',#1907,#2100);
#2100 = DEFINITIONAL_REPRESENTATION('',(#2101),#2105);
#2101 = LINE('',#2102,#2103);
#2102 = CARTESIAN_POINT('',(-3.3274,0.));
#2103 = VECTOR('',#2104,1.);
#2104 = DIRECTION('',(1.,0.));
#2105 = ( GEOMETRIC_REPRESENTATION_CONTEXT(2) 
PARAMETRIC_REPRESENTATION_CONTEXT() REPRESENTATION_CONTEXT('2D SPACE',''
  ) );
#2106 = PCURVE('',#126,#2107);
#2107 = DEFINITIONAL_REPRESENTATION('',(#2108),#2112);
#2108 = LINE('',#2109,#2110);
#2109 = CARTESIAN_POINT('',(-53.28547968809,-92.5717914067));
#2110 = VECTOR('',#2111,1.);
#2111 = DIRECTION('',(1.,0.));
#2112 = ( GEOMETRIC_REPRESENTATION_CONTEXT(2) 
PARAMETRIC_REPRESENTATION_CONTEXT() REPRESENTATION_CONTEXT('2D SPACE',''
  ) );
#2113 = ADVANCED_FACE('',(#2114),#1983,.F.);
#2114 = FACE_BOUND('',#2115,.F.);
#2115 = EDGE_LOOP('',(#2116,#2146,#2167,#2168));
#2116 = ORIENTED_EDGE('',*,*,#2117,.T.);
#2117 = EDGE_CURVE('',#2118,#2120,#2122,.T.);
#2118 = VERTEX_POINT('',#2119);
#2119 = CARTESIAN_POINT('',(123.9774,12.7,0.));
#2120 = VERTEX_POINT('',#2121);
#2121 = CARTESIAN_POINT('',(123.9774,12.7,12.7));
#2122 = SURFACE_CURVE('',#2123,(#2127,#2134),.PCURVE_S1.);
#2123 = LINE('',#2124,#2125);
#2124 = CARTESIAN_POINT('',(123.9774,12.7,0.));
#2125 = VECTOR('',#2126,1.);
#2126 = DIRECTION('',(0.,0.,1.));
#2127 = PCURVE('',#1983,#2128);
#2128 = DEFINITIONAL_REPRESENTATION('',(#2129),#2133);
#2129 = LINE('',#2130,#2131);
#2130 = CARTESIAN_POINT('',(0.,0.));
#2131 = VECTOR('',#2132,1.);
#2132 = DIRECTION('',(0.,-1.));
#2133 = ( GEOMETRIC_REPRESENTATION_CONTEXT(2) 
PARAMETRIC_REPRESENTATION_CONTEXT() REPRESENTATION_CONTEXT('2D SPACE',''
  ) );
#2134 = PCURVE('',#2135,#2140);
#2135 = PLANE('',#2136);
#2136 = AXIS2_PLACEMENT_3D('',#2137,#2138,#2139);
#2137 = CARTESIAN_POINT('',(123.9774,12.7,0.));
#2138 = DIRECTION('',(-1.,0.,0.));
#2139 = DIRECTION('',(0.,1.,0.));
#2140 = DEFINITIONAL_REPRESENTATION('',(#2141),#2145);
#2141 = LINE('',#2142,#2143);
#2142 = CARTESIAN_POINT('',(0.,0.));
#2143 = VECTOR('',#2144,1.);
#2144 = DIRECTION('',(0.,-1.));
#2145 = ( GEOMETRIC_REPRESENTATION_CONTEXT(2) 
PARAMETRIC_REPRESENTATION_CONTEXT() REPRESENTATION_CONTEXT('2D SPACE',''
  ) );
#2146 = ORIENTED_EDGE('',*,*,#2147,.T.);
#2147 = EDGE_CURVE('',#2120,#1968,#2148,.T.);
#2148 = SURFACE_CURVE('',#2149,(#2153,#2160),.PCURVE_S1.);
#2149 = LINE('',#2150,#2151);
#2150 = CARTESIAN_POINT('',(0.,12.7,12.7));
#2151 = VECTOR('',#2152,1.);
#2152 = DIRECTION('',(1.,0.,0.));
#2153 = PCURVE('',#1983,#2154);
#2154 = DEFINITIONAL_REPRESENTATION('',(#2155),#2159);
#2155 = LINE('',#2156,#2157);
#2156 = CARTESIAN_POINT('',(-123.9774,-12.7));
#2157 = VECTOR('',#2158,1.);
#2158 = DIRECTION('',(1.,0.));
#2159 = ( GEOMETRIC_REPRESENTATION_CONTEXT(2) 
PARAMETRIC_REPRESENTATION_CONTEXT() REPRESENTATION_CONTEXT('2D SPACE',''
  ) );
#2160 = PCURVE('',#72,#2161);
#2161 = DEFINITIONAL_REPRESENTATION('',(#2162),#2166);
#2162 = LINE('',#2163,#2164);
#2163 = CARTESIAN_POINT('',(-104.085479688,-111.6217914067));
#2164 = VECTOR('',#2165,1.);
#2165 = DIRECTION('',(1.,0.));
#2166 = ( GEOMETRIC_REPRESENTATION_CONTEXT(2) 
PARAMETRIC_REPRESENTATION_CONTEXT() REPRESENTATION_CONTEXT('2D SPACE',''
  ) );
#2167 = ORIENTED_EDGE('',*,*,#1965,.F.);
#2168 = ORIENTED_EDGE('',*,*,#2169,.F.);
#2169 = EDGE_CURVE('',#2118,#1966,#2170,.T.);
#2170 = SURFACE_CURVE('',#2171,(#2175,#2182),.PCURVE_S1.);
#2171 = LINE('',#2172,#2173);
#2172 = CARTESIAN_POINT('',(0.,12.7,0.));
#2173 = VECTOR('',#2174,1.);
#2174 = DIRECTION('',(1.,0.,0.));
#2175 = PCURVE('',#1983,#2176);
#2176 = DEFINITIONAL_REPRESENTATION('',(#2177),#2181);
#2177 = LINE('',#2178,#2179);
#2178 = CARTESIAN_POINT('',(-123.9774,0.));
#2179 = VECTOR('',#2180,1.);
#2180 = DIRECTION('',(1.,0.));
#2181 = ( GEOMETRIC_REPRESENTATION_CONTEXT(2) 
PARAMETRIC_REPRESENTATION_CONTEXT() REPRESENTATION_CONTEXT('2D SPACE',''
  ) );
#2182 = PCURVE('',#126,#2183);
#2183 = DEFINITIONAL_REPRESENTATION('',(#2184),#2188);
#2184 = LINE('',#2185,#2186);
#2185 = CARTESIAN_POINT('',(-104.085479688,-111.6217914067));
#2186 = VECTOR('',#2187,1.);
#2187 = DIRECTION('',(1.,0.));
#2188 = ( GEOMETRIC_REPRESENTATION_CONTEXT(2) 
PARAMETRIC_REPRESENTATION_CONTEXT() REPRESENTATION_CONTEXT('2D SPACE',''
  ) );
#2189 = ADVANCED_FACE('',(#2190),#2059,.T.);
#2190 = FACE_BOUND('',#2191,.T.);
#2191 = EDGE_LOOP('',(#2192,#2222,#2243,#2244));
#2192 = ORIENTED_EDGE('',*,*,#2193,.T.);
#2193 = EDGE_CURVE('',#2194,#2196,#2198,.T.);
#2194 = VERTEX_POINT('',#2195);
#2195 = CARTESIAN_POINT('',(54.1274,12.7,0.));
#2196 = VERTEX_POINT('',#2197);
#2197 = CARTESIAN_POINT('',(54.1274,12.7,12.7));
#2198 = SURFACE_CURVE('',#2199,(#2203,#2210),.PCURVE_S1.);
#2199 = LINE('',#2200,#2201);
#2200 = CARTESIAN_POINT('',(54.1274,12.7,0.));
#2201 = VECTOR('',#2202,1.);
#2202 = DIRECTION('',(0.,0.,1.));
#2203 = PCURVE('',#2059,#2204);
#2204 = DEFINITIONAL_REPRESENTATION('',(#2205),#2209);
#2205 = LINE('',#2206,#2207);
#2206 = CARTESIAN_POINT('',(0.,0.));
#2207 = VECTOR('',#2208,1.);
#2208 = DIRECTION('',(0.,-1.));
#2209 = ( GEOMETRIC_REPRESENTATION_CONTEXT(2) 
PARAMETRIC_REPRESENTATION_CONTEXT() REPRESENTATION_CONTEXT('2D SPACE',''
  ) );
#2210 = PCURVE('',#2211,#2216);
#2211 = PLANE('',#2212);
#2212 = AXIS2_PLACEMENT_3D('',#2213,#2214,#2215);
#2213 = CARTESIAN_POINT('',(54.1274,12.7,0.));
#2214 = DIRECTION('',(0.,1.,0.));
#2215 = DIRECTION('',(1.,0.,0.));
#2216 = DEFINITIONAL_REPRESENTATION('',(#2217),#2221);
#2217 = LINE('',#2218,#2219);
#2218 = CARTESIAN_POINT('',(0.,0.));
#2219 = VECTOR('',#2220,1.);
#2220 = DIRECTION('',(0.,-1.));
#2221 = ( GEOMETRIC_REPRESENTATION_CONTEXT(2) 
PARAMETRIC_REPRESENTATION_CONTEXT() REPRESENTATION_CONTEXT('2D SPACE',''
  ) );
#2222 = ORIENTED_EDGE('',*,*,#2223,.T.);
#2223 = EDGE_CURVE('',#2196,#2044,#2224,.T.);
#2224 = SURFACE_CURVE('',#2225,(#2229,#2236),.PCURVE_S1.);
#2225 = LINE('',#2226,#2227);
#2226 = CARTESIAN_POINT('',(54.1274,32.54375,12.7));
#2227 = VECTOR('',#2228,1.);
#2228 = DIRECTION('',(0.,1.,0.));
#2229 = PCURVE('',#2059,#2230);
#2230 = DEFINITIONAL_REPRESENTATION('',(#2231),#2235);
#2231 = LINE('',#2232,#2233);
#2232 = CARTESIAN_POINT('',(19.84375,-12.7));
#2233 = VECTOR('',#2234,1.);
#2234 = DIRECTION('',(1.,0.));
#2235 = ( GEOMETRIC_REPRESENTATION_CONTEXT(2) 
PARAMETRIC_REPRESENTATION_CONTEXT() REPRESENTATION_CONTEXT('2D SPACE',''
  ) );
#2236 = PCURVE('',#72,#2237);
#2237 = DEFINITIONAL_REPRESENTATION('',(#2238),#2242);
#2238 = LINE('',#2239,#2240);
#2239 = CARTESIAN_POINT('',(-49.95807968809,-91.7780414067));
#2240 = VECTOR('',#2241,1.);
#2241 = DIRECTION('',(0.,1.));
#2242 = ( GEOMETRIC_REPRESENTATION_CONTEXT(2) 
PARAMETRIC_REPRESENTATION_CONTEXT() REPRESENTATION_CONTEXT('2D SPACE',''
  ) );
#2243 = ORIENTED_EDGE('',*,*,#2041,.F.);
#2244 = ORIENTED_EDGE('',*,*,#2245,.F.);
#2245 = EDGE_CURVE('',#2194,#2042,#2246,.T.);
#2246 = SURFACE_CURVE('',#2247,(#2251,#2258),.PCURVE_S1.);
#2247 = LINE('',#2248,#2249);
#2248 = CARTESIAN_POINT('',(54.1274,32.54375,0.));
#2249 = VECTOR('',#2250,1.);
#2250 = DIRECTION('',(0.,1.,0.));
#2251 = PCURVE('',#2059,#2252);
#2252 = DEFINITIONAL_REPRESENTATION('',(#2253),#2257);
#2253 = LINE('',#2254,#2255);
#2254 = CARTESIAN_POINT('',(19.84375,0.));
#2255 = VECTOR('',#2256,1.);
#2256 = DIRECTION('',(1.,0.));
#2257 = ( GEOMETRIC_REPRESENTATION_CONTEXT(2) 
PARAMETRIC_REPRESENTATION_CONTEXT() REPRESENTATION_CONTEXT('2D SPACE',''
  ) );
#2258 = PCURVE('',#126,#2259);
#2259 = DEFINITIONAL_REPRESENTATION('',(#2260),#2264);
#2260 = LINE('',#2261,#2262);
#2261 = CARTESIAN_POINT('',(-49.95807968809,-91.7780414067));
#2262 = VECTOR('',#2263,1.);
#2263 = DIRECTION('',(0.,1.));
#2264 = ( GEOMETRIC_REPRESENTATION_CONTEXT(2) 
PARAMETRIC_REPRESENTATION_CONTEXT() REPRESENTATION_CONTEXT('2D SPACE',''
  ) );
#2265 = ADVANCED_FACE('',(#2266),#2135,.T.);
#2266 = FACE_BOUND('',#2267,.T.);
#2267 = EDGE_LOOP('',(#2268,#2269,#2292,#2320));
#2268 = ORIENTED_EDGE('',*,*,#2117,.T.);
#2269 = ORIENTED_EDGE('',*,*,#2270,.T.);
#2270 = EDGE_CURVE('',#2120,#2271,#2273,.T.);
#2271 = VERTEX_POINT('',#2272);
#2272 = CARTESIAN_POINT('',(123.9774,31.75,12.7));
#2273 = SURFACE_CURVE('',#2274,(#2278,#2285),.PCURVE_S1.);
#2274 = LINE('',#2275,#2276);
#2275 = CARTESIAN_POINT('',(123.9774,32.54375,12.7));
#2276 = VECTOR('',#2277,1.);
#2277 = DIRECTION('',(0.,1.,0.));
#2278 = PCURVE('',#2135,#2279);
#2279 = DEFINITIONAL_REPRESENTATION('',(#2280),#2284);
#2280 = LINE('',#2281,#2282);
#2281 = CARTESIAN_POINT('',(19.84375,-12.7));
#2282 = VECTOR('',#2283,1.);
#2283 = DIRECTION('',(1.,0.));
#2284 = ( GEOMETRIC_REPRESENTATION_CONTEXT(2) 
PARAMETRIC_REPRESENTATION_CONTEXT() REPRESENTATION_CONTEXT('2D SPACE',''
  ) );
#2285 = PCURVE('',#72,#2286);
#2286 = DEFINITIONAL_REPRESENTATION('',(#2287),#2291);
#2287 = LINE('',#2288,#2289);
#2288 = CARTESIAN_POINT('',(19.891920311902,-91.7780414067));
#2289 = VECTOR('',#2290,1.);
#2290 = DIRECTION('',(0.,1.));
#2291 = ( GEOMETRIC_REPRESENTATION_CONTEXT(2) 
PARAMETRIC_REPRESENTATION_CONTEXT() REPRESENTATION_CONTEXT('2D SPACE',''
  ) );
#2292 = ORIENTED_EDGE('',*,*,#2293,.F.);
#2293 = EDGE_CURVE('',#2294,#2271,#2296,.T.);
#2294 = VERTEX_POINT('',#2295);
#2295 = CARTESIAN_POINT('',(123.9774,31.75,0.));
#2296 = SURFACE_CURVE('',#2297,(#2301,#2308),.PCURVE_S1.);
#2297 = LINE('',#2298,#2299);
#2298 = CARTESIAN_POINT('',(123.9774,31.75,0.));
#2299 = VECTOR('',#2300,1.);
#2300 = DIRECTION('',(0.,0.,1.));
#2301 = PCURVE('',#2135,#2302);
#2302 = DEFINITIONAL_REPRESENTATION('',(#2303),#2307);
#2303 = LINE('',#2304,#2305);
#2304 = CARTESIAN_POINT('',(19.05,0.));
#2305 = VECTOR('',#2306,1.);
#2306 = DIRECTION('',(0.,-1.));
#2307 = ( GEOMETRIC_REPRESENTATION_CONTEXT(2) 
PARAMETRIC_REPRESENTATION_CONTEXT() REPRESENTATION_CONTEXT('2D SPACE',''
  ) );
#2308 = PCURVE('',#2309,#2314);
#2309 = PLANE('',#2310);
#2310 = AXIS2_PLACEMENT_3D('',#2311,#2312,#2313);
#2311 = CARTESIAN_POINT('',(123.9774,31.75,0.));
#2312 = DIRECTION('',(0.,1.,0.));
#2313 = DIRECTION('',(1.,0.,0.));
#2314 = DEFINITIONAL_REPRESENTATION('',(#2315),#2319);
#2315 = LINE('',#2316,#2317);
#2316 = CARTESIAN_POINT('',(0.,0.));
#2317 = VECTOR('',#2318,1.);
#2318 = DIRECTION('',(0.,-1.));
#2319 = ( GEOMETRIC_REPRESENTATION_CONTEXT(2) 
PARAMETRIC_REPRESENTATION_CONTEXT() REPRESENTATION_CONTEXT('2D SPACE',''
  ) );
#2320 = ORIENTED_EDGE('',*,*,#2321,.F.);
#2321 = EDGE_CURVE('',#2118,#2294,#2322,.T.);
#2322 = SURFACE_CURVE('',#2323,(#2327,#2334),.PCURVE_S1.);
#2323 = LINE('',#2324,#2325);
#2324 = CARTESIAN_POINT('',(123.9774,32.54375,0.));
#2325 = VECTOR('',#2326,1.);
#2326 = DIRECTION('',(0.,1.,0.));
#2327 = PCURVE('',#2135,#2328);
#2328 = DEFINITIONAL_REPRESENTATION('',(#2329),#2333);
#2329 = LINE('',#2330,#2331);
#2330 = CARTESIAN_POINT('',(19.84375,0.));
#2331 = VECTOR('',#2332,1.);
#2332 = DIRECTION('',(1.,0.));
#2333 = ( GEOMETRIC_REPRESENTATION_CONTEXT(2) 
PARAMETRIC_REPRESENTATION_CONTEXT() REPRESENTATION_CONTEXT('2D SPACE',''
  ) );
#2334 = PCURVE('',#126,#2335);
#2335 = DEFINITIONAL_REPRESENTATION('',(#2336),#2340);
#2336 = LINE('',#2337,#2338);
#2337 = CARTESIAN_POINT('',(19.891920311902,-91.7780414067));
#2338 = VECTOR('',#2339,1.);
#2339 = DIRECTION('',(0.,1.));
#2340 = ( GEOMETRIC_REPRESENTATION_CONTEXT(2) 
PARAMETRIC_REPRESENTATION_CONTEXT() REPRESENTATION_CONTEXT('2D SPACE',''
  ) );
#2341 = ADVANCED_FACE('',(#2342),#2211,.F.);
#2342 = FACE_BOUND('',#2343,.F.);
#2343 = EDGE_LOOP('',(#2344,#2345,#2368,#2396));
#2344 = ORIENTED_EDGE('',*,*,#2193,.T.);
#2345 = ORIENTED_EDGE('',*,*,#2346,.T.);
#2346 = EDGE_CURVE('',#2196,#2347,#2349,.T.);
#2347 = VERTEX_POINT('',#2348);
#2348 = CARTESIAN_POINT('',(117.3226,12.7,12.7));
#2349 = SURFACE_CURVE('',#2350,(#2354,#2361),.PCURVE_S1.);
#2350 = LINE('',#2351,#2352);
#2351 = CARTESIAN_POINT('',(0.,12.7,12.7));
#2352 = VECTOR('',#2353,1.);
#2353 = DIRECTION('',(1.,0.,0.));
#2354 = PCURVE('',#2211,#2355);
#2355 = DEFINITIONAL_REPRESENTATION('',(#2356),#2360);
#2356 = LINE('',#2357,#2358);
#2357 = CARTESIAN_POINT('',(-54.1274,-12.7));
#2358 = VECTOR('',#2359,1.);
#2359 = DIRECTION('',(1.,0.));
#2360 = ( GEOMETRIC_REPRESENTATION_CONTEXT(2) 
PARAMETRIC_REPRESENTATION_CONTEXT() REPRESENTATION_CONTEXT('2D SPACE',''
  ) );
#2361 = PCURVE('',#72,#2362);
#2362 = DEFINITIONAL_REPRESENTATION('',(#2363),#2367);
#2363 = LINE('',#2364,#2365);
#2364 = CARTESIAN_POINT('',(-104.085479688,-111.6217914067));
#2365 = VECTOR('',#2366,1.);
#2366 = DIRECTION('',(1.,0.));
#2367 = ( GEOMETRIC_REPRESENTATION_CONTEXT(2) 
PARAMETRIC_REPRESENTATION_CONTEXT() REPRESENTATION_CONTEXT('2D SPACE',''
  ) );
#2368 = ORIENTED_EDGE('',*,*,#2369,.F.);
#2369 = EDGE_CURVE('',#2370,#2347,#2372,.T.);
#2370 = VERTEX_POINT('',#2371);
#2371 = CARTESIAN_POINT('',(117.3226,12.7,0.));
#2372 = SURFACE_CURVE('',#2373,(#2377,#2384),.PCURVE_S1.);
#2373 = LINE('',#2374,#2375);
#2374 = CARTESIAN_POINT('',(117.3226,12.7,0.));
#2375 = VECTOR('',#2376,1.);
#2376 = DIRECTION('',(0.,0.,1.));
#2377 = PCURVE('',#2211,#2378);
#2378 = DEFINITIONAL_REPRESENTATION('',(#2379),#2383);
#2379 = LINE('',#2380,#2381);
#2380 = CARTESIAN_POINT('',(63.1952,0.));
#2381 = VECTOR('',#2382,1.);
#2382 = DIRECTION('',(0.,-1.));
#2383 = ( GEOMETRIC_REPRESENTATION_CONTEXT(2) 
PARAMETRIC_REPRESENTATION_CONTEXT() REPRESENTATION_CONTEXT('2D SPACE',''
  ) );
#2384 = PCURVE('',#2385,#2390);
#2385 = PLANE('',#2386);
#2386 = AXIS2_PLACEMENT_3D('',#2387,#2388,#2389);
#2387 = CARTESIAN_POINT('',(117.3226,12.7,0.));
#2388 = DIRECTION('',(-1.,0.,0.));
#2389 = DIRECTION('',(0.,1.,0.));
#2390 = DEFINITIONAL_REPRESENTATION('',(#2391),#2395);
#2391 = LINE('',#2392,#2393);
#2392 = CARTESIAN_POINT('',(0.,0.));
#2393 = VECTOR('',#2394,1.);
#2394 = DIRECTION('',(0.,-1.));
#2395 = ( GEOMETRIC_REPRESENTATION_CONTEXT(2) 
PARAMETRIC_REPRESENTATION_CONTEXT() REPRESENTATION_CONTEXT('2D SPACE',''
  ) );
#2396 = ORIENTED_EDGE('',*,*,#2397,.F.);
#2397 = EDGE_CURVE('',#2194,#2370,#2398,.T.);
#2398 = SURFACE_CURVE('',#2399,(#2403,#2410),.PCURVE_S1.);
#2399 = LINE('',#2400,#2401);
#2400 = CARTESIAN_POINT('',(0.,12.7,0.));
#2401 = VECTOR('',#2402,1.);
#2402 = DIRECTION('',(1.,0.,0.));
#2403 = PCURVE('',#2211,#2404);
#2404 = DEFINITIONAL_REPRESENTATION('',(#2405),#2409);
#2405 = LINE('',#2406,#2407);
#2406 = CARTESIAN_POINT('',(-54.1274,0.));
#2407 = VECTOR('',#2408,1.);
#2408 = DIRECTION('',(1.,0.));
#2409 = ( GEOMETRIC_REPRESENTATION_CONTEXT(2) 
PARAMETRIC_REPRESENTATION_CONTEXT() REPRESENTATION_CONTEXT('2D SPACE',''
  ) );
#2410 = PCURVE('',#126,#2411);
#2411 = DEFINITIONAL_REPRESENTATION('',(#2412),#2416);
#2412 = LINE('',#2413,#2414);
#2413 = CARTESIAN_POINT('',(-104.085479688,-111.6217914067));
#2414 = VECTOR('',#2415,1.);
#2415 = DIRECTION('',(1.,0.));
#2416 = ( GEOMETRIC_REPRESENTATION_CONTEXT(2) 
PARAMETRIC_REPRESENTATION_CONTEXT() REPRESENTATION_CONTEXT('2D SPACE',''
  ) );
#2417 = ADVANCED_FACE('',(#2418),#2309,.T.);
#2418 = FACE_BOUND('',#2419,.T.);
#2419 = EDGE_LOOP('',(#2420,#2421,#2444,#2472));
#2420 = ORIENTED_EDGE('',*,*,#2293,.T.);
#2421 = ORIENTED_EDGE('',*,*,#2422,.T.);
#2422 = EDGE_CURVE('',#2271,#2423,#2425,.T.);
#2423 = VERTEX_POINT('',#2424);
#2424 = CARTESIAN_POINT('',(126.35865,31.75,12.7));
#2425 = SURFACE_CURVE('',#2426,(#2430,#2437),.PCURVE_S1.);
#2426 = LINE('',#2427,#2428);
#2427 = CARTESIAN_POINT('',(120.65,31.75,12.7));
#2428 = VECTOR('',#2429,1.);
#2429 = DIRECTION('',(1.,0.,0.));
#2430 = PCURVE('',#2309,#2431);
#2431 = DEFINITIONAL_REPRESENTATION('',(#2432),#2436);
#2432 = LINE('',#2433,#2434);
#2433 = CARTESIAN_POINT('',(-3.3274,-12.7));
#2434 = VECTOR('',#2435,1.);
#2435 = DIRECTION('',(1.,0.));
#2436 = ( GEOMETRIC_REPRESENTATION_CONTEXT(2) 
PARAMETRIC_REPRESENTATION_CONTEXT() REPRESENTATION_CONTEXT('2D SPACE',''
  ) );
#2437 = PCURVE('',#72,#2438);
#2438 = DEFINITIONAL_REPRESENTATION('',(#2439),#2443);
#2439 = LINE('',#2440,#2441);
#2440 = CARTESIAN_POINT('',(16.564520311902,-92.5717914067));
#2441 = VECTOR('',#2442,1.);
#2442 = DIRECTION('',(1.,0.));
#2443 = ( GEOMETRIC_REPRESENTATION_CONTEXT(2) 
PARAMETRIC_REPRESENTATION_CONTEXT() REPRESENTATION_CONTEXT('2D SPACE',''
  ) );
#2444 = ORIENTED_EDGE('',*,*,#2445,.F.);
#2445 = EDGE_CURVE('',#2446,#2423,#2448,.T.);
#2446 = VERTEX_POINT('',#2447);
#2447 = CARTESIAN_POINT('',(126.35865,31.75,0.));
#2448 = SURFACE_CURVE('',#2449,(#2453,#2460),.PCURVE_S1.);
#2449 = LINE('',#2450,#2451);
#2450 = CARTESIAN_POINT('',(126.35865,31.75,0.));
#2451 = VECTOR('',#2452,1.);
#2452 = DIRECTION('',(0.,0.,1.));
#2453 = PCURVE('',#2309,#2454);
#2454 = DEFINITIONAL_REPRESENTATION('',(#2455),#2459);
#2455 = LINE('',#2456,#2457);
#2456 = CARTESIAN_POINT('',(2.38125,0.));
#2457 = VECTOR('',#2458,1.);
#2458 = DIRECTION('',(0.,-1.));
#2459 = ( GEOMETRIC_REPRESENTATION_CONTEXT(2) 
PARAMETRIC_REPRESENTATION_CONTEXT() REPRESENTATION_CONTEXT('2D SPACE',''
  ) );
#2460 = PCURVE('',#2461,#2466);
#2461 = PLANE('',#2462);
#2462 = AXIS2_PLACEMENT_3D('',#2463,#2464,#2465);
#2463 = CARTESIAN_POINT('',(126.35865,31.75,0.));
#2464 = DIRECTION('',(-1.,0.,0.));
#2465 = DIRECTION('',(0.,1.,0.));
#2466 = DEFINITIONAL_REPRESENTATION('',(#2467),#2471);
#2467 = LINE('',#2468,#2469);
#2468 = CARTESIAN_POINT('',(0.,0.));
#2469 = VECTOR('',#2470,1.);
#2470 = DIRECTION('',(0.,-1.));
#2471 = ( GEOMETRIC_REPRESENTATION_CONTEXT(2) 
PARAMETRIC_REPRESENTATION_CONTEXT() REPRESENTATION_CONTEXT('2D SPACE',''
  ) );
#2472 = ORIENTED_EDGE('',*,*,#2473,.F.);
#2473 = EDGE_CURVE('',#2294,#2446,#2474,.T.);
#2474 = SURFACE_CURVE('',#2475,(#2479,#2486),.PCURVE_S1.);
#2475 = LINE('',#2476,#2477);
#2476 = CARTESIAN_POINT('',(120.65,31.75,0.));
#2477 = VECTOR('',#2478,1.);
#2478 = DIRECTION('',(1.,0.,0.));
#2479 = PCURVE('',#2309,#2480);
#2480 = DEFINITIONAL_REPRESENTATION('',(#2481),#2485);
#2481 = LINE('',#2482,#2483);
#2482 = CARTESIAN_POINT('',(-3.3274,0.));
#2483 = VECTOR('',#2484,1.);
#2484 = DIRECTION('',(1.,0.));
#2485 = ( GEOMETRIC_REPRESENTATION_CONTEXT(2) 
PARAMETRIC_REPRESENTATION_CONTEXT() REPRESENTATION_CONTEXT('2D SPACE',''
  ) );
#2486 = PCURVE('',#126,#2487);
#2487 = DEFINITIONAL_REPRESENTATION('',(#2488),#2492);
#2488 = LINE('',#2489,#2490);
#2489 = CARTESIAN_POINT('',(16.564520311902,-92.5717914067));
#2490 = VECTOR('',#2491,1.);
#2491 = DIRECTION('',(1.,0.));
#2492 = ( GEOMETRIC_REPRESENTATION_CONTEXT(2) 
PARAMETRIC_REPRESENTATION_CONTEXT() REPRESENTATION_CONTEXT('2D SPACE',''
  ) );
#2493 = ADVANCED_FACE('',(#2494),#2385,.F.);
#2494 = FACE_BOUND('',#2495,.F.);
#2495 = EDGE_LOOP('',(#2496,#2497,#2520,#2548));
#2496 = ORIENTED_EDGE('',*,*,#2369,.T.);
#2497 = ORIENTED_EDGE('',*,*,#2498,.T.);
#2498 = EDGE_CURVE('',#2347,#2499,#2501,.T.);
#2499 = VERTEX_POINT('',#2500);
#2500 = CARTESIAN_POINT('',(117.3226,31.75,12.7));
#2501 = SURFACE_CURVE('',#2502,(#2506,#2513),.PCURVE_S1.);
#2502 = LINE('',#2503,#2504);
#2503 = CARTESIAN_POINT('',(117.3226,32.54375,12.7));
#2504 = VECTOR('',#2505,1.);
#2505 = DIRECTION('',(0.,1.,0.));
#2506 = PCURVE('',#2385,#2507);
#2507 = DEFINITIONAL_REPRESENTATION('',(#2508),#2512);
#2508 = LINE('',#2509,#2510);
#2509 = CARTESIAN_POINT('',(19.84375,-12.7));
#2510 = VECTOR('',#2511,1.);
#2511 = DIRECTION('',(1.,0.));
#2512 = ( GEOMETRIC_REPRESENTATION_CONTEXT(2) 
PARAMETRIC_REPRESENTATION_CONTEXT() REPRESENTATION_CONTEXT('2D SPACE',''
  ) );
#2513 = PCURVE('',#72,#2514);
#2514 = DEFINITIONAL_REPRESENTATION('',(#2515),#2519);
#2515 = LINE('',#2516,#2517);
#2516 = CARTESIAN_POINT('',(13.237120311902,-91.7780414067));
#2517 = VECTOR('',#2518,1.);
#2518 = DIRECTION('',(0.,1.));
#2519 = ( GEOMETRIC_REPRESENTATION_CONTEXT(2) 
PARAMETRIC_REPRESENTATION_CONTEXT() REPRESENTATION_CONTEXT('2D SPACE',''
  ) );
#2520 = ORIENTED_EDGE('',*,*,#2521,.F.);
#2521 = EDGE_CURVE('',#2522,#2499,#2524,.T.);
#2522 = VERTEX_POINT('',#2523);
#2523 = CARTESIAN_POINT('',(117.3226,31.75,0.));
#2524 = SURFACE_CURVE('',#2525,(#2529,#2536),.PCURVE_S1.);
#2525 = LINE('',#2526,#2527);
#2526 = CARTESIAN_POINT('',(117.3226,31.75,0.));
#2527 = VECTOR('',#2528,1.);
#2528 = DIRECTION('',(0.,0.,1.));
#2529 = PCURVE('',#2385,#2530);
#2530 = DEFINITIONAL_REPRESENTATION('',(#2531),#2535);
#2531 = LINE('',#2532,#2533);
#2532 = CARTESIAN_POINT('',(19.05,0.));
#2533 = VECTOR('',#2534,1.);
#2534 = DIRECTION('',(0.,-1.));
#2535 = ( GEOMETRIC_REPRESENTATION_CONTEXT(2) 
PARAMETRIC_REPRESENTATION_CONTEXT() REPRESENTATION_CONTEXT('2D SPACE',''
  ) );
#2536 = PCURVE('',#2537,#2542);
#2537 = PLANE('',#2538);
#2538 = AXIS2_PLACEMENT_3D('',#2539,#2540,#2541);
#2539 = CARTESIAN_POINT('',(114.94135,31.75,0.));
#2540 = DIRECTION('',(0.,1.,0.));
#2541 = DIRECTION('',(1.,0.,0.));
#2542 = DEFINITIONAL_REPRESENTATION('',(#2543),#2547);
#2543 = LINE('',#2544,#2545);
#2544 = CARTESIAN_POINT('',(2.38125,0.));
#2545 = VECTOR('',#2546,1.);
#2546 = DIRECTION('',(0.,-1.));
#2547 = ( GEOMETRIC_REPRESENTATION_CONTEXT(2) 
PARAMETRIC_REPRESENTATION_CONTEXT() REPRESENTATION_CONTEXT('2D SPACE',''
  ) );
#2548 = ORIENTED_EDGE('',*,*,#2549,.F.);
#2549 = EDGE_CURVE('',#2370,#2522,#2550,.T.);
#2550 = SURFACE_CURVE('',#2551,(#2555,#2562),.PCURVE_S1.);
#2551 = LINE('',#2552,#2553);
#2552 = CARTESIAN_POINT('',(117.3226,32.54375,0.));
#2553 = VECTOR('',#2554,1.);
#2554 = DIRECTION('',(0.,1.,0.));
#2555 = PCURVE('',#2385,#2556);
#2556 = DEFINITIONAL_REPRESENTATION('',(#2557),#2561);
#2557 = LINE('',#2558,#2559);
#2558 = CARTESIAN_POINT('',(19.84375,0.));
#2559 = VECTOR('',#2560,1.);
#2560 = DIRECTION('',(1.,0.));
#2561 = ( GEOMETRIC_REPRESENTATION_CONTEXT(2) 
PARAMETRIC_REPRESENTATION_CONTEXT() REPRESENTATION_CONTEXT('2D SPACE',''
  ) );
#2562 = PCURVE('',#126,#2563);
#2563 = DEFINITIONAL_REPRESENTATION('',(#2564),#2568);
#2564 = LINE('',#2565,#2566);
#2565 = CARTESIAN_POINT('',(13.237120311902,-91.7780414067));
#2566 = VECTOR('',#2567,1.);
#2567 = DIRECTION('',(0.,1.));
#2568 = ( GEOMETRIC_REPRESENTATION_CONTEXT(2) 
PARAMETRIC_REPRESENTATION_CONTEXT() REPRESENTATION_CONTEXT('2D SPACE',''
  ) );
#2569 = ADVANCED_FACE('',(#2570),#2461,.T.);
#2570 = FACE_BOUND('',#2571,.T.);
#2571 = EDGE_LOOP('',(#2572,#2573,#2596,#2624));
#2572 = ORIENTED_EDGE('',*,*,#2445,.T.);
#2573 = ORIENTED_EDGE('',*,*,#2574,.T.);
#2574 = EDGE_CURVE('',#2423,#2575,#2577,.T.);
#2575 = VERTEX_POINT('',#2576);
#2576 = CARTESIAN_POINT('',(126.35865,37.6174,12.7));
#2577 = SURFACE_CURVE('',#2578,(#2582,#2589),.PCURVE_S1.);
#2578 = LINE('',#2579,#2580);
#2579 = CARTESIAN_POINT('',(126.35865,34.6837,12.7));
#2580 = VECTOR('',#2581,1.);
#2581 = DIRECTION('',(0.,1.,0.));
#2582 = PCURVE('',#2461,#2583);
#2583 = DEFINITIONAL_REPRESENTATION('',(#2584),#2588);
#2584 = LINE('',#2585,#2586);
#2585 = CARTESIAN_POINT('',(2.9337,-12.7));
#2586 = VECTOR('',#2587,1.);
#2587 = DIRECTION('',(1.,0.));
#2588 = ( GEOMETRIC_REPRESENTATION_CONTEXT(2) 
PARAMETRIC_REPRESENTATION_CONTEXT() REPRESENTATION_CONTEXT('2D SPACE',''
  ) );
#2589 = PCURVE('',#72,#2590);
#2590 = DEFINITIONAL_REPRESENTATION('',(#2591),#2595);
#2591 = LINE('',#2592,#2593);
#2592 = CARTESIAN_POINT('',(22.273170311902,-89.6380914067));
#2593 = VECTOR('',#2594,1.);
#2594 = DIRECTION('',(0.,1.));
#2595 = ( GEOMETRIC_REPRESENTATION_CONTEXT(2) 
PARAMETRIC_REPRESENTATION_CONTEXT() REPRESENTATION_CONTEXT('2D SPACE',''
  ) );
#2596 = ORIENTED_EDGE('',*,*,#2597,.F.);
#2597 = EDGE_CURVE('',#2598,#2575,#2600,.T.);
#2598 = VERTEX_POINT('',#2599);
#2599 = CARTESIAN_POINT('',(126.35865,37.6174,0.));
#2600 = SURFACE_CURVE('',#2601,(#2605,#2612),.PCURVE_S1.);
#2601 = LINE('',#2602,#2603);
#2602 = CARTESIAN_POINT('',(126.35865,37.6174,0.));
#2603 = VECTOR('',#2604,1.);
#2604 = DIRECTION('',(0.,0.,1.));
#2605 = PCURVE('',#2461,#2606);
#2606 = DEFINITIONAL_REPRESENTATION('',(#2607),#2611);
#2607 = LINE('',#2608,#2609);
#2608 = CARTESIAN_POINT('',(5.8674,0.));
#2609 = VECTOR('',#2610,1.);
#2610 = DIRECTION('',(0.,-1.));
#2611 = ( GEOMETRIC_REPRESENTATION_CONTEXT(2) 
PARAMETRIC_REPRESENTATION_CONTEXT() REPRESENTATION_CONTEXT('2D SPACE',''
  ) );
#2612 = PCURVE('',#2613,#2618);
#2613 = PLANE('',#2614);
#2614 = AXIS2_PLACEMENT_3D('',#2615,#2616,#2617);
#2615 = CARTESIAN_POINT('',(123.9774,37.6174,0.));
#2616 = DIRECTION('',(0.,1.,0.));
#2617 = DIRECTION('',(1.,0.,0.));
#2618 = DEFINITIONAL_REPRESENTATION('',(#2619),#2623);
#2619 = LINE('',#2620,#2621);
#2620 = CARTESIAN_POINT('',(2.38125,0.));
#2621 = VECTOR('',#2622,1.);
#2622 = DIRECTION('',(0.,-1.));
#2623 = ( GEOMETRIC_REPRESENTATION_CONTEXT(2) 
PARAMETRIC_REPRESENTATION_CONTEXT() REPRESENTATION_CONTEXT('2D SPACE',''
  ) );
#2624 = ORIENTED_EDGE('',*,*,#2625,.F.);
#2625 = EDGE_CURVE('',#2446,#2598,#2626,.T.);
#2626 = SURFACE_CURVE('',#2627,(#2631,#2638),.PCURVE_S1.);
#2627 = LINE('',#2628,#2629);
#2628 = CARTESIAN_POINT('',(126.35865,34.6837,0.));
#2629 = VECTOR('',#2630,1.);
#2630 = DIRECTION('',(0.,1.,0.));
#2631 = PCURVE('',#2461,#2632);
#2632 = DEFINITIONAL_REPRESENTATION('',(#2633),#2637);
#2633 = LINE('',#2634,#2635);
#2634 = CARTESIAN_POINT('',(2.9337,0.));
#2635 = VECTOR('',#2636,1.);
#2636 = DIRECTION('',(1.,0.));
#2637 = ( GEOMETRIC_REPRESENTATION_CONTEXT(2) 
PARAMETRIC_REPRESENTATION_CONTEXT() REPRESENTATION_CONTEXT('2D SPACE',''
  ) );
#2638 = PCURVE('',#126,#2639);
#2639 = DEFINITIONAL_REPRESENTATION('',(#2640),#2644);
#2640 = LINE('',#2641,#2642);
#2641 = CARTESIAN_POINT('',(22.273170311902,-89.6380914067));
#2642 = VECTOR('',#2643,1.);
#2643 = DIRECTION('',(0.,1.));
#2644 = ( GEOMETRIC_REPRESENTATION_CONTEXT(2) 
PARAMETRIC_REPRESENTATION_CONTEXT() REPRESENTATION_CONTEXT('2D SPACE',''
  ) );
#2645 = ADVANCED_FACE('',(#2646),#2537,.T.);
#2646 = FACE_BOUND('',#2647,.T.);
#2647 = EDGE_LOOP('',(#2648,#2678,#2699,#2700));
#2648 = ORIENTED_EDGE('',*,*,#2649,.T.);
#2649 = EDGE_CURVE('',#2650,#2652,#2654,.T.);
#2650 = VERTEX_POINT('',#2651);
#2651 = CARTESIAN_POINT('',(114.94135,31.75,0.));
#2652 = VERTEX_POINT('',#2653);
#2653 = CARTESIAN_POINT('',(114.94135,31.75,12.7));
#2654 = SURFACE_CURVE('',#2655,(#2659,#2666),.PCURVE_S1.);
#2655 = LINE('',#2656,#2657);
#2656 = CARTESIAN_POINT('',(114.94135,31.75,0.));
#2657 = VECTOR('',#2658,1.);
#2658 = DIRECTION('',(0.,0.,1.));
#2659 = PCURVE('',#2537,#2660);
#2660 = DEFINITIONAL_REPRESENTATION('',(#2661),#2665);
#2661 = LINE('',#2662,#2663);
#2662 = CARTESIAN_POINT('',(0.,0.));
#2663 = VECTOR('',#2664,1.);
#2664 = DIRECTION('',(0.,-1.));
#2665 = ( GEOMETRIC_REPRESENTATION_CONTEXT(2) 
PARAMETRIC_REPRESENTATION_CONTEXT() REPRESENTATION_CONTEXT('2D SPACE',''
  ) );
#2666 = PCURVE('',#2667,#2672);
#2667 = PLANE('',#2668);
#2668 = AXIS2_PLACEMENT_3D('',#2669,#2670,#2671);
#2669 = CARTESIAN_POINT('',(114.94135,31.75,0.));
#2670 = DIRECTION('',(-1.,0.,0.));
#2671 = DIRECTION('',(0.,1.,0.));
#2672 = DEFINITIONAL_REPRESENTATION('',(#2673),#2677);
#2673 = LINE('',#2674,#2675);
#2674 = CARTESIAN_POINT('',(0.,0.));
#2675 = VECTOR('',#2676,1.);
#2676 = DIRECTION('',(0.,-1.));
#2677 = ( GEOMETRIC_REPRESENTATION_CONTEXT(2) 
PARAMETRIC_REPRESENTATION_CONTEXT() REPRESENTATION_CONTEXT('2D SPACE',''
  ) );
#2678 = ORIENTED_EDGE('',*,*,#2679,.T.);
#2679 = EDGE_CURVE('',#2652,#2499,#2680,.T.);
#2680 = SURFACE_CURVE('',#2681,(#2685,#2692),.PCURVE_S1.);
#2681 = LINE('',#2682,#2683);
#2682 = CARTESIAN_POINT('',(120.65,31.75,12.7));
#2683 = VECTOR('',#2684,1.);
#2684 = DIRECTION('',(1.,0.,0.));
#2685 = PCURVE('',#2537,#2686);
#2686 = DEFINITIONAL_REPRESENTATION('',(#2687),#2691);
#2687 = LINE('',#2688,#2689);
#2688 = CARTESIAN_POINT('',(5.70865,-12.7));
#2689 = VECTOR('',#2690,1.);
#2690 = DIRECTION('',(1.,0.));
#2691 = ( GEOMETRIC_REPRESENTATION_CONTEXT(2) 
PARAMETRIC_REPRESENTATION_CONTEXT() REPRESENTATION_CONTEXT('2D SPACE',''
  ) );
#2692 = PCURVE('',#72,#2693);
#2693 = DEFINITIONAL_REPRESENTATION('',(#2694),#2698);
#2694 = LINE('',#2695,#2696);
#2695 = CARTESIAN_POINT('',(16.564520311902,-92.5717914067));
#2696 = VECTOR('',#2697,1.);
#2697 = DIRECTION('',(1.,0.));
#2698 = ( GEOMETRIC_REPRESENTATION_CONTEXT(2) 
PARAMETRIC_REPRESENTATION_CONTEXT() REPRESENTATION_CONTEXT('2D SPACE',''
  ) );
#2699 = ORIENTED_EDGE('',*,*,#2521,.F.);
#2700 = ORIENTED_EDGE('',*,*,#2701,.F.);
#2701 = EDGE_CURVE('',#2650,#2522,#2702,.T.);
#2702 = SURFACE_CURVE('',#2703,(#2707,#2714),.PCURVE_S1.);
#2703 = LINE('',#2704,#2705);
#2704 = CARTESIAN_POINT('',(120.65,31.75,0.));
#2705 = VECTOR('',#2706,1.);
#2706 = DIRECTION('',(1.,0.,0.));
#2707 = PCURVE('',#2537,#2708);
#2708 = DEFINITIONAL_REPRESENTATION('',(#2709),#2713);
#2709 = LINE('',#2710,#2711);
#2710 = CARTESIAN_POINT('',(5.70865,0.));
#2711 = VECTOR('',#2712,1.);
#2712 = DIRECTION('',(1.,0.));
#2713 = ( GEOMETRIC_REPRESENTATION_CONTEXT(2) 
PARAMETRIC_REPRESENTATION_CONTEXT() REPRESENTATION_CONTEXT('2D SPACE',''
  ) );
#2714 = PCURVE('',#126,#2715);
#2715 = DEFINITIONAL_REPRESENTATION('',(#2716),#2720);
#2716 = LINE('',#2717,#2718);
#2717 = CARTESIAN_POINT('',(16.564520311902,-92.5717914067));
#2718 = VECTOR('',#2719,1.);
#2719 = DIRECTION('',(1.,0.));
#2720 = ( GEOMETRIC_REPRESENTATION_CONTEXT(2) 
PARAMETRIC_REPRESENTATION_CONTEXT() REPRESENTATION_CONTEXT('2D SPACE',''
  ) );
#2721 = ADVANCED_FACE('',(#2722),#2613,.F.);
#2722 = FACE_BOUND('',#2723,.F.);
#2723 = EDGE_LOOP('',(#2724,#2754,#2775,#2776));
#2724 = ORIENTED_EDGE('',*,*,#2725,.T.);
#2725 = EDGE_CURVE('',#2726,#2728,#2730,.T.);
#2726 = VERTEX_POINT('',#2727);
#2727 = CARTESIAN_POINT('',(123.9774,37.6174,0.));
#2728 = VERTEX_POINT('',#2729);
#2729 = CARTESIAN_POINT('',(123.9774,37.6174,12.7));
#2730 = SURFACE_CURVE('',#2731,(#2735,#2742),.PCURVE_S1.);
#2731 = LINE('',#2732,#2733);
#2732 = CARTESIAN_POINT('',(123.9774,37.6174,0.));
#2733 = VECTOR('',#2734,1.);
#2734 = DIRECTION('',(0.,0.,1.));
#2735 = PCURVE('',#2613,#2736);
#2736 = DEFINITIONAL_REPRESENTATION('',(#2737),#2741);
#2737 = LINE('',#2738,#2739);
#2738 = CARTESIAN_POINT('',(0.,0.));
#2739 = VECTOR('',#2740,1.);
#2740 = DIRECTION('',(0.,-1.));
#2741 = ( GEOMETRIC_REPRESENTATION_CONTEXT(2) 
PARAMETRIC_REPRESENTATION_CONTEXT() REPRESENTATION_CONTEXT('2D SPACE',''
  ) );
#2742 = PCURVE('',#2743,#2748);
#2743 = PLANE('',#2744);
#2744 = AXIS2_PLACEMENT_3D('',#2745,#2746,#2747);
#2745 = CARTESIAN_POINT('',(123.9774,37.6174,0.));
#2746 = DIRECTION('',(-1.,0.,0.));
#2747 = DIRECTION('',(0.,1.,0.));
#2748 = DEFINITIONAL_REPRESENTATION('',(#2749),#2753);
#2749 = LINE('',#2750,#2751);
#2750 = CARTESIAN_POINT('',(0.,0.));
#2751 = VECTOR('',#2752,1.);
#2752 = DIRECTION('',(0.,-1.));
#2753 = ( GEOMETRIC_REPRESENTATION_CONTEXT(2) 
PARAMETRIC_REPRESENTATION_CONTEXT() REPRESENTATION_CONTEXT('2D SPACE',''
  ) );
#2754 = ORIENTED_EDGE('',*,*,#2755,.T.);
#2755 = EDGE_CURVE('',#2728,#2575,#2756,.T.);
#2756 = SURFACE_CURVE('',#2757,(#2761,#2768),.PCURVE_S1.);
#2757 = LINE('',#2758,#2759);
#2758 = CARTESIAN_POINT('',(120.65,37.6174,12.7));
#2759 = VECTOR('',#2760,1.);
#2760 = DIRECTION('',(1.,0.,0.));
#2761 = PCURVE('',#2613,#2762);
#2762 = DEFINITIONAL_REPRESENTATION('',(#2763),#2767);
#2763 = LINE('',#2764,#2765);
#2764 = CARTESIAN_POINT('',(-3.3274,-12.7));
#2765 = VECTOR('',#2766,1.);
#2766 = DIRECTION('',(1.,0.));
#2767 = ( GEOMETRIC_REPRESENTATION_CONTEXT(2) 
PARAMETRIC_REPRESENTATION_CONTEXT() REPRESENTATION_CONTEXT('2D SPACE',''
  ) );
#2768 = PCURVE('',#72,#2769);
#2769 = DEFINITIONAL_REPRESENTATION('',(#2770),#2774);
#2770 = LINE('',#2771,#2772);
#2771 = CARTESIAN_POINT('',(16.564520311902,-86.7043914067));
#2772 = VECTOR('',#2773,1.);
#2773 = DIRECTION('',(1.,0.));
#2774 = ( GEOMETRIC_REPRESENTATION_CONTEXT(2) 
PARAMETRIC_REPRESENTATION_CONTEXT() REPRESENTATION_CONTEXT('2D SPACE',''
  ) );
#2775 = ORIENTED_EDGE('',*,*,#2597,.F.);
#2776 = ORIENTED_EDGE('',*,*,#2777,.F.);
#2777 = EDGE_CURVE('',#2726,#2598,#2778,.T.);
#2778 = SURFACE_CURVE('',#2779,(#2783,#2790),.PCURVE_S1.);
#2779 = LINE('',#2780,#2781);
#2780 = CARTESIAN_POINT('',(120.65,37.6174,0.));
#2781 = VECTOR('',#2782,1.);
#2782 = DIRECTION('',(1.,0.,0.));
#2783 = PCURVE('',#2613,#2784);
#2784 = DEFINITIONAL_REPRESENTATION('',(#2785),#2789);
#2785 = LINE('',#2786,#2787);
#2786 = CARTESIAN_POINT('',(-3.3274,0.));
#2787 = VECTOR('',#2788,1.);
#2788 = DIRECTION('',(1.,0.));
#2789 = ( GEOMETRIC_REPRESENTATION_CONTEXT(2) 
PARAMETRIC_REPRESENTATION_CONTEXT() REPRESENTATION_CONTEXT('2D SPACE',''
  ) );
#2790 = PCURVE('',#126,#2791);
#2791 = DEFINITIONAL_REPRESENTATION('',(#2792),#2796);
#2792 = LINE('',#2793,#2794);
#2793 = CARTESIAN_POINT('',(16.564520311902,-86.7043914067));
#2794 = VECTOR('',#2795,1.);
#2795 = DIRECTION('',(1.,0.));
#2796 = ( GEOMETRIC_REPRESENTATION_CONTEXT(2) 
PARAMETRIC_REPRESENTATION_CONTEXT() REPRESENTATION_CONTEXT('2D SPACE',''
  ) );
#2797 = ADVANCED_FACE('',(#2798),#2667,.F.);
#2798 = FACE_BOUND('',#2799,.F.);
#2799 = EDGE_LOOP('',(#2800,#2801,#2824,#2852));
#2800 = ORIENTED_EDGE('',*,*,#2649,.T.);
#2801 = ORIENTED_EDGE('',*,*,#2802,.T.);
#2802 = EDGE_CURVE('',#2652,#2803,#2805,.T.);
#2803 = VERTEX_POINT('',#2804);
#2804 = CARTESIAN_POINT('',(114.94135,37.6174,12.7));
#2805 = SURFACE_CURVE('',#2806,(#2810,#2817),.PCURVE_S1.);
#2806 = LINE('',#2807,#2808);
#2807 = CARTESIAN_POINT('',(114.94135,34.6837,12.7));
#2808 = VECTOR('',#2809,1.);
#2809 = DIRECTION('',(0.,1.,0.));
#2810 = PCURVE('',#2667,#2811);
#2811 = DEFINITIONAL_REPRESENTATION('',(#2812),#2816);
#2812 = LINE('',#2813,#2814);
#2813 = CARTESIAN_POINT('',(2.9337,-12.7));
#2814 = VECTOR('',#2815,1.);
#2815 = DIRECTION('',(1.,0.));
#2816 = ( GEOMETRIC_REPRESENTATION_CONTEXT(2) 
PARAMETRIC_REPRESENTATION_CONTEXT() REPRESENTATION_CONTEXT('2D SPACE',''
  ) );
#2817 = PCURVE('',#72,#2818);
#2818 = DEFINITIONAL_REPRESENTATION('',(#2819),#2823);
#2819 = LINE('',#2820,#2821);
#2820 = CARTESIAN_POINT('',(10.855870311902,-89.6380914067));
#2821 = VECTOR('',#2822,1.);
#2822 = DIRECTION('',(0.,1.));
#2823 = ( GEOMETRIC_REPRESENTATION_CONTEXT(2) 
PARAMETRIC_REPRESENTATION_CONTEXT() REPRESENTATION_CONTEXT('2D SPACE',''
  ) );
#2824 = ORIENTED_EDGE('',*,*,#2825,.F.);
#2825 = EDGE_CURVE('',#2826,#2803,#2828,.T.);
#2826 = VERTEX_POINT('',#2827);
#2827 = CARTESIAN_POINT('',(114.94135,37.6174,0.));
#2828 = SURFACE_CURVE('',#2829,(#2833,#2840),.PCURVE_S1.);
#2829 = LINE('',#2830,#2831);
#2830 = CARTESIAN_POINT('',(114.94135,37.6174,0.));
#2831 = VECTOR('',#2832,1.);
#2832 = DIRECTION('',(0.,0.,1.));
#2833 = PCURVE('',#2667,#2834);
#2834 = DEFINITIONAL_REPRESENTATION('',(#2835),#2839);
#2835 = LINE('',#2836,#2837);
#2836 = CARTESIAN_POINT('',(5.8674,0.));
#2837 = VECTOR('',#2838,1.);
#2838 = DIRECTION('',(0.,-1.));
#2839 = ( GEOMETRIC_REPRESENTATION_CONTEXT(2) 
PARAMETRIC_REPRESENTATION_CONTEXT() REPRESENTATION_CONTEXT('2D SPACE',''
  ) );
#2840 = PCURVE('',#2841,#2846);
#2841 = PLANE('',#2842);
#2842 = AXIS2_PLACEMENT_3D('',#2843,#2844,#2845);
#2843 = CARTESIAN_POINT('',(114.94135,37.6174,0.));
#2844 = DIRECTION('',(0.,1.,0.));
#2845 = DIRECTION('',(1.,0.,0.));
#2846 = DEFINITIONAL_REPRESENTATION('',(#2847),#2851);
#2847 = LINE('',#2848,#2849);
#2848 = CARTESIAN_POINT('',(0.,0.));
#2849 = VECTOR('',#2850,1.);
#2850 = DIRECTION('',(0.,-1.));
#2851 = ( GEOMETRIC_REPRESENTATION_CONTEXT(2) 
PARAMETRIC_REPRESENTATION_CONTEXT() REPRESENTATION_CONTEXT('2D SPACE',''
  ) );
#2852 = ORIENTED_EDGE('',*,*,#2853,.F.);
#2853 = EDGE_CURVE('',#2650,#2826,#2854,.T.);
#2854 = SURFACE_CURVE('',#2855,(#2859,#2866),.PCURVE_S1.);
#2855 = LINE('',#2856,#2857);
#2856 = CARTESIAN_POINT('',(114.94135,34.6837,0.));
#2857 = VECTOR('',#2858,1.);
#2858 = DIRECTION('',(0.,1.,0.));
#2859 = PCURVE('',#2667,#2860);
#2860 = DEFINITIONAL_REPRESENTATION('',(#2861),#2865);
#2861 = LINE('',#2862,#2863);
#2862 = CARTESIAN_POINT('',(2.9337,0.));
#2863 = VECTOR('',#2864,1.);
#2864 = DIRECTION('',(1.,0.));
#2865 = ( GEOMETRIC_REPRESENTATION_CONTEXT(2) 
PARAMETRIC_REPRESENTATION_CONTEXT() REPRESENTATION_CONTEXT('2D SPACE',''
  ) );
#2866 = PCURVE('',#126,#2867);
#2867 = DEFINITIONAL_REPRESENTATION('',(#2868),#2872);
#2868 = LINE('',#2869,#2870);
#2869 = CARTESIAN_POINT('',(10.855870311902,-89.6380914067));
#2870 = VECTOR('',#2871,1.);
#2871 = DIRECTION('',(0.,1.));
#2872 = ( GEOMETRIC_REPRESENTATION_CONTEXT(2) 
PARAMETRIC_REPRESENTATION_CONTEXT() REPRESENTATION_CONTEXT('2D SPACE',''
  ) );
#2873 = ADVANCED_FACE('',(#2874),#2743,.T.);
#2874 = FACE_BOUND('',#2875,.T.);
#2875 = EDGE_LOOP('',(#2876,#2877,#2900,#2928));
#2876 = ORIENTED_EDGE('',*,*,#2725,.T.);
#2877 = ORIENTED_EDGE('',*,*,#2878,.T.);
#2878 = EDGE_CURVE('',#2728,#2879,#2881,.T.);
#2879 = VERTEX_POINT('',#2880);
#2880 = CARTESIAN_POINT('',(123.9774,52.3875,12.7));
#2881 = SURFACE_CURVE('',#2882,(#2886,#2893),.PCURVE_S1.);
#2882 = LINE('',#2883,#2884);
#2883 = CARTESIAN_POINT('',(123.9774,32.54375,12.7));
#2884 = VECTOR('',#2885,1.);
#2885 = DIRECTION('',(0.,1.,0.));
#2886 = PCURVE('',#2743,#2887);
#2887 = DEFINITIONAL_REPRESENTATION('',(#2888),#2892);
#2888 = LINE('',#2889,#2890);
#2889 = CARTESIAN_POINT('',(-5.07365,-12.7));
#2890 = VECTOR('',#2891,1.);
#2891 = DIRECTION('',(1.,0.));
#2892 = ( GEOMETRIC_REPRESENTATION_CONTEXT(2) 
PARAMETRIC_REPRESENTATION_CONTEXT() REPRESENTATION_CONTEXT('2D SPACE',''
  ) );
#2893 = PCURVE('',#72,#2894);
#2894 = DEFINITIONAL_REPRESENTATION('',(#2895),#2899);
#2895 = LINE('',#2896,#2897);
#2896 = CARTESIAN_POINT('',(19.891920311902,-91.7780414067));
#2897 = VECTOR('',#2898,1.);
#2898 = DIRECTION('',(0.,1.));
#2899 = ( GEOMETRIC_REPRESENTATION_CONTEXT(2) 
PARAMETRIC_REPRESENTATION_CONTEXT() REPRESENTATION_CONTEXT('2D SPACE',''
  ) );
#2900 = ORIENTED_EDGE('',*,*,#2901,.F.);
#2901 = EDGE_CURVE('',#2902,#2879,#2904,.T.);
#2902 = VERTEX_POINT('',#2903);
#2903 = CARTESIAN_POINT('',(123.9774,52.3875,0.));
#2904 = SURFACE_CURVE('',#2905,(#2909,#2916),.PCURVE_S1.);
#2905 = LINE('',#2906,#2907);
#2906 = CARTESIAN_POINT('',(123.9774,52.3875,0.));
#2907 = VECTOR('',#2908,1.);
#2908 = DIRECTION('',(0.,0.,1.));
#2909 = PCURVE('',#2743,#2910);
#2910 = DEFINITIONAL_REPRESENTATION('',(#2911),#2915);
#2911 = LINE('',#2912,#2913);
#2912 = CARTESIAN_POINT('',(14.7701,0.));
#2913 = VECTOR('',#2914,1.);
#2914 = DIRECTION('',(0.,-1.));
#2915 = ( GEOMETRIC_REPRESENTATION_CONTEXT(2) 
PARAMETRIC_REPRESENTATION_CONTEXT() REPRESENTATION_CONTEXT('2D SPACE',''
  ) );
#2916 = PCURVE('',#2917,#2922);
#2917 = PLANE('',#2918);
#2918 = AXIS2_PLACEMENT_3D('',#2919,#2920,#2921);
#2919 = CARTESIAN_POINT('',(117.3226,52.3875,0.));
#2920 = DIRECTION('',(0.,1.,0.));
#2921 = DIRECTION('',(1.,0.,0.));
#2922 = DEFINITIONAL_REPRESENTATION('',(#2923),#2927);
#2923 = LINE('',#2924,#2925);
#2924 = CARTESIAN_POINT('',(6.6548,0.));
#2925 = VECTOR('',#2926,1.);
#2926 = DIRECTION('',(0.,-1.));
#2927 = ( GEOMETRIC_REPRESENTATION_CONTEXT(2) 
PARAMETRIC_REPRESENTATION_CONTEXT() REPRESENTATION_CONTEXT('2D SPACE',''
  ) );
#2928 = ORIENTED_EDGE('',*,*,#2929,.F.);
#2929 = EDGE_CURVE('',#2726,#2902,#2930,.T.);
#2930 = SURFACE_CURVE('',#2931,(#2935,#2942),.PCURVE_S1.);
#2931 = LINE('',#2932,#2933);
#2932 = CARTESIAN_POINT('',(123.9774,32.54375,0.));
#2933 = VECTOR('',#2934,1.);
#2934 = DIRECTION('',(0.,1.,0.));
#2935 = PCURVE('',#2743,#2936);
#2936 = DEFINITIONAL_REPRESENTATION('',(#2937),#2941);
#2937 = LINE('',#2938,#2939);
#2938 = CARTESIAN_POINT('',(-5.07365,0.));
#2939 = VECTOR('',#2940,1.);
#2940 = DIRECTION('',(1.,0.));
#2941 = ( GEOMETRIC_REPRESENTATION_CONTEXT(2) 
PARAMETRIC_REPRESENTATION_CONTEXT() REPRESENTATION_CONTEXT('2D SPACE',''
  ) );
#2942 = PCURVE('',#126,#2943);
#2943 = DEFINITIONAL_REPRESENTATION('',(#2944),#2948);
#2944 = LINE('',#2945,#2946);
#2945 = CARTESIAN_POINT('',(19.891920311902,-91.7780414067));
#2946 = VECTOR('',#2947,1.);
#2947 = DIRECTION('',(0.,1.));
#2948 = ( GEOMETRIC_REPRESENTATION_CONTEXT(2) 
PARAMETRIC_REPRESENTATION_CONTEXT() REPRESENTATION_CONTEXT('2D SPACE',''
  ) );
#2949 = ADVANCED_FACE('',(#2950),#2841,.F.);
#2950 = FACE_BOUND('',#2951,.F.);
#2951 = EDGE_LOOP('',(#2952,#2953,#2976,#3004));
#2952 = ORIENTED_EDGE('',*,*,#2825,.T.);
#2953 = ORIENTED_EDGE('',*,*,#2954,.T.);
#2954 = EDGE_CURVE('',#2803,#2955,#2957,.T.);
#2955 = VERTEX_POINT('',#2956);
#2956 = CARTESIAN_POINT('',(117.3226,37.6174,12.7));
#2957 = SURFACE_CURVE('',#2958,(#2962,#2969),.PCURVE_S1.);
#2958 = LINE('',#2959,#2960);
#2959 = CARTESIAN_POINT('',(120.65,37.6174,12.7));
#2960 = VECTOR('',#2961,1.);
#2961 = DIRECTION('',(1.,0.,0.));
#2962 = PCURVE('',#2841,#2963);
#2963 = DEFINITIONAL_REPRESENTATION('',(#2964),#2968);
#2964 = LINE('',#2965,#2966);
#2965 = CARTESIAN_POINT('',(5.70865,-12.7));
#2966 = VECTOR('',#2967,1.);
#2967 = DIRECTION('',(1.,0.));
#2968 = ( GEOMETRIC_REPRESENTATION_CONTEXT(2) 
PARAMETRIC_REPRESENTATION_CONTEXT() REPRESENTATION_CONTEXT('2D SPACE',''
  ) );
#2969 = PCURVE('',#72,#2970);
#2970 = DEFINITIONAL_REPRESENTATION('',(#2971),#2975);
#2971 = LINE('',#2972,#2973);
#2972 = CARTESIAN_POINT('',(16.564520311902,-86.7043914067));
#2973 = VECTOR('',#2974,1.);
#2974 = DIRECTION('',(1.,0.));
#2975 = ( GEOMETRIC_REPRESENTATION_CONTEXT(2) 
PARAMETRIC_REPRESENTATION_CONTEXT() REPRESENTATION_CONTEXT('2D SPACE',''
  ) );
#2976 = ORIENTED_EDGE('',*,*,#2977,.F.);
#2977 = EDGE_CURVE('',#2978,#2955,#2980,.T.);
#2978 = VERTEX_POINT('',#2979);
#2979 = CARTESIAN_POINT('',(117.3226,37.6174,0.));
#2980 = SURFACE_CURVE('',#2981,(#2985,#2992),.PCURVE_S1.);
#2981 = LINE('',#2982,#2983);
#2982 = CARTESIAN_POINT('',(117.3226,37.6174,0.));
#2983 = VECTOR('',#2984,1.);
#2984 = DIRECTION('',(0.,0.,1.));
#2985 = PCURVE('',#2841,#2986);
#2986 = DEFINITIONAL_REPRESENTATION('',(#2987),#2991);
#2987 = LINE('',#2988,#2989);
#2988 = CARTESIAN_POINT('',(2.38125,0.));
#2989 = VECTOR('',#2990,1.);
#2990 = DIRECTION('',(0.,-1.));
#2991 = ( GEOMETRIC_REPRESENTATION_CONTEXT(2) 
PARAMETRIC_REPRESENTATION_CONTEXT() REPRESENTATION_CONTEXT('2D SPACE',''
  ) );
#2992 = PCURVE('',#2993,#2998);
#2993 = PLANE('',#2994);
#2994 = AXIS2_PLACEMENT_3D('',#2995,#2996,#2997);
#2995 = CARTESIAN_POINT('',(117.3226,37.6174,0.));
#2996 = DIRECTION('',(-1.,0.,0.));
#2997 = DIRECTION('',(0.,1.,0.));
#2998 = DEFINITIONAL_REPRESENTATION('',(#2999),#3003);
#2999 = LINE('',#3000,#3001);
#3000 = CARTESIAN_POINT('',(0.,0.));
#3001 = VECTOR('',#3002,1.);
#3002 = DIRECTION('',(0.,-1.));
#3003 = ( GEOMETRIC_REPRESENTATION_CONTEXT(2) 
PARAMETRIC_REPRESENTATION_CONTEXT() REPRESENTATION_CONTEXT('2D SPACE',''
  ) );
#3004 = ORIENTED_EDGE('',*,*,#3005,.F.);
#3005 = EDGE_CURVE('',#2826,#2978,#3006,.T.);
#3006 = SURFACE_CURVE('',#3007,(#3011,#3018),.PCURVE_S1.);
#3007 = LINE('',#3008,#3009);
#3008 = CARTESIAN_POINT('',(120.65,37.6174,0.));
#3009 = VECTOR('',#3010,1.);
#3010 = DIRECTION('',(1.,0.,0.));
#3011 = PCURVE('',#2841,#3012);
#3012 = DEFINITIONAL_REPRESENTATION('',(#3013),#3017);
#3013 = LINE('',#3014,#3015);
#3014 = CARTESIAN_POINT('',(5.70865,0.));
#3015 = VECTOR('',#3016,1.);
#3016 = DIRECTION('',(1.,0.));
#3017 = ( GEOMETRIC_REPRESENTATION_CONTEXT(2) 
PARAMETRIC_REPRESENTATION_CONTEXT() REPRESENTATION_CONTEXT('2D SPACE',''
  ) );
#3018 = PCURVE('',#126,#3019);
#3019 = DEFINITIONAL_REPRESENTATION('',(#3020),#3024);
#3020 = LINE('',#3021,#3022);
#3021 = CARTESIAN_POINT('',(16.564520311902,-86.7043914067));
#3022 = VECTOR('',#3023,1.);
#3023 = DIRECTION('',(1.,0.));
#3024 = ( GEOMETRIC_REPRESENTATION_CONTEXT(2) 
PARAMETRIC_REPRESENTATION_CONTEXT() REPRESENTATION_CONTEXT('2D SPACE',''
  ) );
#3025 = ADVANCED_FACE('',(#3026),#2917,.F.);
#3026 = FACE_BOUND('',#3027,.F.);
#3027 = EDGE_LOOP('',(#3028,#3053,#3074,#3075));
#3028 = ORIENTED_EDGE('',*,*,#3029,.T.);
#3029 = EDGE_CURVE('',#3030,#3032,#3034,.T.);
#3030 = VERTEX_POINT('',#3031);
#3031 = CARTESIAN_POINT('',(117.3226,52.3875,0.));
#3032 = VERTEX_POINT('',#3033);
#3033 = CARTESIAN_POINT('',(117.3226,52.3875,12.7));
#3034 = SURFACE_CURVE('',#3035,(#3039,#3046),.PCURVE_S1.);
#3035 = LINE('',#3036,#3037);
#3036 = CARTESIAN_POINT('',(117.3226,52.3875,0.));
#3037 = VECTOR('',#3038,1.);
#3038 = DIRECTION('',(0.,0.,1.));
#3039 = PCURVE('',#2917,#3040);
#3040 = DEFINITIONAL_REPRESENTATION('',(#3041),#3045);
#3041 = LINE('',#3042,#3043);
#3042 = CARTESIAN_POINT('',(0.,0.));
#3043 = VECTOR('',#3044,1.);
#3044 = DIRECTION('',(0.,-1.));
#3045 = ( GEOMETRIC_REPRESENTATION_CONTEXT(2) 
PARAMETRIC_REPRESENTATION_CONTEXT() REPRESENTATION_CONTEXT('2D SPACE',''
  ) );
#3046 = PCURVE('',#2993,#3047);
#3047 = DEFINITIONAL_REPRESENTATION('',(#3048),#3052);
#3048 = LINE('',#3049,#3050);
#3049 = CARTESIAN_POINT('',(14.7701,0.));
#3050 = VECTOR('',#3051,1.);
#3051 = DIRECTION('',(0.,-1.));
#3052 = ( GEOMETRIC_REPRESENTATION_CONTEXT(2) 
PARAMETRIC_REPRESENTATION_CONTEXT() REPRESENTATION_CONTEXT('2D SPACE',''
  ) );
#3053 = ORIENTED_EDGE('',*,*,#3054,.T.);
#3054 = EDGE_CURVE('',#3032,#2879,#3055,.T.);
#3055 = SURFACE_CURVE('',#3056,(#3060,#3067),.PCURVE_S1.);
#3056 = LINE('',#3057,#3058);
#3057 = CARTESIAN_POINT('',(120.65,52.3875,12.7));
#3058 = VECTOR('',#3059,1.);
#3059 = DIRECTION('',(1.,0.,0.));
#3060 = PCURVE('',#2917,#3061);
#3061 = DEFINITIONAL_REPRESENTATION('',(#3062),#3066);
#3062 = LINE('',#3063,#3064);
#3063 = CARTESIAN_POINT('',(3.3274,-12.7));
#3064 = VECTOR('',#3065,1.);
#3065 = DIRECTION('',(1.,0.));
#3066 = ( GEOMETRIC_REPRESENTATION_CONTEXT(2) 
PARAMETRIC_REPRESENTATION_CONTEXT() REPRESENTATION_CONTEXT('2D SPACE',''
  ) );
#3067 = PCURVE('',#72,#3068);
#3068 = DEFINITIONAL_REPRESENTATION('',(#3069),#3073);
#3069 = LINE('',#3070,#3071);
#3070 = CARTESIAN_POINT('',(16.564520311902,-71.9342914067));
#3071 = VECTOR('',#3072,1.);
#3072 = DIRECTION('',(1.,0.));
#3073 = ( GEOMETRIC_REPRESENTATION_CONTEXT(2) 
PARAMETRIC_REPRESENTATION_CONTEXT() REPRESENTATION_CONTEXT('2D SPACE',''
  ) );
#3074 = ORIENTED_EDGE('',*,*,#2901,.F.);
#3075 = ORIENTED_EDGE('',*,*,#3076,.F.);
#3076 = EDGE_CURVE('',#3030,#2902,#3077,.T.);
#3077 = SURFACE_CURVE('',#3078,(#3082,#3089),.PCURVE_S1.);
#3078 = LINE('',#3079,#3080);
#3079 = CARTESIAN_POINT('',(120.65,52.3875,0.));
#3080 = VECTOR('',#3081,1.);
#3081 = DIRECTION('',(1.,0.,0.));
#3082 = PCURVE('',#2917,#3083);
#3083 = DEFINITIONAL_REPRESENTATION('',(#3084),#3088);
#3084 = LINE('',#3085,#3086);
#3085 = CARTESIAN_POINT('',(3.3274,0.));
#3086 = VECTOR('',#3087,1.);
#3087 = DIRECTION('',(1.,0.));
#3088 = ( GEOMETRIC_REPRESENTATION_CONTEXT(2) 
PARAMETRIC_REPRESENTATION_CONTEXT() REPRESENTATION_CONTEXT('2D SPACE',''
  ) );
#3089 = PCURVE('',#126,#3090);
#3090 = DEFINITIONAL_REPRESENTATION('',(#3091),#3095);
#3091 = LINE('',#3092,#3093);
#3092 = CARTESIAN_POINT('',(16.564520311902,-71.9342914067));
#3093 = VECTOR('',#3094,1.);
#3094 = DIRECTION('',(1.,0.));
#3095 = ( GEOMETRIC_REPRESENTATION_CONTEXT(2) 
PARAMETRIC_REPRESENTATION_CONTEXT() REPRESENTATION_CONTEXT('2D SPACE',''
  ) );
#3096 = ADVANCED_FACE('',(#3097),#2993,.F.);
#3097 = FACE_BOUND('',#3098,.F.);
#3098 = EDGE_LOOP('',(#3099,#3100,#3121,#3122));
#3099 = ORIENTED_EDGE('',*,*,#2977,.T.);
#3100 = ORIENTED_EDGE('',*,*,#3101,.T.);
#3101 = EDGE_CURVE('',#2955,#3032,#3102,.T.);
#3102 = SURFACE_CURVE('',#3103,(#3107,#3114),.PCURVE_S1.);
#3103 = LINE('',#3104,#3105);
#3104 = CARTESIAN_POINT('',(117.3226,32.54375,12.7));
#3105 = VECTOR('',#3106,1.);
#3106 = DIRECTION('',(0.,1.,0.));
#3107 = PCURVE('',#2993,#3108);
#3108 = DEFINITIONAL_REPRESENTATION('',(#3109),#3113);
#3109 = LINE('',#3110,#3111);
#3110 = CARTESIAN_POINT('',(-5.07365,-12.7));
#3111 = VECTOR('',#3112,1.);
#3112 = DIRECTION('',(1.,0.));
#3113 = ( GEOMETRIC_REPRESENTATION_CONTEXT(2) 
PARAMETRIC_REPRESENTATION_CONTEXT() REPRESENTATION_CONTEXT('2D SPACE',''
  ) );
#3114 = PCURVE('',#72,#3115);
#3115 = DEFINITIONAL_REPRESENTATION('',(#3116),#3120);
#3116 = LINE('',#3117,#3118);
#3117 = CARTESIAN_POINT('',(13.237120311902,-91.7780414067));
#3118 = VECTOR('',#3119,1.);
#3119 = DIRECTION('',(0.,1.));
#3120 = ( GEOMETRIC_REPRESENTATION_CONTEXT(2) 
PARAMETRIC_REPRESENTATION_CONTEXT() REPRESENTATION_CONTEXT('2D SPACE',''
  ) );
#3121 = ORIENTED_EDGE('',*,*,#3029,.F.);
#3122 = ORIENTED_EDGE('',*,*,#3123,.F.);
#3123 = EDGE_CURVE('',#2978,#3030,#3124,.T.);
#3124 = SURFACE_CURVE('',#3125,(#3129,#3136),.PCURVE_S1.);
#3125 = LINE('',#3126,#3127);
#3126 = CARTESIAN_POINT('',(117.3226,32.54375,0.));
#3127 = VECTOR('',#3128,1.);
#3128 = DIRECTION('',(0.,1.,0.));
#3129 = PCURVE('',#2993,#3130);
#3130 = DEFINITIONAL_REPRESENTATION('',(#3131),#3135);
#3131 = LINE('',#3132,#3133);
#3132 = CARTESIAN_POINT('',(-5.07365,0.));
#3133 = VECTOR('',#3134,1.);
#3134 = DIRECTION('',(1.,0.));
#3135 = ( GEOMETRIC_REPRESENTATION_CONTEXT(2) 
PARAMETRIC_REPRESENTATION_CONTEXT() REPRESENTATION_CONTEXT('2D SPACE',''
  ) );
#3136 = PCURVE('',#126,#3137);
#3137 = DEFINITIONAL_REPRESENTATION('',(#3138),#3142);
#3138 = LINE('',#3139,#3140);
#3139 = CARTESIAN_POINT('',(13.237120311902,-91.7780414067));
#3140 = VECTOR('',#3141,1.);
#3141 = DIRECTION('',(0.,1.));
#3142 = ( GEOMETRIC_REPRESENTATION_CONTEXT(2) 
PARAMETRIC_REPRESENTATION_CONTEXT() REPRESENTATION_CONTEXT('2D SPACE',''
  ) );
#3143 = ADVANCED_FACE('',(#3144),#3158,.F.);
#3144 = FACE_BOUND('',#3145,.F.);
#3145 = EDGE_LOOP('',(#3146,#3174,#3199,#3200));
#3146 = ORIENTED_EDGE('',*,*,#3147,.T.);
#3147 = EDGE_CURVE('',#3148,#3150,#3152,.T.);
#3148 = VERTEX_POINT('',#3149);
#3149 = CARTESIAN_POINT('',(6.35,54.1274,0.));
#3150 = VERTEX_POINT('',#3151);
#3151 = CARTESIAN_POINT('',(6.35,54.1274,12.7));
#3152 = SEAM_CURVE('',#3153,(#3157,#3168),.PCURVE_S1.);
#3153 = LINE('',#3154,#3155);
#3154 = CARTESIAN_POINT('',(6.35,54.1274,0.));
#3155 = VECTOR('',#3156,1.);
#3156 = DIRECTION('',(0.,0.,1.));
#3157 = PCURVE('',#3158,#3163);
#3158 = CYLINDRICAL_SURFACE('',#3159,3.3274);
#3159 = AXIS2_PLACEMENT_3D('',#3160,#3161,#3162);
#3160 = CARTESIAN_POINT('',(6.35,50.8,0.));
#3161 = DIRECTION('',(0.,0.,-1.));
#3162 = DIRECTION('',(-2.22044604925E-16,1.,0.));
#3163 = DEFINITIONAL_REPRESENTATION('',(#3164),#3167);
#3164 = B_SPLINE_CURVE_WITH_KNOTS('',1,(#3165,#3166),.UNSPECIFIED.,.F.,
  .F.,(2,2),(0.,12.7),.PIECEWISE_BEZIER_KNOTS.);
#3165 = CARTESIAN_POINT('',(0.,0.));
#3166 = CARTESIAN_POINT('',(0.,-12.7));
#3167 = ( GEOMETRIC_REPRESENTATION_CONTEXT(2) 
PARAMETRIC_REPRESENTATION_CONTEXT() REPRESENTATION_CONTEXT('2D SPACE',''
  ) );
#3168 = PCURVE('',#3158,#3169);
#3169 = DEFINITIONAL_REPRESENTATION('',(#3170),#3173);
#3170 = B_SPLINE_CURVE_WITH_KNOTS('',1,(#3171,#3172),.UNSPECIFIED.,.F.,
  .F.,(2,2),(0.,12.7),.PIECEWISE_BEZIER_KNOTS.);
#3171 = CARTESIAN_POINT('',(6.28318530718,0.));
#3172 = CARTESIAN_POINT('',(6.28318530718,-12.7));
#3173 = ( GEOMETRIC_REPRESENTATION_CONTEXT(2) 
PARAMETRIC_REPRESENTATION_CONTEXT() REPRESENTATION_CONTEXT('2D SPACE',''
  ) );
#3174 = ORIENTED_EDGE('',*,*,#3175,.T.);
#3175 = EDGE_CURVE('',#3150,#3150,#3176,.T.);
#3176 = SURFACE_CURVE('',#3177,(#3182,#3188),.PCURVE_S1.);
#3177 = CIRCLE('',#3178,3.3274);
#3178 = AXIS2_PLACEMENT_3D('',#3179,#3180,#3181);
#3179 = CARTESIAN_POINT('',(6.35,50.8,12.7));
#3180 = DIRECTION('',(0.,0.,-1.));
#3181 = DIRECTION('',(-2.22044604925E-16,1.,0.));
#3182 = PCURVE('',#3158,#3183);
#3183 = DEFINITIONAL_REPRESENTATION('',(#3184),#3187);
#3184 = B_SPLINE_CURVE_WITH_KNOTS('',1,(#3185,#3186),.UNSPECIFIED.,.F.,
  .F.,(2,2),(0.,6.28318530718),.PIECEWISE_BEZIER_KNOTS.);
#3185 = CARTESIAN_POINT('',(0.,-12.7));
#3186 = CARTESIAN_POINT('',(6.28318530718,-12.7));
#3187 = ( GEOMETRIC_REPRESENTATION_CONTEXT(2) 
PARAMETRIC_REPRESENTATION_CONTEXT() REPRESENTATION_CONTEXT('2D SPACE',''
  ) );
#3188 = PCURVE('',#72,#3189);
#3189 = DEFINITIONAL_REPRESENTATION('',(#3190),#3198);
#3190 = ( BOUNDED_CURVE() B_SPLINE_CURVE(2,(#3191,#3192,#3193,#3194,
#3195,#3196,#3197),.UNSPECIFIED.,.T.,.F.) B_SPLINE_CURVE_WITH_KNOTS((1,2
    ,2,2,2,1),(-2.094395102393,0.,2.094395102393,4.188790204786,
6.28318530718,8.377580409573),.UNSPECIFIED.) CURVE() 
GEOMETRIC_REPRESENTATION_ITEM() RATIONAL_B_SPLINE_CURVE((1.,0.5,1.,0.5,
1.,0.5,1.)) REPRESENTATION_ITEM('') );
#3191 = CARTESIAN_POINT('',(-97.73547968809,-70.1943914067));
#3192 = CARTESIAN_POINT('',(-91.97225383099,-70.1943914067));
#3193 = CARTESIAN_POINT('',(-94.85386675954,-75.1854914067));
#3194 = CARTESIAN_POINT('',(-97.73547968809,-80.1765914067));
#3195 = CARTESIAN_POINT('',(-100.6170926166,-75.1854914067));
#3196 = CARTESIAN_POINT('',(-103.4987055452,-70.1943914067));
#3197 = CARTESIAN_POINT('',(-97.73547968809,-70.1943914067));
#3198 = ( GEOMETRIC_REPRESENTATION_CONTEXT(2) 
PARAMETRIC_REPRESENTATION_CONTEXT() REPRESENTATION_CONTEXT('2D SPACE',''
  ) );
#3199 = ORIENTED_EDGE('',*,*,#3147,.F.);
#3200 = ORIENTED_EDGE('',*,*,#3201,.F.);
#3201 = EDGE_CURVE('',#3148,#3148,#3202,.T.);
#3202 = SURFACE_CURVE('',#3203,(#3208,#3214),.PCURVE_S1.);
#3203 = CIRCLE('',#3204,3.3274);
#3204 = AXIS2_PLACEMENT_3D('',#3205,#3206,#3207);
#3205 = CARTESIAN_POINT('',(6.35,50.8,0.));
#3206 = DIRECTION('',(0.,0.,-1.));
#3207 = DIRECTION('',(-2.22044604925E-16,1.,0.));
#3208 = PCURVE('',#3158,#3209);
#3209 = DEFINITIONAL_REPRESENTATION('',(#3210),#3213);
#3210 = B_SPLINE_CURVE_WITH_KNOTS('',1,(#3211,#3212),.UNSPECIFIED.,.F.,
  .F.,(2,2),(0.,6.28318530718),.PIECEWISE_BEZIER_KNOTS.);
#3211 = CARTESIAN_POINT('',(0.,0.));
#3212 = CARTESIAN_POINT('',(6.28318530718,0.));
#3213 = ( GEOMETRIC_REPRESENTATION_CONTEXT(2) 
PARAMETRIC_REPRESENTATION_CONTEXT() REPRESENTATION_CONTEXT('2D SPACE',''
  ) );
#3214 = PCURVE('',#126,#3215);
#3215 = DEFINITIONAL_REPRESENTATION('',(#3216),#3224);
#3216 = ( BOUNDED_CURVE() B_SPLINE_CURVE(2,(#3217,#3218,#3219,#3220,
#3221,#3222,#3223),.UNSPECIFIED.,.T.,.F.) B_SPLINE_CURVE_WITH_KNOTS((1,2
    ,2,2,2,1),(-2.094395102393,0.,2.094395102393,4.188790204786,
6.28318530718,8.377580409573),.UNSPECIFIED.) CURVE() 
GEOMETRIC_REPRESENTATION_ITEM() RATIONAL_B_SPLINE_CURVE((1.,0.5,1.,0.5,
1.,0.5,1.)) REPRESENTATION_ITEM('') );
#3217 = CARTESIAN_POINT('',(-97.73547968809,-70.1943914067));
#3218 = CARTESIAN_POINT('',(-91.97225383099,-70.1943914067));
#3219 = CARTESIAN_POINT('',(-94.85386675954,-75.1854914067));
#3220 = CARTESIAN_POINT('',(-97.73547968809,-80.1765914067));
#3221 = CARTESIAN_POINT('',(-100.6170926166,-75.1854914067));
#3222 = CARTESIAN_POINT('',(-103.4987055452,-70.1943914067));
#3223 = CARTESIAN_POINT('',(-97.73547968809,-70.1943914067));
#3224 = ( GEOMETRIC_REPRESENTATION_CONTEXT(2) 
PARAMETRIC_REPRESENTATION_CONTEXT() REPRESENTATION_CONTEXT('2D SPACE',''
  ) );
#3225 = ADVANCED_FACE('',(#3226),#3240,.F.);
#3226 = FACE_BOUND('',#3227,.T.);
#3227 = EDGE_LOOP('',(#3228,#3256,#3277,#3278));
#3228 = ORIENTED_EDGE('',*,*,#3229,.T.);
#3229 = EDGE_CURVE('',#3230,#3232,#3234,.T.);
#3230 = VERTEX_POINT('',#3231);
#3231 = CARTESIAN_POINT('',(35.941,31.75,0.));
#3232 = VERTEX_POINT('',#3233);
#3233 = CARTESIAN_POINT('',(35.941,31.75,12.7));
#3234 = SEAM_CURVE('',#3235,(#3239,#3250),.PCURVE_S1.);
#3235 = LINE('',#3236,#3237);
#3236 = CARTESIAN_POINT('',(35.941,31.75,0.));
#3237 = VECTOR('',#3238,1.);
#3238 = DIRECTION('',(0.,0.,1.));
#3239 = PCURVE('',#3240,#3245);
#3240 = CYLINDRICAL_SURFACE('',#3241,4.191);
#3241 = AXIS2_PLACEMENT_3D('',#3242,#3243,#3244);
#3242 = CARTESIAN_POINT('',(31.75,31.75,0.));
#3243 = DIRECTION('',(-0.,-0.,-1.));
#3244 = DIRECTION('',(1.,0.,0.));
#3245 = DEFINITIONAL_REPRESENTATION('',(#3246),#3249);
#3246 = B_SPLINE_CURVE_WITH_KNOTS('',1,(#3247,#3248),.UNSPECIFIED.,.F.,
  .F.,(2,2),(0.,12.7),.PIECEWISE_BEZIER_KNOTS.);
#3247 = CARTESIAN_POINT('',(0.,0.));
#3248 = CARTESIAN_POINT('',(0.,-12.7));
#3249 = ( GEOMETRIC_REPRESENTATION_CONTEXT(2) 
PARAMETRIC_REPRESENTATION_CONTEXT() REPRESENTATION_CONTEXT('2D SPACE',''
  ) );
#3250 = PCURVE('',#3240,#3251);
#3251 = DEFINITIONAL_REPRESENTATION('',(#3252),#3255);
#3252 = B_SPLINE_CURVE_WITH_KNOTS('',1,(#3253,#3254),.UNSPECIFIED.,.F.,
  .F.,(2,2),(0.,12.7),.PIECEWISE_BEZIER_KNOTS.);
#3253 = CARTESIAN_POINT('',(-6.28318530718,0.));
#3254 = CARTESIAN_POINT('',(-6.28318530718,-12.7));
#3255 = ( GEOMETRIC_REPRESENTATION_CONTEXT(2) 
PARAMETRIC_REPRESENTATION_CONTEXT() REPRESENTATION_CONTEXT('2D SPACE',''
  ) );
#3256 = ORIENTED_EDGE('',*,*,#3257,.T.);
#3257 = EDGE_CURVE('',#3232,#3232,#3258,.T.);
#3258 = SURFACE_CURVE('',#3259,(#3264,#3270),.PCURVE_S1.);
#3259 = CIRCLE('',#3260,4.191);
#3260 = AXIS2_PLACEMENT_3D('',#3261,#3262,#3263);
#3261 = CARTESIAN_POINT('',(31.75,31.75,12.7));
#3262 = DIRECTION('',(0.,0.,1.));
#3263 = DIRECTION('',(1.,0.,0.));
#3264 = PCURVE('',#3240,#3265);
#3265 = DEFINITIONAL_REPRESENTATION('',(#3266),#3269);
#3266 = B_SPLINE_CURVE_WITH_KNOTS('',1,(#3267,#3268),.UNSPECIFIED.,.F.,
  .F.,(2,2),(0.,6.28318530718),.PIECEWISE_BEZIER_KNOTS.);
#3267 = CARTESIAN_POINT('',(0.,-12.7));
#3268 = CARTESIAN_POINT('',(-6.28318530718,-12.7));
#3269 = ( GEOMETRIC_REPRESENTATION_CONTEXT(2) 
PARAMETRIC_REPRESENTATION_CONTEXT() REPRESENTATION_CONTEXT('2D SPACE',''
  ) );
#3270 = PCURVE('',#72,#3271);
#3271 = DEFINITIONAL_REPRESENTATION('',(#3272),#3276);
#3272 = CIRCLE('',#3273,4.191);
#3273 = AXIS2_PLACEMENT_2D('',#3274,#3275);
#3274 = CARTESIAN_POINT('',(-72.33547968809,-92.5717914067));
#3275 = DIRECTION('',(1.,0.));
#3276 = ( GEOMETRIC_REPRESENTATION_CONTEXT(2) 
PARAMETRIC_REPRESENTATION_CONTEXT() REPRESENTATION_CONTEXT('2D SPACE',''
  ) );
#3277 = ORIENTED_EDGE('',*,*,#3229,.F.);
#3278 = ORIENTED_EDGE('',*,*,#3279,.F.);
#3279 = EDGE_CURVE('',#3230,#3230,#3280,.T.);
#3280 = SURFACE_CURVE('',#3281,(#3286,#3292),.PCURVE_S1.);
#3281 = CIRCLE('',#3282,4.191);
#3282 = AXIS2_PLACEMENT_3D('',#3283,#3284,#3285);
#3283 = CARTESIAN_POINT('',(31.75,31.75,0.));
#3284 = DIRECTION('',(0.,0.,1.));
#3285 = DIRECTION('',(1.,0.,0.));
#3286 = PCURVE('',#3240,#3287);
#3287 = DEFINITIONAL_REPRESENTATION('',(#3288),#3291);
#3288 = B_SPLINE_CURVE_WITH_KNOTS('',1,(#3289,#3290),.UNSPECIFIED.,.F.,
  .F.,(2,2),(0.,6.28318530718),.PIECEWISE_BEZIER_KNOTS.);
#3289 = CARTESIAN_POINT('',(0.,0.));
#3290 = CARTESIAN_POINT('',(-6.28318530718,0.));
#3291 = ( GEOMETRIC_REPRESENTATION_CONTEXT(2) 
PARAMETRIC_REPRESENTATION_CONTEXT() REPRESENTATION_CONTEXT('2D SPACE',''
  ) );
#3292 = PCURVE('',#126,#3293);
#3293 = DEFINITIONAL_REPRESENTATION('',(#3294),#3298);
#3294 = CIRCLE('',#3295,4.191);
#3295 = AXIS2_PLACEMENT_2D('',#3296,#3297);
#3296 = CARTESIAN_POINT('',(-72.33547968809,-92.5717914067));
#3297 = DIRECTION('',(1.,0.));
#3298 = ( GEOMETRIC_REPRESENTATION_CONTEXT(2) 
PARAMETRIC_REPRESENTATION_CONTEXT() REPRESENTATION_CONTEXT('2D SPACE',''
  ) );
#3299 = ADVANCED_FACE('',(#3300),#3314,.F.);
#3300 = FACE_BOUND('',#3301,.T.);
#3301 = EDGE_LOOP('',(#3302,#3330,#3351,#3352));
#3302 = ORIENTED_EDGE('',*,*,#3303,.T.);
#3303 = EDGE_CURVE('',#3304,#3306,#3308,.T.);
#3304 = VERTEX_POINT('',#3305);
#3305 = CARTESIAN_POINT('',(35.941,69.85,0.));
#3306 = VERTEX_POINT('',#3307);
#3307 = CARTESIAN_POINT('',(35.941,69.85,12.7));
#3308 = SEAM_CURVE('',#3309,(#3313,#3324),.PCURVE_S1.);
#3309 = LINE('',#3310,#3311);
#3310 = CARTESIAN_POINT('',(35.941,69.85,0.));
#3311 = VECTOR('',#3312,1.);
#3312 = DIRECTION('',(0.,0.,1.));
#3313 = PCURVE('',#3314,#3319);
#3314 = CYLINDRICAL_SURFACE('',#3315,4.191);
#3315 = AXIS2_PLACEMENT_3D('',#3316,#3317,#3318);
#3316 = CARTESIAN_POINT('',(31.75,69.85,0.));
#3317 = DIRECTION('',(-0.,-0.,-1.));
#3318 = DIRECTION('',(1.,0.,0.));
#3319 = DEFINITIONAL_REPRESENTATION('',(#3320),#3323);
#3320 = B_SPLINE_CURVE_WITH_KNOTS('',1,(#3321,#3322),.UNSPECIFIED.,.F.,
  .F.,(2,2),(0.,12.7),.PIECEWISE_BEZIER_KNOTS.);
#3321 = CARTESIAN_POINT('',(0.,0.));
#3322 = CARTESIAN_POINT('',(0.,-12.7));
#3323 = ( GEOMETRIC_REPRESENTATION_CONTEXT(2) 
PARAMETRIC_REPRESENTATION_CONTEXT() REPRESENTATION_CONTEXT('2D SPACE',''
  ) );
#3324 = PCURVE('',#3314,#3325);
#3325 = DEFINITIONAL_REPRESENTATION('',(#3326),#3329);
#3326 = B_SPLINE_CURVE_WITH_KNOTS('',1,(#3327,#3328),.UNSPECIFIED.,.F.,
  .F.,(2,2),(0.,12.7),.PIECEWISE_BEZIER_KNOTS.);
#3327 = CARTESIAN_POINT('',(-6.28318530718,0.));
#3328 = CARTESIAN_POINT('',(-6.28318530718,-12.7));
#3329 = ( GEOMETRIC_REPRESENTATION_CONTEXT(2) 
PARAMETRIC_REPRESENTATION_CONTEXT() REPRESENTATION_CONTEXT('2D SPACE',''
  ) );
#3330 = ORIENTED_EDGE('',*,*,#3331,.T.);
#3331 = EDGE_CURVE('',#3306,#3306,#3332,.T.);
#3332 = SURFACE_CURVE('',#3333,(#3338,#3344),.PCURVE_S1.);
#3333 = CIRCLE('',#3334,4.191);
#3334 = AXIS2_PLACEMENT_3D('',#3335,#3336,#3337);
#3335 = CARTESIAN_POINT('',(31.75,69.85,12.7));
#3336 = DIRECTION('',(0.,0.,1.));
#3337 = DIRECTION('',(1.,0.,0.));
#3338 = PCURVE('',#3314,#3339);
#3339 = DEFINITIONAL_REPRESENTATION('',(#3340),#3343);
#3340 = B_SPLINE_CURVE_WITH_KNOTS('',1,(#3341,#3342),.UNSPECIFIED.,.F.,
  .F.,(2,2),(0.,6.28318530718),.PIECEWISE_BEZIER_KNOTS.);
#3341 = CARTESIAN_POINT('',(0.,-12.7));
#3342 = CARTESIAN_POINT('',(-6.28318530718,-12.7));
#3343 = ( GEOMETRIC_REPRESENTATION_CONTEXT(2) 
PARAMETRIC_REPRESENTATION_CONTEXT() REPRESENTATION_CONTEXT('2D SPACE',''
  ) );
#3344 = PCURVE('',#72,#3345);
#3345 = DEFINITIONAL_REPRESENTATION('',(#3346),#3350);
#3346 = CIRCLE('',#3347,4.191);
#3347 = AXIS2_PLACEMENT_2D('',#3348,#3349);
#3348 = CARTESIAN_POINT('',(-72.33547968809,-54.4717914067));
#3349 = DIRECTION('',(1.,0.));
#3350 = ( GEOMETRIC_REPRESENTATION_CONTEXT(2) 
PARAMETRIC_REPRESENTATION_CONTEXT() REPRESENTATION_CONTEXT('2D SPACE',''
  ) );
#3351 = ORIENTED_EDGE('',*,*,#3303,.F.);
#3352 = ORIENTED_EDGE('',*,*,#3353,.F.);
#3353 = EDGE_CURVE('',#3304,#3304,#3354,.T.);
#3354 = SURFACE_CURVE('',#3355,(#3360,#3366),.PCURVE_S1.);
#3355 = CIRCLE('',#3356,4.191);
#3356 = AXIS2_PLACEMENT_3D('',#3357,#3358,#3359);
#3357 = CARTESIAN_POINT('',(31.75,69.85,0.));
#3358 = DIRECTION('',(0.,0.,1.));
#3359 = DIRECTION('',(1.,0.,0.));
#3360 = PCURVE('',#3314,#3361);
#3361 = DEFINITIONAL_REPRESENTATION('',(#3362),#3365);
#3362 = B_SPLINE_CURVE_WITH_KNOTS('',1,(#3363,#3364),.UNSPECIFIED.,.F.,
  .F.,(2,2),(0.,6.28318530718),.PIECEWISE_BEZIER_KNOTS.);
#3363 = CARTESIAN_POINT('',(0.,0.));
#3364 = CARTESIAN_POINT('',(-6.28318530718,0.));
#3365 = ( GEOMETRIC_REPRESENTATION_CONTEXT(2) 
PARAMETRIC_REPRESENTATION_CONTEXT() REPRESENTATION_CONTEXT('2D SPACE',''
  ) );
#3366 = PCURVE('',#126,#3367);
#3367 = DEFINITIONAL_REPRESENTATION('',(#3368),#3372);
#3368 = CIRCLE('',#3369,4.191);
#3369 = AXIS2_PLACEMENT_2D('',#3370,#3371);
#3370 = CARTESIAN_POINT('',(-72.33547968809,-54.4717914067));
#3371 = DIRECTION('',(1.,0.));
#3372 = ( GEOMETRIC_REPRESENTATION_CONTEXT(2) 
PARAMETRIC_REPRESENTATION_CONTEXT() REPRESENTATION_CONTEXT('2D SPACE',''
  ) );
#3373 = ADVANCED_FACE('',(#3374),#3388,.F.);
#3374 = FACE_BOUND('',#3375,.T.);
#3375 = EDGE_LOOP('',(#3376,#3404,#3425,#3426));
#3376 = ORIENTED_EDGE('',*,*,#3377,.T.);
#3377 = EDGE_CURVE('',#3378,#3380,#3382,.T.);
#3378 = VERTEX_POINT('',#3379);
#3379 = CARTESIAN_POINT('',(74.041,31.75,0.));
#3380 = VERTEX_POINT('',#3381);
#3381 = CARTESIAN_POINT('',(74.041,31.75,12.7));
#3382 = SEAM_CURVE('',#3383,(#3387,#3398),.PCURVE_S1.);
#3383 = LINE('',#3384,#3385);
#3384 = CARTESIAN_POINT('',(74.041,31.75,0.));
#3385 = VECTOR('',#3386,1.);
#3386 = DIRECTION('',(0.,0.,1.));
#3387 = PCURVE('',#3388,#3393);
#3388 = CYLINDRICAL_SURFACE('',#3389,4.191);
#3389 = AXIS2_PLACEMENT_3D('',#3390,#3391,#3392);
#3390 = CARTESIAN_POINT('',(69.85,31.75,0.));
#3391 = DIRECTION('',(-0.,-0.,-1.));
#3392 = DIRECTION('',(1.,0.,0.));
#3393 = DEFINITIONAL_REPRESENTATION('',(#3394),#3397);
#3394 = B_SPLINE_CURVE_WITH_KNOTS('',1,(#3395,#3396),.UNSPECIFIED.,.F.,
  .F.,(2,2),(0.,12.7),.PIECEWISE_BEZIER_KNOTS.);
#3395 = CARTESIAN_POINT('',(0.,0.));
#3396 = CARTESIAN_POINT('',(0.,-12.7));
#3397 = ( GEOMETRIC_REPRESENTATION_CONTEXT(2) 
PARAMETRIC_REPRESENTATION_CONTEXT() REPRESENTATION_CONTEXT('2D SPACE',''
  ) );
#3398 = PCURVE('',#3388,#3399);
#3399 = DEFINITIONAL_REPRESENTATION('',(#3400),#3403);
#3400 = B_SPLINE_CURVE_WITH_KNOTS('',1,(#3401,#3402),.UNSPECIFIED.,.F.,
  .F.,(2,2),(0.,12.7),.PIECEWISE_BEZIER_KNOTS.);
#3401 = CARTESIAN_POINT('',(-6.28318530718,0.));
#3402 = CARTESIAN_POINT('',(-6.28318530718,-12.7));
#3403 = ( GEOMETRIC_REPRESENTATION_CONTEXT(2) 
PARAMETRIC_REPRESENTATION_CONTEXT() REPRESENTATION_CONTEXT('2D SPACE',''
  ) );
#3404 = ORIENTED_EDGE('',*,*,#3405,.T.);
#3405 = EDGE_CURVE('',#3380,#3380,#3406,.T.);
#3406 = SURFACE_CURVE('',#3407,(#3412,#3418),.PCURVE_S1.);
#3407 = CIRCLE('',#3408,4.191);
#3408 = AXIS2_PLACEMENT_3D('',#3409,#3410,#3411);
#3409 = CARTESIAN_POINT('',(69.85,31.75,12.7));
#3410 = DIRECTION('',(0.,0.,1.));
#3411 = DIRECTION('',(1.,0.,0.));
#3412 = PCURVE('',#3388,#3413);
#3413 = DEFINITIONAL_REPRESENTATION('',(#3414),#3417);
#3414 = B_SPLINE_CURVE_WITH_KNOTS('',1,(#3415,#3416),.UNSPECIFIED.,.F.,
  .F.,(2,2),(0.,6.28318530718),.PIECEWISE_BEZIER_KNOTS.);
#3415 = CARTESIAN_POINT('',(0.,-12.7));
#3416 = CARTESIAN_POINT('',(-6.28318530718,-12.7));
#3417 = ( GEOMETRIC_REPRESENTATION_CONTEXT(2) 
PARAMETRIC_REPRESENTATION_CONTEXT() REPRESENTATION_CONTEXT('2D SPACE',''
  ) );
#3418 = PCURVE('',#72,#3419);
#3419 = DEFINITIONAL_REPRESENTATION('',(#3420),#3424);
#3420 = CIRCLE('',#3421,4.191);
#3421 = AXIS2_PLACEMENT_2D('',#3422,#3423);
#3422 = CARTESIAN_POINT('',(-34.23547968809,-92.5717914067));
#3423 = DIRECTION('',(1.,0.));
#3424 = ( GEOMETRIC_REPRESENTATION_CONTEXT(2) 
PARAMETRIC_REPRESENTATION_CONTEXT() REPRESENTATION_CONTEXT('2D SPACE',''
  ) );
#3425 = ORIENTED_EDGE('',*,*,#3377,.F.);
#3426 = ORIENTED_EDGE('',*,*,#3427,.F.);
#3427 = EDGE_CURVE('',#3378,#3378,#3428,.T.);
#3428 = SURFACE_CURVE('',#3429,(#3434,#3440),.PCURVE_S1.);
#3429 = CIRCLE('',#3430,4.191);
#3430 = AXIS2_PLACEMENT_3D('',#3431,#3432,#3433);
#3431 = CARTESIAN_POINT('',(69.85,31.75,0.));
#3432 = DIRECTION('',(0.,0.,1.));
#3433 = DIRECTION('',(1.,0.,0.));
#3434 = PCURVE('',#3388,#3435);
#3435 = DEFINITIONAL_REPRESENTATION('',(#3436),#3439);
#3436 = B_SPLINE_CURVE_WITH_KNOTS('',1,(#3437,#3438),.UNSPECIFIED.,.F.,
  .F.,(2,2),(0.,6.28318530718),.PIECEWISE_BEZIER_KNOTS.);
#3437 = CARTESIAN_POINT('',(0.,0.));
#3438 = CARTESIAN_POINT('',(-6.28318530718,0.));
#3439 = ( GEOMETRIC_REPRESENTATION_CONTEXT(2) 
PARAMETRIC_REPRESENTATION_CONTEXT() REPRESENTATION_CONTEXT('2D SPACE',''
  ) );
#3440 = PCURVE('',#126,#3441);
#3441 = DEFINITIONAL_REPRESENTATION('',(#3442),#3446);
#3442 = CIRCLE('',#3443,4.191);
#3443 = AXIS2_PLACEMENT_2D('',#3444,#3445);
#3444 = CARTESIAN_POINT('',(-34.23547968809,-92.5717914067));
#3445 = DIRECTION('',(1.,0.));
#3446 = ( GEOMETRIC_REPRESENTATION_CONTEXT(2) 
PARAMETRIC_REPRESENTATION_CONTEXT() REPRESENTATION_CONTEXT('2D SPACE',''
  ) );
#3447 = ADVANCED_FACE('',(#3448),#3462,.F.);
#3448 = FACE_BOUND('',#3449,.T.);
#3449 = EDGE_LOOP('',(#3450,#3478,#3499,#3500));
#3450 = ORIENTED_EDGE('',*,*,#3451,.T.);
#3451 = EDGE_CURVE('',#3452,#3454,#3456,.T.);
#3452 = VERTEX_POINT('',#3453);
#3453 = CARTESIAN_POINT('',(74.041,69.85,0.));
#3454 = VERTEX_POINT('',#3455);
#3455 = CARTESIAN_POINT('',(74.041,69.85,12.7));
#3456 = SEAM_CURVE('',#3457,(#3461,#3472),.PCURVE_S1.);
#3457 = LINE('',#3458,#3459);
#3458 = CARTESIAN_POINT('',(74.041,69.85,0.));
#3459 = VECTOR('',#3460,1.);
#3460 = DIRECTION('',(0.,0.,1.));
#3461 = PCURVE('',#3462,#3467);
#3462 = CYLINDRICAL_SURFACE('',#3463,4.191);
#3463 = AXIS2_PLACEMENT_3D('',#3464,#3465,#3466);
#3464 = CARTESIAN_POINT('',(69.85,69.85,0.));
#3465 = DIRECTION('',(-0.,-0.,-1.));
#3466 = DIRECTION('',(1.,0.,0.));
#3467 = DEFINITIONAL_REPRESENTATION('',(#3468),#3471);
#3468 = B_SPLINE_CURVE_WITH_KNOTS('',1,(#3469,#3470),.UNSPECIFIED.,.F.,
  .F.,(2,2),(0.,12.7),.PIECEWISE_BEZIER_KNOTS.);
#3469 = CARTESIAN_POINT('',(0.,0.));
#3470 = CARTESIAN_POINT('',(0.,-12.7));
#3471 = ( GEOMETRIC_REPRESENTATION_CONTEXT(2) 
PARAMETRIC_REPRESENTATION_CONTEXT() REPRESENTATION_CONTEXT('2D SPACE',''
  ) );
#3472 = PCURVE('',#3462,#3473);
#3473 = DEFINITIONAL_REPRESENTATION('',(#3474),#3477);
#3474 = B_SPLINE_CURVE_WITH_KNOTS('',1,(#3475,#3476),.UNSPECIFIED.,.F.,
  .F.,(2,2),(0.,12.7),.PIECEWISE_BEZIER_KNOTS.);
#3475 = CARTESIAN_POINT('',(-6.28318530718,0.));
#3476 = CARTESIAN_POINT('',(-6.28318530718,-12.7));
#3477 = ( GEOMETRIC_REPRESENTATION_CONTEXT(2) 
PARAMETRIC_REPRESENTATION_CONTEXT() REPRESENTATION_CONTEXT('2D SPACE',''
  ) );
#3478 = ORIENTED_EDGE('',*,*,#3479,.T.);
#3479 = EDGE_CURVE('',#3454,#3454,#3480,.T.);
#3480 = SURFACE_CURVE('',#3481,(#3486,#3492),.PCURVE_S1.);
#3481 = CIRCLE('',#3482,4.191);
#3482 = AXIS2_PLACEMENT_3D('',#3483,#3484,#3485);
#3483 = CARTESIAN_POINT('',(69.85,69.85,12.7));
#3484 = DIRECTION('',(0.,0.,1.));
#3485 = DIRECTION('',(1.,0.,0.));
#3486 = PCURVE('',#3462,#3487);
#3487 = DEFINITIONAL_REPRESENTATION('',(#3488),#3491);
#3488 = B_SPLINE_CURVE_WITH_KNOTS('',1,(#3489,#3490),.UNSPECIFIED.,.F.,
  .F.,(2,2),(0.,6.28318530718),.PIECEWISE_BEZIER_KNOTS.);
#3489 = CARTESIAN_POINT('',(0.,-12.7));
#3490 = CARTESIAN_POINT('',(-6.28318530718,-12.7));
#3491 = ( GEOMETRIC_REPRESENTATION_CONTEXT(2) 
PARAMETRIC_REPRESENTATION_CONTEXT() REPRESENTATION_CONTEXT('2D SPACE',''
  ) );
#3492 = PCURVE('',#72,#3493);
#3493 = DEFINITIONAL_REPRESENTATION('',(#3494),#3498);
#3494 = CIRCLE('',#3495,4.191);
#3495 = AXIS2_PLACEMENT_2D('',#3496,#3497);
#3496 = CARTESIAN_POINT('',(-34.23547968809,-54.4717914067));
#3497 = DIRECTION('',(1.,0.));
#3498 = ( GEOMETRIC_REPRESENTATION_CONTEXT(2) 
PARAMETRIC_REPRESENTATION_CONTEXT() REPRESENTATION_CONTEXT('2D SPACE',''
  ) );
#3499 = ORIENTED_EDGE('',*,*,#3451,.F.);
#3500 = ORIENTED_EDGE('',*,*,#3501,.F.);
#3501 = EDGE_CURVE('',#3452,#3452,#3502,.T.);
#3502 = SURFACE_CURVE('',#3503,(#3508,#3514),.PCURVE_S1.);
#3503 = CIRCLE('',#3504,4.191);
#3504 = AXIS2_PLACEMENT_3D('',#3505,#3506,#3507);
#3505 = CARTESIAN_POINT('',(69.85,69.85,0.));
#3506 = DIRECTION('',(0.,0.,1.));
#3507 = DIRECTION('',(1.,0.,0.));
#3508 = PCURVE('',#3462,#3509);
#3509 = DEFINITIONAL_REPRESENTATION('',(#3510),#3513);
#3510 = B_SPLINE_CURVE_WITH_KNOTS('',1,(#3511,#3512),.UNSPECIFIED.,.F.,
  .F.,(2,2),(0.,6.28318530718),.PIECEWISE_BEZIER_KNOTS.);
#3511 = CARTESIAN_POINT('',(0.,0.));
#3512 = CARTESIAN_POINT('',(-6.28318530718,0.));
#3513 = ( GEOMETRIC_REPRESENTATION_CONTEXT(2) 
PARAMETRIC_REPRESENTATION_CONTEXT() REPRESENTATION_CONTEXT('2D SPACE',''
  ) );
#3514 = PCURVE('',#126,#3515);
#3515 = DEFINITIONAL_REPRESENTATION('',(#3516),#3520);
#3516 = CIRCLE('',#3517,4.191);
#3517 = AXIS2_PLACEMENT_2D('',#3518,#3519);
#3518 = CARTESIAN_POINT('',(-34.23547968809,-54.4717914067));
#3519 = DIRECTION('',(1.,0.));
#3520 = ( GEOMETRIC_REPRESENTATION_CONTEXT(2) 
PARAMETRIC_REPRESENTATION_CONTEXT() REPRESENTATION_CONTEXT('2D SPACE',''
  ) );
#3521 = ADVANCED_FACE('',(#3522),#3536,.F.);
#3522 = FACE_BOUND('',#3523,.T.);
#3523 = EDGE_LOOP('',(#3524,#3552,#3573,#3574));
#3524 = ORIENTED_EDGE('',*,*,#3525,.T.);
#3525 = EDGE_CURVE('',#3526,#3528,#3530,.T.);
#3526 = VERTEX_POINT('',#3527);
#3527 = CARTESIAN_POINT('',(175.641,31.75,0.));
#3528 = VERTEX_POINT('',#3529);
#3529 = CARTESIAN_POINT('',(175.641,31.75,12.7));
#3530 = SEAM_CURVE('',#3531,(#3535,#3546),.PCURVE_S1.);
#3531 = LINE('',#3532,#3533);
#3532 = CARTESIAN_POINT('',(175.641,31.75,0.));
#3533 = VECTOR('',#3534,1.);
#3534 = DIRECTION('',(0.,0.,1.));
#3535 = PCURVE('',#3536,#3541);
#3536 = CYLINDRICAL_SURFACE('',#3537,4.191);
#3537 = AXIS2_PLACEMENT_3D('',#3538,#3539,#3540);
#3538 = CARTESIAN_POINT('',(171.45,31.75,0.));
#3539 = DIRECTION('',(-0.,-0.,-1.));
#3540 = DIRECTION('',(1.,0.,0.));
#3541 = DEFINITIONAL_REPRESENTATION('',(#3542),#3545);
#3542 = B_SPLINE_CURVE_WITH_KNOTS('',1,(#3543,#3544),.UNSPECIFIED.,.F.,
  .F.,(2,2),(0.,12.7),.PIECEWISE_BEZIER_KNOTS.);
#3543 = CARTESIAN_POINT('',(0.,0.));
#3544 = CARTESIAN_POINT('',(0.,-12.7));
#3545 = ( GEOMETRIC_REPRESENTATION_CONTEXT(2) 
PARAMETRIC_REPRESENTATION_CONTEXT() REPRESENTATION_CONTEXT('2D SPACE',''
  ) );
#3546 = PCURVE('',#3536,#3547);
#3547 = DEFINITIONAL_REPRESENTATION('',(#3548),#3551);
#3548 = B_SPLINE_CURVE_WITH_KNOTS('',1,(#3549,#3550),.UNSPECIFIED.,.F.,
  .F.,(2,2),(0.,12.7),.PIECEWISE_BEZIER_KNOTS.);
#3549 = CARTESIAN_POINT('',(-6.28318530718,0.));
#3550 = CARTESIAN_POINT('',(-6.28318530718,-12.7));
#3551 = ( GEOMETRIC_REPRESENTATION_CONTEXT(2) 
PARAMETRIC_REPRESENTATION_CONTEXT() REPRESENTATION_CONTEXT('2D SPACE',''
  ) );
#3552 = ORIENTED_EDGE('',*,*,#3553,.T.);
#3553 = EDGE_CURVE('',#3528,#3528,#3554,.T.);
#3554 = SURFACE_CURVE('',#3555,(#3560,#3566),.PCURVE_S1.);
#3555 = CIRCLE('',#3556,4.191);
#3556 = AXIS2_PLACEMENT_3D('',#3557,#3558,#3559);
#3557 = CARTESIAN_POINT('',(171.45,31.75,12.7));
#3558 = DIRECTION('',(0.,0.,1.));
#3559 = DIRECTION('',(1.,0.,0.));
#3560 = PCURVE('',#3536,#3561);
#3561 = DEFINITIONAL_REPRESENTATION('',(#3562),#3565);
#3562 = B_SPLINE_CURVE_WITH_KNOTS('',1,(#3563,#3564),.UNSPECIFIED.,.F.,
  .F.,(2,2),(0.,6.28318530718),.PIECEWISE_BEZIER_KNOTS.);
#3563 = CARTESIAN_POINT('',(0.,-12.7));
#3564 = CARTESIAN_POINT('',(-6.28318530718,-12.7));
#3565 = ( GEOMETRIC_REPRESENTATION_CONTEXT(2) 
PARAMETRIC_REPRESENTATION_CONTEXT() REPRESENTATION_CONTEXT('2D SPACE',''
  ) );
#3566 = PCURVE('',#72,#3567);
#3567 = DEFINITIONAL_REPRESENTATION('',(#3568),#3572);
#3568 = CIRCLE('',#3569,4.191);
#3569 = AXIS2_PLACEMENT_2D('',#3570,#3571);
#3570 = CARTESIAN_POINT('',(67.364520311902,-92.5717914067));
#3571 = DIRECTION('',(1.,0.));
#3572 = ( GEOMETRIC_REPRESENTATION_CONTEXT(2) 
PARAMETRIC_REPRESENTATION_CONTEXT() REPRESENTATION_CONTEXT('2D SPACE',''
  ) );
#3573 = ORIENTED_EDGE('',*,*,#3525,.F.);
#3574 = ORIENTED_EDGE('',*,*,#3575,.F.);
#3575 = EDGE_CURVE('',#3526,#3526,#3576,.T.);
#3576 = SURFACE_CURVE('',#3577,(#3582,#3588),.PCURVE_S1.);
#3577 = CIRCLE('',#3578,4.191);
#3578 = AXIS2_PLACEMENT_3D('',#3579,#3580,#3581);
#3579 = CARTESIAN_POINT('',(171.45,31.75,0.));
#3580 = DIRECTION('',(0.,0.,1.));
#3581 = DIRECTION('',(1.,0.,0.));
#3582 = PCURVE('',#3536,#3583);
#3583 = DEFINITIONAL_REPRESENTATION('',(#3584),#3587);
#3584 = B_SPLINE_CURVE_WITH_KNOTS('',1,(#3585,#3586),.UNSPECIFIED.,.F.,
  .F.,(2,2),(0.,6.28318530718),.PIECEWISE_BEZIER_KNOTS.);
#3585 = CARTESIAN_POINT('',(0.,0.));
#3586 = CARTESIAN_POINT('',(-6.28318530718,0.));
#3587 = ( GEOMETRIC_REPRESENTATION_CONTEXT(2) 
PARAMETRIC_REPRESENTATION_CONTEXT() REPRESENTATION_CONTEXT('2D SPACE',''
  ) );
#3588 = PCURVE('',#126,#3589);
#3589 = DEFINITIONAL_REPRESENTATION('',(#3590),#3594);
#3590 = CIRCLE('',#3591,4.191);
#3591 = AXIS2_PLACEMENT_2D('',#3592,#3593);
#3592 = CARTESIAN_POINT('',(67.364520311902,-92.5717914067));
#3593 = DIRECTION('',(1.,0.));
#3594 = ( GEOMETRIC_REPRESENTATION_CONTEXT(2) 
PARAMETRIC_REPRESENTATION_CONTEXT() REPRESENTATION_CONTEXT('2D SPACE',''
  ) );
#3595 = ADVANCED_FACE('',(#3596),#3610,.F.);
#3596 = FACE_BOUND('',#3597,.T.);
#3597 = EDGE_LOOP('',(#3598,#3626,#3647,#3648));
#3598 = ORIENTED_EDGE('',*,*,#3599,.T.);
#3599 = EDGE_CURVE('',#3600,#3602,#3604,.T.);
#3600 = VERTEX_POINT('',#3601);
#3601 = CARTESIAN_POINT('',(213.741,31.75,0.));
#3602 = VERTEX_POINT('',#3603);
#3603 = CARTESIAN_POINT('',(213.741,31.75,12.7));
#3604 = SEAM_CURVE('',#3605,(#3609,#3620),.PCURVE_S1.);
#3605 = LINE('',#3606,#3607);
#3606 = CARTESIAN_POINT('',(213.741,31.75,0.));
#3607 = VECTOR('',#3608,1.);
#3608 = DIRECTION('',(0.,0.,1.));
#3609 = PCURVE('',#3610,#3615);
#3610 = CYLINDRICAL_SURFACE('',#3611,4.191);
#3611 = AXIS2_PLACEMENT_3D('',#3612,#3613,#3614);
#3612 = CARTESIAN_POINT('',(209.55,31.75,0.));
#3613 = DIRECTION('',(-0.,-0.,-1.));
#3614 = DIRECTION('',(1.,0.,0.));
#3615 = DEFINITIONAL_REPRESENTATION('',(#3616),#3619);
#3616 = B_SPLINE_CURVE_WITH_KNOTS('',1,(#3617,#3618),.UNSPECIFIED.,.F.,
  .F.,(2,2),(0.,12.7),.PIECEWISE_BEZIER_KNOTS.);
#3617 = CARTESIAN_POINT('',(0.,0.));
#3618 = CARTESIAN_POINT('',(0.,-12.7));
#3619 = ( GEOMETRIC_REPRESENTATION_CONTEXT(2) 
PARAMETRIC_REPRESENTATION_CONTEXT() REPRESENTATION_CONTEXT('2D SPACE',''
  ) );
#3620 = PCURVE('',#3610,#3621);
#3621 = DEFINITIONAL_REPRESENTATION('',(#3622),#3625);
#3622 = B_SPLINE_CURVE_WITH_KNOTS('',1,(#3623,#3624),.UNSPECIFIED.,.F.,
  .F.,(2,2),(0.,12.7),.PIECEWISE_BEZIER_KNOTS.);
#3623 = CARTESIAN_POINT('',(-6.28318530718,0.));
#3624 = CARTESIAN_POINT('',(-6.28318530718,-12.7));
#3625 = ( GEOMETRIC_REPRESENTATION_CONTEXT(2) 
PARAMETRIC_REPRESENTATION_CONTEXT() REPRESENTATION_CONTEXT('2D SPACE',''
  ) );
#3626 = ORIENTED_EDGE('',*,*,#3627,.T.);
#3627 = EDGE_CURVE('',#3602,#3602,#3628,.T.);
#3628 = SURFACE_CURVE('',#3629,(#3634,#3640),.PCURVE_S1.);
#3629 = CIRCLE('',#3630,4.191);
#3630 = AXIS2_PLACEMENT_3D('',#3631,#3632,#3633);
#3631 = CARTESIAN_POINT('',(209.55,31.75,12.7));
#3632 = DIRECTION('',(0.,0.,1.));
#3633 = DIRECTION('',(1.,0.,0.));
#3634 = PCURVE('',#3610,#3635);
#3635 = DEFINITIONAL_REPRESENTATION('',(#3636),#3639);
#3636 = B_SPLINE_CURVE_WITH_KNOTS('',1,(#3637,#3638),.UNSPECIFIED.,.F.,
  .F.,(2,2),(0.,6.28318530718),.PIECEWISE_BEZIER_KNOTS.);
#3637 = CARTESIAN_POINT('',(0.,-12.7));
#3638 = CARTESIAN_POINT('',(-6.28318530718,-12.7));
#3639 = ( GEOMETRIC_REPRESENTATION_CONTEXT(2) 
PARAMETRIC_REPRESENTATION_CONTEXT() REPRESENTATION_CONTEXT('2D SPACE',''
  ) );
#3640 = PCURVE('',#72,#3641);
#3641 = DEFINITIONAL_REPRESENTATION('',(#3642),#3646);
#3642 = CIRCLE('',#3643,4.191);
#3643 = AXIS2_PLACEMENT_2D('',#3644,#3645);
#3644 = CARTESIAN_POINT('',(105.4645203119,-92.5717914067));
#3645 = DIRECTION('',(1.,0.));
#3646 = ( GEOMETRIC_REPRESENTATION_CONTEXT(2) 
PARAMETRIC_REPRESENTATION_CONTEXT() REPRESENTATION_CONTEXT('2D SPACE',''
  ) );
#3647 = ORIENTED_EDGE('',*,*,#3599,.F.);
#3648 = ORIENTED_EDGE('',*,*,#3649,.F.);
#3649 = EDGE_CURVE('',#3600,#3600,#3650,.T.);
#3650 = SURFACE_CURVE('',#3651,(#3656,#3662),.PCURVE_S1.);
#3651 = CIRCLE('',#3652,4.191);
#3652 = AXIS2_PLACEMENT_3D('',#3653,#3654,#3655);
#3653 = CARTESIAN_POINT('',(209.55,31.75,0.));
#3654 = DIRECTION('',(0.,0.,1.));
#3655 = DIRECTION('',(1.,0.,0.));
#3656 = PCURVE('',#3610,#3657);
#3657 = DEFINITIONAL_REPRESENTATION('',(#3658),#3661);
#3658 = B_SPLINE_CURVE_WITH_KNOTS('',1,(#3659,#3660),.UNSPECIFIED.,.F.,
  .F.,(2,2),(0.,6.28318530718),.PIECEWISE_BEZIER_KNOTS.);
#3659 = CARTESIAN_POINT('',(0.,0.));
#3660 = CARTESIAN_POINT('',(-6.28318530718,0.));
#3661 = ( GEOMETRIC_REPRESENTATION_CONTEXT(2) 
PARAMETRIC_REPRESENTATION_CONTEXT() REPRESENTATION_CONTEXT('2D SPACE',''
  ) );
#3662 = PCURVE('',#126,#3663);
#3663 = DEFINITIONAL_REPRESENTATION('',(#3664),#3668);
#3664 = CIRCLE('',#3665,4.191);
#3665 = AXIS2_PLACEMENT_2D('',#3666,#3667);
#3666 = CARTESIAN_POINT('',(105.4645203119,-92.5717914067));
#3667 = DIRECTION('',(1.,0.));
#3668 = ( GEOMETRIC_REPRESENTATION_CONTEXT(2) 
PARAMETRIC_REPRESENTATION_CONTEXT() REPRESENTATION_CONTEXT('2D SPACE',''
  ) );
#3669 = ADVANCED_FACE('',(#3670),#3684,.F.);
#3670 = FACE_BOUND('',#3671,.T.);
#3671 = EDGE_LOOP('',(#3672,#3700,#3721,#3722));
#3672 = ORIENTED_EDGE('',*,*,#3673,.T.);
#3673 = EDGE_CURVE('',#3674,#3676,#3678,.T.);
#3674 = VERTEX_POINT('',#3675);
#3675 = CARTESIAN_POINT('',(175.641,69.85,0.));
#3676 = VERTEX_POINT('',#3677);
#3677 = CARTESIAN_POINT('',(175.641,69.85,12.7));
#3678 = SEAM_CURVE('',#3679,(#3683,#3694),.PCURVE_S1.);
#3679 = LINE('',#3680,#3681);
#3680 = CARTESIAN_POINT('',(175.641,69.85,0.));
#3681 = VECTOR('',#3682,1.);
#3682 = DIRECTION('',(0.,0.,1.));
#3683 = PCURVE('',#3684,#3689);
#3684 = CYLINDRICAL_SURFACE('',#3685,4.191);
#3685 = AXIS2_PLACEMENT_3D('',#3686,#3687,#3688);
#3686 = CARTESIAN_POINT('',(171.45,69.85,0.));
#3687 = DIRECTION('',(-0.,-0.,-1.));
#3688 = DIRECTION('',(1.,0.,0.));
#3689 = DEFINITIONAL_REPRESENTATION('',(#3690),#3693);
#3690 = B_SPLINE_CURVE_WITH_KNOTS('',1,(#3691,#3692),.UNSPECIFIED.,.F.,
  .F.,(2,2),(0.,12.7),.PIECEWISE_BEZIER_KNOTS.);
#3691 = CARTESIAN_POINT('',(0.,0.));
#3692 = CARTESIAN_POINT('',(0.,-12.7));
#3693 = ( GEOMETRIC_REPRESENTATION_CONTEXT(2) 
PARAMETRIC_REPRESENTATION_CONTEXT() REPRESENTATION_CONTEXT('2D SPACE',''
  ) );
#3694 = PCURVE('',#3684,#3695);
#3695 = DEFINITIONAL_REPRESENTATION('',(#3696),#3699);
#3696 = B_SPLINE_CURVE_WITH_KNOTS('',1,(#3697,#3698),.UNSPECIFIED.,.F.,
  .F.,(2,2),(0.,12.7),.PIECEWISE_BEZIER_KNOTS.);
#3697 = CARTESIAN_POINT('',(-6.28318530718,0.));
#3698 = CARTESIAN_POINT('',(-6.28318530718,-12.7));
#3699 = ( GEOMETRIC_REPRESENTATION_CONTEXT(2) 
PARAMETRIC_REPRESENTATION_CONTEXT() REPRESENTATION_CONTEXT('2D SPACE',''
  ) );
#3700 = ORIENTED_EDGE('',*,*,#3701,.T.);
#3701 = EDGE_CURVE('',#3676,#3676,#3702,.T.);
#3702 = SURFACE_CURVE('',#3703,(#3708,#3714),.PCURVE_S1.);
#3703 = CIRCLE('',#3704,4.191);
#3704 = AXIS2_PLACEMENT_3D('',#3705,#3706,#3707);
#3705 = CARTESIAN_POINT('',(171.45,69.85,12.7));
#3706 = DIRECTION('',(0.,0.,1.));
#3707 = DIRECTION('',(1.,0.,0.));
#3708 = PCURVE('',#3684,#3709);
#3709 = DEFINITIONAL_REPRESENTATION('',(#3710),#3713);
#3710 = B_SPLINE_CURVE_WITH_KNOTS('',1,(#3711,#3712),.UNSPECIFIED.,.F.,
  .F.,(2,2),(0.,6.28318530718),.PIECEWISE_BEZIER_KNOTS.);
#3711 = CARTESIAN_POINT('',(0.,-12.7));
#3712 = CARTESIAN_POINT('',(-6.28318530718,-12.7));
#3713 = ( GEOMETRIC_REPRESENTATION_CONTEXT(2) 
PARAMETRIC_REPRESENTATION_CONTEXT() REPRESENTATION_CONTEXT('2D SPACE',''
  ) );
#3714 = PCURVE('',#72,#3715);
#3715 = DEFINITIONAL_REPRESENTATION('',(#3716),#3720);
#3716 = CIRCLE('',#3717,4.191);
#3717 = AXIS2_PLACEMENT_2D('',#3718,#3719);
#3718 = CARTESIAN_POINT('',(67.364520311902,-54.4717914067));
#3719 = DIRECTION('',(1.,0.));
#3720 = ( GEOMETRIC_REPRESENTATION_CONTEXT(2) 
PARAMETRIC_REPRESENTATION_CONTEXT() REPRESENTATION_CONTEXT('2D SPACE',''
  ) );
#3721 = ORIENTED_EDGE('',*,*,#3673,.F.);
#3722 = ORIENTED_EDGE('',*,*,#3723,.F.);
#3723 = EDGE_CURVE('',#3674,#3674,#3724,.T.);
#3724 = SURFACE_CURVE('',#3725,(#3730,#3736),.PCURVE_S1.);
#3725 = CIRCLE('',#3726,4.191);
#3726 = AXIS2_PLACEMENT_3D('',#3727,#3728,#3729);
#3727 = CARTESIAN_POINT('',(171.45,69.85,0.));
#3728 = DIRECTION('',(0.,0.,1.));
#3729 = DIRECTION('',(1.,0.,0.));
#3730 = PCURVE('',#3684,#3731);
#3731 = DEFINITIONAL_REPRESENTATION('',(#3732),#3735);
#3732 = B_SPLINE_CURVE_WITH_KNOTS('',1,(#3733,#3734),.UNSPECIFIED.,.F.,
  .F.,(2,2),(0.,6.28318530718),.PIECEWISE_BEZIER_KNOTS.);
#3733 = CARTESIAN_POINT('',(0.,0.));
#3734 = CARTESIAN_POINT('',(-6.28318530718,0.));
#3735 = ( GEOMETRIC_REPRESENTATION_CONTEXT(2) 
PARAMETRIC_REPRESENTATION_CONTEXT() REPRESENTATION_CONTEXT('2D SPACE',''
  ) );
#3736 = PCURVE('',#126,#3737);
#3737 = DEFINITIONAL_REPRESENTATION('',(#3738),#3742);
#3738 = CIRCLE('',#3739,4.191);
#3739 = AXIS2_PLACEMENT_2D('',#3740,#3741);
#3740 = CARTESIAN_POINT('',(67.364520311902,-54.4717914067));
#3741 = DIRECTION('',(1.,0.));
#3742 = ( GEOMETRIC_REPRESENTATION_CONTEXT(2) 
PARAMETRIC_REPRESENTATION_CONTEXT() REPRESENTATION_CONTEXT('2D SPACE',''
  ) );
#3743 = ADVANCED_FACE('',(#3744),#3758,.F.);
#3744 = FACE_BOUND('',#3745,.T.);
#3745 = EDGE_LOOP('',(#3746,#3774,#3795,#3796));
#3746 = ORIENTED_EDGE('',*,*,#3747,.T.);
#3747 = EDGE_CURVE('',#3748,#3750,#3752,.T.);
#3748 = VERTEX_POINT('',#3749);
#3749 = CARTESIAN_POINT('',(213.741,69.85,0.));
#3750 = VERTEX_POINT('',#3751);
#3751 = CARTESIAN_POINT('',(213.741,69.85,12.7));
#3752 = SEAM_CURVE('',#3753,(#3757,#3768),.PCURVE_S1.);
#3753 = LINE('',#3754,#3755);
#3754 = CARTESIAN_POINT('',(213.741,69.85,0.));
#3755 = VECTOR('',#3756,1.);
#3756 = DIRECTION('',(0.,0.,1.));
#3757 = PCURVE('',#3758,#3763);
#3758 = CYLINDRICAL_SURFACE('',#3759,4.191);
#3759 = AXIS2_PLACEMENT_3D('',#3760,#3761,#3762);
#3760 = CARTESIAN_POINT('',(209.55,69.85,0.));
#3761 = DIRECTION('',(-0.,-0.,-1.));
#3762 = DIRECTION('',(1.,0.,0.));
#3763 = DEFINITIONAL_REPRESENTATION('',(#3764),#3767);
#3764 = B_SPLINE_CURVE_WITH_KNOTS('',1,(#3765,#3766),.UNSPECIFIED.,.F.,
  .F.,(2,2),(0.,12.7),.PIECEWISE_BEZIER_KNOTS.);
#3765 = CARTESIAN_POINT('',(0.,0.));
#3766 = CARTESIAN_POINT('',(0.,-12.7));
#3767 = ( GEOMETRIC_REPRESENTATION_CONTEXT(2) 
PARAMETRIC_REPRESENTATION_CONTEXT() REPRESENTATION_CONTEXT('2D SPACE',''
  ) );
#3768 = PCURVE('',#3758,#3769);
#3769 = DEFINITIONAL_REPRESENTATION('',(#3770),#3773);
#3770 = B_SPLINE_CURVE_WITH_KNOTS('',1,(#3771,#3772),.UNSPECIFIED.,.F.,
  .F.,(2,2),(0.,12.7),.PIECEWISE_BEZIER_KNOTS.);
#3771 = CARTESIAN_POINT('',(-6.28318530718,0.));
#3772 = CARTESIAN_POINT('',(-6.28318530718,-12.7));
#3773 = ( GEOMETRIC_REPRESENTATION_CONTEXT(2) 
PARAMETRIC_REPRESENTATION_CONTEXT() REPRESENTATION_CONTEXT('2D SPACE',''
  ) );
#3774 = ORIENTED_EDGE('',*,*,#3775,.T.);
#3775 = EDGE_CURVE('',#3750,#3750,#3776,.T.);
#3776 = SURFACE_CURVE('',#3777,(#3782,#3788),.PCURVE_S1.);
#3777 = CIRCLE('',#3778,4.191);
#3778 = AXIS2_PLACEMENT_3D('',#3779,#3780,#3781);
#3779 = CARTESIAN_POINT('',(209.55,69.85,12.7));
#3780 = DIRECTION('',(0.,0.,1.));
#3781 = DIRECTION('',(1.,0.,0.));
#3782 = PCURVE('',#3758,#3783);
#3783 = DEFINITIONAL_REPRESENTATION('',(#3784),#3787);
#3784 = B_SPLINE_CURVE_WITH_KNOTS('',1,(#3785,#3786),.UNSPECIFIED.,.F.,
  .F.,(2,2),(0.,6.28318530718),.PIECEWISE_BEZIER_KNOTS.);
#3785 = CARTESIAN_POINT('',(0.,-12.7));
#3786 = CARTESIAN_POINT('',(-6.28318530718,-12.7));
#3787 = ( GEOMETRIC_REPRESENTATION_CONTEXT(2) 
PARAMETRIC_REPRESENTATION_CONTEXT() REPRESENTATION_CONTEXT('2D SPACE',''
  ) );
#3788 = PCURVE('',#72,#3789);
#3789 = DEFINITIONAL_REPRESENTATION('',(#3790),#3794);
#3790 = CIRCLE('',#3791,4.191);
#3791 = AXIS2_PLACEMENT_2D('',#3792,#3793);
#3792 = CARTESIAN_POINT('',(105.4645203119,-54.4717914067));
#3793 = DIRECTION('',(1.,0.));
#3794 = ( GEOMETRIC_REPRESENTATION_CONTEXT(2) 
PARAMETRIC_REPRESENTATION_CONTEXT() REPRESENTATION_CONTEXT('2D SPACE',''
  ) );
#3795 = ORIENTED_EDGE('',*,*,#3747,.F.);
#3796 = ORIENTED_EDGE('',*,*,#3797,.F.);
#3797 = EDGE_CURVE('',#3748,#3748,#3798,.T.);
#3798 = SURFACE_CURVE('',#3799,(#3804,#3810),.PCURVE_S1.);
#3799 = CIRCLE('',#3800,4.191);
#3800 = AXIS2_PLACEMENT_3D('',#3801,#3802,#3803);
#3801 = CARTESIAN_POINT('',(209.55,69.85,0.));
#3802 = DIRECTION('',(0.,0.,1.));
#3803 = DIRECTION('',(1.,0.,0.));
#3804 = PCURVE('',#3758,#3805);
#3805 = DEFINITIONAL_REPRESENTATION('',(#3806),#3809);
#3806 = B_SPLINE_CURVE_WITH_KNOTS('',1,(#3807,#3808),.UNSPECIFIED.,.F.,
  .F.,(2,2),(0.,6.28318530718),.PIECEWISE_BEZIER_KNOTS.);
#3807 = CARTESIAN_POINT('',(0.,0.));
#3808 = CARTESIAN_POINT('',(-6.28318530718,0.));
#3809 = ( GEOMETRIC_REPRESENTATION_CONTEXT(2) 
PARAMETRIC_REPRESENTATION_CONTEXT() REPRESENTATION_CONTEXT('2D SPACE',''
  ) );
#3810 = PCURVE('',#126,#3811);
#3811 = DEFINITIONAL_REPRESENTATION('',(#3812),#3816);
#3812 = CIRCLE('',#3813,4.191);
#3813 = AXIS2_PLACEMENT_2D('',#3814,#3815);
#3814 = CARTESIAN_POINT('',(105.4645203119,-54.4717914067));
#3815 = DIRECTION('',(1.,0.));
#3816 = ( GEOMETRIC_REPRESENTATION_CONTEXT(2) 
PARAMETRIC_REPRESENTATION_CONTEXT() REPRESENTATION_CONTEXT('2D SPACE',''
  ) );
#3817 = ADVANCED_FACE('',(#3818),#3832,.F.);
#3818 = FACE_BOUND('',#3819,.F.);
#3819 = EDGE_LOOP('',(#3820,#3848,#3873,#3874));
#3820 = ORIENTED_EDGE('',*,*,#3821,.T.);
#3821 = EDGE_CURVE('',#3822,#3824,#3826,.T.);
#3822 = VERTEX_POINT('',#3823);
#3823 = CARTESIAN_POINT('',(6.35,136.6774,0.));
#3824 = VERTEX_POINT('',#3825);
#3825 = CARTESIAN_POINT('',(6.35,136.6774,12.7));
#3826 = SEAM_CURVE('',#3827,(#3831,#3842),.PCURVE_S1.);
#3827 = LINE('',#3828,#3829);
#3828 = CARTESIAN_POINT('',(6.35,136.6774,0.));
#3829 = VECTOR('',#3830,1.);
#3830 = DIRECTION('',(0.,0.,1.));
#3831 = PCURVE('',#3832,#3837);
#3832 = CYLINDRICAL_SURFACE('',#3833,3.3274);
#3833 = AXIS2_PLACEMENT_3D('',#3834,#3835,#3836);
#3834 = CARTESIAN_POINT('',(6.35,133.35,0.));
#3835 = DIRECTION('',(0.,0.,-1.));
#3836 = DIRECTION('',(-2.22044604925E-16,1.,0.));
#3837 = DEFINITIONAL_REPRESENTATION('',(#3838),#3841);
#3838 = B_SPLINE_CURVE_WITH_KNOTS('',1,(#3839,#3840),.UNSPECIFIED.,.F.,
  .F.,(2,2),(0.,12.7),.PIECEWISE_BEZIER_KNOTS.);
#3839 = CARTESIAN_POINT('',(0.,0.));
#3840 = CARTESIAN_POINT('',(0.,-12.7));
#3841 = ( GEOMETRIC_REPRESENTATION_CONTEXT(2) 
PARAMETRIC_REPRESENTATION_CONTEXT() REPRESENTATION_CONTEXT('2D SPACE',''
  ) );
#3842 = PCURVE('',#3832,#3843);
#3843 = DEFINITIONAL_REPRESENTATION('',(#3844),#3847);
#3844 = B_SPLINE_CURVE_WITH_KNOTS('',1,(#3845,#3846),.UNSPECIFIED.,.F.,
  .F.,(2,2),(0.,12.7),.PIECEWISE_BEZIER_KNOTS.);
#3845 = CARTESIAN_POINT('',(6.28318530718,0.));
#3846 = CARTESIAN_POINT('',(6.28318530718,-12.7));
#3847 = ( GEOMETRIC_REPRESENTATION_CONTEXT(2) 
PARAMETRIC_REPRESENTATION_CONTEXT() REPRESENTATION_CONTEXT('2D SPACE',''
  ) );
#3848 = ORIENTED_EDGE('',*,*,#3849,.T.);
#3849 = EDGE_CURVE('',#3824,#3824,#3850,.T.);
#3850 = SURFACE_CURVE('',#3851,(#3856,#3862),.PCURVE_S1.);
#3851 = CIRCLE('',#3852,3.3274);
#3852 = AXIS2_PLACEMENT_3D('',#3853,#3854,#3855);
#3853 = CARTESIAN_POINT('',(6.35,133.35,12.7));
#3854 = DIRECTION('',(0.,0.,-1.));
#3855 = DIRECTION('',(-2.22044604925E-16,1.,0.));
#3856 = PCURVE('',#3832,#3857);
#3857 = DEFINITIONAL_REPRESENTATION('',(#3858),#3861);
#3858 = B_SPLINE_CURVE_WITH_KNOTS('',1,(#3859,#3860),.UNSPECIFIED.,.F.,
  .F.,(2,2),(0.,6.28318530718),.PIECEWISE_BEZIER_KNOTS.);
#3859 = CARTESIAN_POINT('',(0.,-12.7));
#3860 = CARTESIAN_POINT('',(6.28318530718,-12.7));
#3861 = ( GEOMETRIC_REPRESENTATION_CONTEXT(2) 
PARAMETRIC_REPRESENTATION_CONTEXT() REPRESENTATION_CONTEXT('2D SPACE',''
  ) );
#3862 = PCURVE('',#72,#3863);
#3863 = DEFINITIONAL_REPRESENTATION('',(#3864),#3872);
#3864 = ( BOUNDED_CURVE() B_SPLINE_CURVE(2,(#3865,#3866,#3867,#3868,
#3869,#3870,#3871),.UNSPECIFIED.,.T.,.F.) B_SPLINE_CURVE_WITH_KNOTS((1,2
    ,2,2,2,1),(-2.094395102393,0.,2.094395102393,4.188790204786,
6.28318530718,8.377580409573),.UNSPECIFIED.) CURVE() 
GEOMETRIC_REPRESENTATION_ITEM() RATIONAL_B_SPLINE_CURVE((1.,0.5,1.,0.5,
1.,0.5,1.)) REPRESENTATION_ITEM('') );
#3865 = CARTESIAN_POINT('',(-97.73547968809,12.355608593292));
#3866 = CARTESIAN_POINT('',(-91.97225383099,12.355608593292));
#3867 = CARTESIAN_POINT('',(-94.85386675954,7.364508593292));
#3868 = CARTESIAN_POINT('',(-97.73547968809,2.373408593292));
#3869 = CARTESIAN_POINT('',(-100.6170926166,7.364508593292));
#3870 = CARTESIAN_POINT('',(-103.4987055452,12.355608593292));
#3871 = CARTESIAN_POINT('',(-97.73547968809,12.355608593292));
#3872 = ( GEOMETRIC_REPRESENTATION_CONTEXT(2) 
PARAMETRIC_REPRESENTATION_CONTEXT() REPRESENTATION_CONTEXT('2D SPACE',''
  ) );
#3873 = ORIENTED_EDGE('',*,*,#3821,.F.);
#3874 = ORIENTED_EDGE('',*,*,#3875,.F.);
#3875 = EDGE_CURVE('',#3822,#3822,#3876,.T.);
#3876 = SURFACE_CURVE('',#3877,(#3882,#3888),.PCURVE_S1.);
#3877 = CIRCLE('',#3878,3.3274);
#3878 = AXIS2_PLACEMENT_3D('',#3879,#3880,#3881);
#3879 = CARTESIAN_POINT('',(6.35,133.35,0.));
#3880 = DIRECTION('',(0.,0.,-1.));
#3881 = DIRECTION('',(-2.22044604925E-16,1.,0.));
#3882 = PCURVE('',#3832,#3883);
#3883 = DEFINITIONAL_REPRESENTATION('',(#3884),#3887);
#3884 = B_SPLINE_CURVE_WITH_KNOTS('',1,(#3885,#3886),.UNSPECIFIED.,.F.,
  .F.,(2,2),(0.,6.28318530718),.PIECEWISE_BEZIER_KNOTS.);
#3885 = CARTESIAN_POINT('',(0.,0.));
#3886 = CARTESIAN_POINT('',(6.28318530718,0.));
#3887 = ( GEOMETRIC_REPRESENTATION_CONTEXT(2) 
PARAMETRIC_REPRESENTATION_CONTEXT() REPRESENTATION_CONTEXT('2D SPACE',''
  ) );
#3888 = PCURVE('',#126,#3889);
#3889 = DEFINITIONAL_REPRESENTATION('',(#3890),#3898);
#3890 = ( BOUNDED_CURVE() B_SPLINE_CURVE(2,(#3891,#3892,#3893,#3894,
#3895,#3896,#3897),.UNSPECIFIED.,.T.,.F.) B_SPLINE_CURVE_WITH_KNOTS((1,2
    ,2,2,2,1),(-2.094395102393,0.,2.094395102393,4.188790204786,
6.28318530718,8.377580409573),.UNSPECIFIED.) CURVE() 
GEOMETRIC_REPRESENTATION_ITEM() RATIONAL_B_SPLINE_CURVE((1.,0.5,1.,0.5,
1.,0.5,1.)) REPRESENTATION_ITEM('') );
#3891 = CARTESIAN_POINT('',(-97.73547968809,12.355608593292));
#3892 = CARTESIAN_POINT('',(-91.97225383099,12.355608593292));
#3893 = CARTESIAN_POINT('',(-94.85386675954,7.364508593292));
#3894 = CARTESIAN_POINT('',(-97.73547968809,2.373408593292));
#3895 = CARTESIAN_POINT('',(-100.6170926166,7.364508593292));
#3896 = CARTESIAN_POINT('',(-103.4987055452,12.355608593292));
#3897 = CARTESIAN_POINT('',(-97.73547968809,12.355608593292));
#3898 = ( GEOMETRIC_REPRESENTATION_CONTEXT(2) 
PARAMETRIC_REPRESENTATION_CONTEXT() REPRESENTATION_CONTEXT('2D SPACE',''
  ) );
#3899 = ADVANCED_FACE('',(#3900),#3914,.F.);
#3900 = FACE_BOUND('',#3901,.T.);
#3901 = EDGE_LOOP('',(#3902,#3930,#3951,#3952));
#3902 = ORIENTED_EDGE('',*,*,#3903,.T.);
#3903 = EDGE_CURVE('',#3904,#3906,#3908,.T.);
#3904 = VERTEX_POINT('',#3905);
#3905 = CARTESIAN_POINT('',(35.941,196.85,0.));
#3906 = VERTEX_POINT('',#3907);
#3907 = CARTESIAN_POINT('',(35.941,196.85,12.7));
#3908 = SEAM_CURVE('',#3909,(#3913,#3924),.PCURVE_S1.);
#3909 = LINE('',#3910,#3911);
#3910 = CARTESIAN_POINT('',(35.941,196.85,0.));
#3911 = VECTOR('',#3912,1.);
#3912 = DIRECTION('',(0.,0.,1.));
#3913 = PCURVE('',#3914,#3919);
#3914 = CYLINDRICAL_SURFACE('',#3915,4.191);
#3915 = AXIS2_PLACEMENT_3D('',#3916,#3917,#3918);
#3916 = CARTESIAN_POINT('',(31.75,196.85,0.));
#3917 = DIRECTION('',(-0.,-0.,-1.));
#3918 = DIRECTION('',(1.,0.,0.));
#3919 = DEFINITIONAL_REPRESENTATION('',(#3920),#3923);
#3920 = B_SPLINE_CURVE_WITH_KNOTS('',1,(#3921,#3922),.UNSPECIFIED.,.F.,
  .F.,(2,2),(0.,12.7),.PIECEWISE_BEZIER_KNOTS.);
#3921 = CARTESIAN_POINT('',(0.,0.));
#3922 = CARTESIAN_POINT('',(0.,-12.7));
#3923 = ( GEOMETRIC_REPRESENTATION_CONTEXT(2) 
PARAMETRIC_REPRESENTATION_CONTEXT() REPRESENTATION_CONTEXT('2D SPACE',''
  ) );
#3924 = PCURVE('',#3914,#3925);
#3925 = DEFINITIONAL_REPRESENTATION('',(#3926),#3929);
#3926 = B_SPLINE_CURVE_WITH_KNOTS('',1,(#3927,#3928),.UNSPECIFIED.,.F.,
  .F.,(2,2),(0.,12.7),.PIECEWISE_BEZIER_KNOTS.);
#3927 = CARTESIAN_POINT('',(-6.28318530718,0.));
#3928 = CARTESIAN_POINT('',(-6.28318530718,-12.7));
#3929 = ( GEOMETRIC_REPRESENTATION_CONTEXT(2) 
PARAMETRIC_REPRESENTATION_CONTEXT() REPRESENTATION_CONTEXT('2D SPACE',''
  ) );
#3930 = ORIENTED_EDGE('',*,*,#3931,.T.);
#3931 = EDGE_CURVE('',#3906,#3906,#3932,.T.);
#3932 = SURFACE_CURVE('',#3933,(#3938,#3944),.PCURVE_S1.);
#3933 = CIRCLE('',#3934,4.191);
#3934 = AXIS2_PLACEMENT_3D('',#3935,#3936,#3937);
#3935 = CARTESIAN_POINT('',(31.75,196.85,12.7));
#3936 = DIRECTION('',(0.,0.,1.));
#3937 = DIRECTION('',(1.,0.,0.));
#3938 = PCURVE('',#3914,#3939);
#3939 = DEFINITIONAL_REPRESENTATION('',(#3940),#3943);
#3940 = B_SPLINE_CURVE_WITH_KNOTS('',1,(#3941,#3942),.UNSPECIFIED.,.F.,
  .F.,(2,2),(0.,6.28318530718),.PIECEWISE_BEZIER_KNOTS.);
#3941 = CARTESIAN_POINT('',(0.,-12.7));
#3942 = CARTESIAN_POINT('',(-6.28318530718,-12.7));
#3943 = ( GEOMETRIC_REPRESENTATION_CONTEXT(2) 
PARAMETRIC_REPRESENTATION_CONTEXT() REPRESENTATION_CONTEXT('2D SPACE',''
  ) );
#3944 = PCURVE('',#72,#3945);
#3945 = DEFINITIONAL_REPRESENTATION('',(#3946),#3950);
#3946 = CIRCLE('',#3947,4.191);
#3947 = AXIS2_PLACEMENT_2D('',#3948,#3949);
#3948 = CARTESIAN_POINT('',(-72.33547968809,72.528208593292));
#3949 = DIRECTION('',(1.,0.));
#3950 = ( GEOMETRIC_REPRESENTATION_CONTEXT(2) 
PARAMETRIC_REPRESENTATION_CONTEXT() REPRESENTATION_CONTEXT('2D SPACE',''
  ) );
#3951 = ORIENTED_EDGE('',*,*,#3903,.F.);
#3952 = ORIENTED_EDGE('',*,*,#3953,.F.);
#3953 = EDGE_CURVE('',#3904,#3904,#3954,.T.);
#3954 = SURFACE_CURVE('',#3955,(#3960,#3966),.PCURVE_S1.);
#3955 = CIRCLE('',#3956,4.191);
#3956 = AXIS2_PLACEMENT_3D('',#3957,#3958,#3959);
#3957 = CARTESIAN_POINT('',(31.75,196.85,0.));
#3958 = DIRECTION('',(0.,0.,1.));
#3959 = DIRECTION('',(1.,0.,0.));
#3960 = PCURVE('',#3914,#3961);
#3961 = DEFINITIONAL_REPRESENTATION('',(#3962),#3965);
#3962 = B_SPLINE_CURVE_WITH_KNOTS('',1,(#3963,#3964),.UNSPECIFIED.,.F.,
  .F.,(2,2),(0.,6.28318530718),.PIECEWISE_BEZIER_KNOTS.);
#3963 = CARTESIAN_POINT('',(0.,0.));
#3964 = CARTESIAN_POINT('',(-6.28318530718,0.));
#3965 = ( GEOMETRIC_REPRESENTATION_CONTEXT(2) 
PARAMETRIC_REPRESENTATION_CONTEXT() REPRESENTATION_CONTEXT('2D SPACE',''
  ) );
#3966 = PCURVE('',#126,#3967);
#3967 = DEFINITIONAL_REPRESENTATION('',(#3968),#3972);
#3968 = CIRCLE('',#3969,4.191);
#3969 = AXIS2_PLACEMENT_2D('',#3970,#3971);
#3970 = CARTESIAN_POINT('',(-72.33547968809,72.528208593292));
#3971 = DIRECTION('',(1.,0.));
#3972 = ( GEOMETRIC_REPRESENTATION_CONTEXT(2) 
PARAMETRIC_REPRESENTATION_CONTEXT() REPRESENTATION_CONTEXT('2D SPACE',''
  ) );
#3973 = ADVANCED_FACE('',(#3974),#3988,.F.);
#3974 = FACE_BOUND('',#3975,.F.);
#3975 = EDGE_LOOP('',(#3976,#4004,#4029,#4030));
#3976 = ORIENTED_EDGE('',*,*,#3977,.T.);
#3977 = EDGE_CURVE('',#3978,#3980,#3982,.T.);
#3978 = VERTEX_POINT('',#3979);
#3979 = CARTESIAN_POINT('',(6.35,219.2274,0.));
#3980 = VERTEX_POINT('',#3981);
#3981 = CARTESIAN_POINT('',(6.35,219.2274,12.7));
#3982 = SEAM_CURVE('',#3983,(#3987,#3998),.PCURVE_S1.);
#3983 = LINE('',#3984,#3985);
#3984 = CARTESIAN_POINT('',(6.35,219.2274,0.));
#3985 = VECTOR('',#3986,1.);
#3986 = DIRECTION('',(0.,0.,1.));
#3987 = PCURVE('',#3988,#3993);
#3988 = CYLINDRICAL_SURFACE('',#3989,3.3274);
#3989 = AXIS2_PLACEMENT_3D('',#3990,#3991,#3992);
#3990 = CARTESIAN_POINT('',(6.35,215.9,0.));
#3991 = DIRECTION('',(0.,0.,-1.));
#3992 = DIRECTION('',(-2.22044604925E-16,1.,0.));
#3993 = DEFINITIONAL_REPRESENTATION('',(#3994),#3997);
#3994 = B_SPLINE_CURVE_WITH_KNOTS('',1,(#3995,#3996),.UNSPECIFIED.,.F.,
  .F.,(2,2),(0.,12.7),.PIECEWISE_BEZIER_KNOTS.);
#3995 = CARTESIAN_POINT('',(0.,0.));
#3996 = CARTESIAN_POINT('',(0.,-12.7));
#3997 = ( GEOMETRIC_REPRESENTATION_CONTEXT(2) 
PARAMETRIC_REPRESENTATION_CONTEXT() REPRESENTATION_CONTEXT('2D SPACE',''
  ) );
#3998 = PCURVE('',#3988,#3999);
#3999 = DEFINITIONAL_REPRESENTATION('',(#4000),#4003);
#4000 = B_SPLINE_CURVE_WITH_KNOTS('',1,(#4001,#4002),.UNSPECIFIED.,.F.,
  .F.,(2,2),(0.,12.7),.PIECEWISE_BEZIER_KNOTS.);
#4001 = CARTESIAN_POINT('',(6.28318530718,0.));
#4002 = CARTESIAN_POINT('',(6.28318530718,-12.7));
#4003 = ( GEOMETRIC_REPRESENTATION_CONTEXT(2) 
PARAMETRIC_REPRESENTATION_CONTEXT() REPRESENTATION_CONTEXT('2D SPACE',''
  ) );
#4004 = ORIENTED_EDGE('',*,*,#4005,.T.);
#4005 = EDGE_CURVE('',#3980,#3980,#4006,.T.);
#4006 = SURFACE_CURVE('',#4007,(#4012,#4018),.PCURVE_S1.);
#4007 = CIRCLE('',#4008,3.3274);
#4008 = AXIS2_PLACEMENT_3D('',#4009,#4010,#4011);
#4009 = CARTESIAN_POINT('',(6.35,215.9,12.7));
#4010 = DIRECTION('',(0.,0.,-1.));
#4011 = DIRECTION('',(-2.22044604925E-16,1.,0.));
#4012 = PCURVE('',#3988,#4013);
#4013 = DEFINITIONAL_REPRESENTATION('',(#4014),#4017);
#4014 = B_SPLINE_CURVE_WITH_KNOTS('',1,(#4015,#4016),.UNSPECIFIED.,.F.,
  .F.,(2,2),(0.,6.28318530718),.PIECEWISE_BEZIER_KNOTS.);
#4015 = CARTESIAN_POINT('',(0.,-12.7));
#4016 = CARTESIAN_POINT('',(6.28318530718,-12.7));
#4017 = ( GEOMETRIC_REPRESENTATION_CONTEXT(2) 
PARAMETRIC_REPRESENTATION_CONTEXT() REPRESENTATION_CONTEXT('2D SPACE',''
  ) );
#4018 = PCURVE('',#72,#4019);
#4019 = DEFINITIONAL_REPRESENTATION('',(#4020),#4028);
#4020 = ( BOUNDED_CURVE() B_SPLINE_CURVE(2,(#4021,#4022,#4023,#4024,
#4025,#4026,#4027),.UNSPECIFIED.,.T.,.F.) B_SPLINE_CURVE_WITH_KNOTS((1,2
    ,2,2,2,1),(-2.094395102393,0.,2.094395102393,4.188790204786,
6.28318530718,8.377580409573),.UNSPECIFIED.) CURVE() 
GEOMETRIC_REPRESENTATION_ITEM() RATIONAL_B_SPLINE_CURVE((1.,0.5,1.,0.5,
1.,0.5,1.)) REPRESENTATION_ITEM('') );
#4021 = CARTESIAN_POINT('',(-97.73547968809,94.905608593292));
#4022 = CARTESIAN_POINT('',(-91.97225383099,94.905608593292));
#4023 = CARTESIAN_POINT('',(-94.85386675954,89.914508593292));
#4024 = CARTESIAN_POINT('',(-97.73547968809,84.923408593292));
#4025 = CARTESIAN_POINT('',(-100.6170926166,89.914508593292));
#4026 = CARTESIAN_POINT('',(-103.4987055452,94.905608593292));
#4027 = CARTESIAN_POINT('',(-97.73547968809,94.905608593292));
#4028 = ( GEOMETRIC_REPRESENTATION_CONTEXT(2) 
PARAMETRIC_REPRESENTATION_CONTEXT() REPRESENTATION_CONTEXT('2D SPACE',''
  ) );
#4029 = ORIENTED_EDGE('',*,*,#3977,.F.);
#4030 = ORIENTED_EDGE('',*,*,#4031,.F.);
#4031 = EDGE_CURVE('',#3978,#3978,#4032,.T.);
#4032 = SURFACE_CURVE('',#4033,(#4038,#4044),.PCURVE_S1.);
#4033 = CIRCLE('',#4034,3.3274);
#4034 = AXIS2_PLACEMENT_3D('',#4035,#4036,#4037);
#4035 = CARTESIAN_POINT('',(6.35,215.9,0.));
#4036 = DIRECTION('',(0.,0.,-1.));
#4037 = DIRECTION('',(-2.22044604925E-16,1.,0.));
#4038 = PCURVE('',#3988,#4039);
#4039 = DEFINITIONAL_REPRESENTATION('',(#4040),#4043);
#4040 = B_SPLINE_CURVE_WITH_KNOTS('',1,(#4041,#4042),.UNSPECIFIED.,.F.,
  .F.,(2,2),(0.,6.28318530718),.PIECEWISE_BEZIER_KNOTS.);
#4041 = CARTESIAN_POINT('',(0.,0.));
#4042 = CARTESIAN_POINT('',(6.28318530718,0.));
#4043 = ( GEOMETRIC_REPRESENTATION_CONTEXT(2) 
PARAMETRIC_REPRESENTATION_CONTEXT() REPRESENTATION_CONTEXT('2D SPACE',''
  ) );
#4044 = PCURVE('',#126,#4045);
#4045 = DEFINITIONAL_REPRESENTATION('',(#4046),#4054);
#4046 = ( BOUNDED_CURVE() B_SPLINE_CURVE(2,(#4047,#4048,#4049,#4050,
#4051,#4052,#4053),.UNSPECIFIED.,.T.,.F.) B_SPLINE_CURVE_WITH_KNOTS((1,2
    ,2,2,2,1),(-2.094395102393,0.,2.094395102393,4.188790204786,
6.28318530718,8.377580409573),.UNSPECIFIED.) CURVE() 
GEOMETRIC_REPRESENTATION_ITEM() RATIONAL_B_SPLINE_CURVE((1.,0.5,1.,0.5,
1.,0.5,1.)) REPRESENTATION_ITEM('') );
#4047 = CARTESIAN_POINT('',(-97.73547968809,94.905608593292));
#4048 = CARTESIAN_POINT('',(-91.97225383099,94.905608593292));
#4049 = CARTESIAN_POINT('',(-94.85386675954,89.914508593292));
#4050 = CARTESIAN_POINT('',(-97.73547968809,84.923408593292));
#4051 = CARTESIAN_POINT('',(-100.6170926166,89.914508593292));
#4052 = CARTESIAN_POINT('',(-103.4987055452,94.905608593292));
#4053 = CARTESIAN_POINT('',(-97.73547968809,94.905608593292));
#4054 = ( GEOMETRIC_REPRESENTATION_CONTEXT(2) 
PARAMETRIC_REPRESENTATION_CONTEXT() REPRESENTATION_CONTEXT('2D SPACE',''
  ) );
#4055 = ADVANCED_FACE('',(#4056),#4070,.F.);
#4056 = FACE_BOUND('',#4057,.T.);
#4057 = EDGE_LOOP('',(#4058,#4086,#4107,#4108));
#4058 = ORIENTED_EDGE('',*,*,#4059,.T.);
#4059 = EDGE_CURVE('',#4060,#4062,#4064,.T.);
#4060 = VERTEX_POINT('',#4061);
#4061 = CARTESIAN_POINT('',(35.941,234.95,0.));
#4062 = VERTEX_POINT('',#4063);
#4063 = CARTESIAN_POINT('',(35.941,234.95,12.7));
#4064 = SEAM_CURVE('',#4065,(#4069,#4080),.PCURVE_S1.);
#4065 = LINE('',#4066,#4067);
#4066 = CARTESIAN_POINT('',(35.941,234.95,0.));
#4067 = VECTOR('',#4068,1.);
#4068 = DIRECTION('',(0.,0.,1.));
#4069 = PCURVE('',#4070,#4075);
#4070 = CYLINDRICAL_SURFACE('',#4071,4.191);
#4071 = AXIS2_PLACEMENT_3D('',#4072,#4073,#4074);
#4072 = CARTESIAN_POINT('',(31.75,234.95,0.));
#4073 = DIRECTION('',(-0.,-0.,-1.));
#4074 = DIRECTION('',(1.,0.,0.));
#4075 = DEFINITIONAL_REPRESENTATION('',(#4076),#4079);
#4076 = B_SPLINE_CURVE_WITH_KNOTS('',1,(#4077,#4078),.UNSPECIFIED.,.F.,
  .F.,(2,2),(0.,12.7),.PIECEWISE_BEZIER_KNOTS.);
#4077 = CARTESIAN_POINT('',(0.,0.));
#4078 = CARTESIAN_POINT('',(0.,-12.7));
#4079 = ( GEOMETRIC_REPRESENTATION_CONTEXT(2) 
PARAMETRIC_REPRESENTATION_CONTEXT() REPRESENTATION_CONTEXT('2D SPACE',''
  ) );
#4080 = PCURVE('',#4070,#4081);
#4081 = DEFINITIONAL_REPRESENTATION('',(#4082),#4085);
#4082 = B_SPLINE_CURVE_WITH_KNOTS('',1,(#4083,#4084),.UNSPECIFIED.,.F.,
  .F.,(2,2),(0.,12.7),.PIECEWISE_BEZIER_KNOTS.);
#4083 = CARTESIAN_POINT('',(-6.28318530718,0.));
#4084 = CARTESIAN_POINT('',(-6.28318530718,-12.7));
#4085 = ( GEOMETRIC_REPRESENTATION_CONTEXT(2) 
PARAMETRIC_REPRESENTATION_CONTEXT() REPRESENTATION_CONTEXT('2D SPACE',''
  ) );
#4086 = ORIENTED_EDGE('',*,*,#4087,.T.);
#4087 = EDGE_CURVE('',#4062,#4062,#4088,.T.);
#4088 = SURFACE_CURVE('',#4089,(#4094,#4100),.PCURVE_S1.);
#4089 = CIRCLE('',#4090,4.191);
#4090 = AXIS2_PLACEMENT_3D('',#4091,#4092,#4093);
#4091 = CARTESIAN_POINT('',(31.75,234.95,12.7));
#4092 = DIRECTION('',(0.,0.,1.));
#4093 = DIRECTION('',(1.,0.,0.));
#4094 = PCURVE('',#4070,#4095);
#4095 = DEFINITIONAL_REPRESENTATION('',(#4096),#4099);
#4096 = B_SPLINE_CURVE_WITH_KNOTS('',1,(#4097,#4098),.UNSPECIFIED.,.F.,
  .F.,(2,2),(0.,6.28318530718),.PIECEWISE_BEZIER_KNOTS.);
#4097 = CARTESIAN_POINT('',(0.,-12.7));
#4098 = CARTESIAN_POINT('',(-6.28318530718,-12.7));
#4099 = ( GEOMETRIC_REPRESENTATION_CONTEXT(2) 
PARAMETRIC_REPRESENTATION_CONTEXT() REPRESENTATION_CONTEXT('2D SPACE',''
  ) );
#4100 = PCURVE('',#72,#4101);
#4101 = DEFINITIONAL_REPRESENTATION('',(#4102),#4106);
#4102 = CIRCLE('',#4103,4.191);
#4103 = AXIS2_PLACEMENT_2D('',#4104,#4105);
#4104 = CARTESIAN_POINT('',(-72.33547968809,110.62820859329));
#4105 = DIRECTION('',(1.,0.));
#4106 = ( GEOMETRIC_REPRESENTATION_CONTEXT(2) 
PARAMETRIC_REPRESENTATION_CONTEXT() REPRESENTATION_CONTEXT('2D SPACE',''
  ) );
#4107 = ORIENTED_EDGE('',*,*,#4059,.F.);
#4108 = ORIENTED_EDGE('',*,*,#4109,.F.);
#4109 = EDGE_CURVE('',#4060,#4060,#4110,.T.);
#4110 = SURFACE_CURVE('',#4111,(#4116,#4122),.PCURVE_S1.);
#4111 = CIRCLE('',#4112,4.191);
#4112 = AXIS2_PLACEMENT_3D('',#4113,#4114,#4115);
#4113 = CARTESIAN_POINT('',(31.75,234.95,0.));
#4114 = DIRECTION('',(0.,0.,1.));
#4115 = DIRECTION('',(1.,0.,0.));
#4116 = PCURVE('',#4070,#4117);
#4117 = DEFINITIONAL_REPRESENTATION('',(#4118),#4121);
#4118 = B_SPLINE_CURVE_WITH_KNOTS('',1,(#4119,#4120),.UNSPECIFIED.,.F.,
  .F.,(2,2),(0.,6.28318530718),.PIECEWISE_BEZIER_KNOTS.);
#4119 = CARTESIAN_POINT('',(0.,0.));
#4120 = CARTESIAN_POINT('',(-6.28318530718,0.));
#4121 = ( GEOMETRIC_REPRESENTATION_CONTEXT(2) 
PARAMETRIC_REPRESENTATION_CONTEXT() REPRESENTATION_CONTEXT('2D SPACE',''
  ) );
#4122 = PCURVE('',#126,#4123);
#4123 = DEFINITIONAL_REPRESENTATION('',(#4124),#4128);
#4124 = CIRCLE('',#4125,4.191);
#4125 = AXIS2_PLACEMENT_2D('',#4126,#4127);
#4126 = CARTESIAN_POINT('',(-72.33547968809,110.62820859329));
#4127 = DIRECTION('',(1.,0.));
#4128 = ( GEOMETRIC_REPRESENTATION_CONTEXT(2) 
PARAMETRIC_REPRESENTATION_CONTEXT() REPRESENTATION_CONTEXT('2D SPACE',''
  ) );
#4129 = ADVANCED_FACE('',(#4130),#4144,.F.);
#4130 = FACE_BOUND('',#4131,.T.);
#4131 = EDGE_LOOP('',(#4132,#4160,#4181,#4182));
#4132 = ORIENTED_EDGE('',*,*,#4133,.T.);
#4133 = EDGE_CURVE('',#4134,#4136,#4138,.T.);
#4134 = VERTEX_POINT('',#4135);
#4135 = CARTESIAN_POINT('',(74.041,196.85,0.));
#4136 = VERTEX_POINT('',#4137);
#4137 = CARTESIAN_POINT('',(74.041,196.85,12.7));
#4138 = SEAM_CURVE('',#4139,(#4143,#4154),.PCURVE_S1.);
#4139 = LINE('',#4140,#4141);
#4140 = CARTESIAN_POINT('',(74.041,196.85,0.));
#4141 = VECTOR('',#4142,1.);
#4142 = DIRECTION('',(0.,0.,1.));
#4143 = PCURVE('',#4144,#4149);
#4144 = CYLINDRICAL_SURFACE('',#4145,4.191);
#4145 = AXIS2_PLACEMENT_3D('',#4146,#4147,#4148);
#4146 = CARTESIAN_POINT('',(69.85,196.85,0.));
#4147 = DIRECTION('',(-0.,-0.,-1.));
#4148 = DIRECTION('',(1.,0.,0.));
#4149 = DEFINITIONAL_REPRESENTATION('',(#4150),#4153);
#4150 = B_SPLINE_CURVE_WITH_KNOTS('',1,(#4151,#4152),.UNSPECIFIED.,.F.,
  .F.,(2,2),(0.,12.7),.PIECEWISE_BEZIER_KNOTS.);
#4151 = CARTESIAN_POINT('',(0.,0.));
#4152 = CARTESIAN_POINT('',(0.,-12.7));
#4153 = ( GEOMETRIC_REPRESENTATION_CONTEXT(2) 
PARAMETRIC_REPRESENTATION_CONTEXT() REPRESENTATION_CONTEXT('2D SPACE',''
  ) );
#4154 = PCURVE('',#4144,#4155);
#4155 = DEFINITIONAL_REPRESENTATION('',(#4156),#4159);
#4156 = B_SPLINE_CURVE_WITH_KNOTS('',1,(#4157,#4158),.UNSPECIFIED.,.F.,
  .F.,(2,2),(0.,12.7),.PIECEWISE_BEZIER_KNOTS.);
#4157 = CARTESIAN_POINT('',(-6.28318530718,0.));
#4158 = CARTESIAN_POINT('',(-6.28318530718,-12.7));
#4159 = ( GEOMETRIC_REPRESENTATION_CONTEXT(2) 
PARAMETRIC_REPRESENTATION_CONTEXT() REPRESENTATION_CONTEXT('2D SPACE',''
  ) );
#4160 = ORIENTED_EDGE('',*,*,#4161,.T.);
#4161 = EDGE_CURVE('',#4136,#4136,#4162,.T.);
#4162 = SURFACE_CURVE('',#4163,(#4168,#4174),.PCURVE_S1.);
#4163 = CIRCLE('',#4164,4.191);
#4164 = AXIS2_PLACEMENT_3D('',#4165,#4166,#4167);
#4165 = CARTESIAN_POINT('',(69.85,196.85,12.7));
#4166 = DIRECTION('',(0.,0.,1.));
#4167 = DIRECTION('',(1.,0.,0.));
#4168 = PCURVE('',#4144,#4169);
#4169 = DEFINITIONAL_REPRESENTATION('',(#4170),#4173);
#4170 = B_SPLINE_CURVE_WITH_KNOTS('',1,(#4171,#4172),.UNSPECIFIED.,.F.,
  .F.,(2,2),(0.,6.28318530718),.PIECEWISE_BEZIER_KNOTS.);
#4171 = CARTESIAN_POINT('',(0.,-12.7));
#4172 = CARTESIAN_POINT('',(-6.28318530718,-12.7));
#4173 = ( GEOMETRIC_REPRESENTATION_CONTEXT(2) 
PARAMETRIC_REPRESENTATION_CONTEXT() REPRESENTATION_CONTEXT('2D SPACE',''
  ) );
#4174 = PCURVE('',#72,#4175);
#4175 = DEFINITIONAL_REPRESENTATION('',(#4176),#4180);
#4176 = CIRCLE('',#4177,4.191);
#4177 = AXIS2_PLACEMENT_2D('',#4178,#4179);
#4178 = CARTESIAN_POINT('',(-34.23547968809,72.528208593292));
#4179 = DIRECTION('',(1.,0.));
#4180 = ( GEOMETRIC_REPRESENTATION_CONTEXT(2) 
PARAMETRIC_REPRESENTATION_CONTEXT() REPRESENTATION_CONTEXT('2D SPACE',''
  ) );
#4181 = ORIENTED_EDGE('',*,*,#4133,.F.);
#4182 = ORIENTED_EDGE('',*,*,#4183,.F.);
#4183 = EDGE_CURVE('',#4134,#4134,#4184,.T.);
#4184 = SURFACE_CURVE('',#4185,(#4190,#4196),.PCURVE_S1.);
#4185 = CIRCLE('',#4186,4.191);
#4186 = AXIS2_PLACEMENT_3D('',#4187,#4188,#4189);
#4187 = CARTESIAN_POINT('',(69.85,196.85,0.));
#4188 = DIRECTION('',(0.,0.,1.));
#4189 = DIRECTION('',(1.,0.,0.));
#4190 = PCURVE('',#4144,#4191);
#4191 = DEFINITIONAL_REPRESENTATION('',(#4192),#4195);
#4192 = B_SPLINE_CURVE_WITH_KNOTS('',1,(#4193,#4194),.UNSPECIFIED.,.F.,
  .F.,(2,2),(0.,6.28318530718),.PIECEWISE_BEZIER_KNOTS.);
#4193 = CARTESIAN_POINT('',(0.,0.));
#4194 = CARTESIAN_POINT('',(-6.28318530718,0.));
#4195 = ( GEOMETRIC_REPRESENTATION_CONTEXT(2) 
PARAMETRIC_REPRESENTATION_CONTEXT() REPRESENTATION_CONTEXT('2D SPACE',''
  ) );
#4196 = PCURVE('',#126,#4197);
#4197 = DEFINITIONAL_REPRESENTATION('',(#4198),#4202);
#4198 = CIRCLE('',#4199,4.191);
#4199 = AXIS2_PLACEMENT_2D('',#4200,#4201);
#4200 = CARTESIAN_POINT('',(-34.23547968809,72.528208593292));
#4201 = DIRECTION('',(1.,0.));
#4202 = ( GEOMETRIC_REPRESENTATION_CONTEXT(2) 
PARAMETRIC_REPRESENTATION_CONTEXT() REPRESENTATION_CONTEXT('2D SPACE',''
  ) );
#4203 = ADVANCED_FACE('',(#4204),#4218,.F.);
#4204 = FACE_BOUND('',#4205,.T.);
#4205 = EDGE_LOOP('',(#4206,#4234,#4255,#4256));
#4206 = ORIENTED_EDGE('',*,*,#4207,.T.);
#4207 = EDGE_CURVE('',#4208,#4210,#4212,.T.);
#4208 = VERTEX_POINT('',#4209);
#4209 = CARTESIAN_POINT('',(74.041,234.95,0.));
#4210 = VERTEX_POINT('',#4211);
#4211 = CARTESIAN_POINT('',(74.041,234.95,12.7));
#4212 = SEAM_CURVE('',#4213,(#4217,#4228),.PCURVE_S1.);
#4213 = LINE('',#4214,#4215);
#4214 = CARTESIAN_POINT('',(74.041,234.95,0.));
#4215 = VECTOR('',#4216,1.);
#4216 = DIRECTION('',(0.,0.,1.));
#4217 = PCURVE('',#4218,#4223);
#4218 = CYLINDRICAL_SURFACE('',#4219,4.191);
#4219 = AXIS2_PLACEMENT_3D('',#4220,#4221,#4222);
#4220 = CARTESIAN_POINT('',(69.85,234.95,0.));
#4221 = DIRECTION('',(-0.,-0.,-1.));
#4222 = DIRECTION('',(1.,0.,0.));
#4223 = DEFINITIONAL_REPRESENTATION('',(#4224),#4227);
#4224 = B_SPLINE_CURVE_WITH_KNOTS('',1,(#4225,#4226),.UNSPECIFIED.,.F.,
  .F.,(2,2),(0.,12.7),.PIECEWISE_BEZIER_KNOTS.);
#4225 = CARTESIAN_POINT('',(0.,0.));
#4226 = CARTESIAN_POINT('',(0.,-12.7));
#4227 = ( GEOMETRIC_REPRESENTATION_CONTEXT(2) 
PARAMETRIC_REPRESENTATION_CONTEXT() REPRESENTATION_CONTEXT('2D SPACE',''
  ) );
#4228 = PCURVE('',#4218,#4229);
#4229 = DEFINITIONAL_REPRESENTATION('',(#4230),#4233);
#4230 = B_SPLINE_CURVE_WITH_KNOTS('',1,(#4231,#4232),.UNSPECIFIED.,.F.,
  .F.,(2,2),(0.,12.7),.PIECEWISE_BEZIER_KNOTS.);
#4231 = CARTESIAN_POINT('',(-6.28318530718,0.));
#4232 = CARTESIAN_POINT('',(-6.28318530718,-12.7));
#4233 = ( GEOMETRIC_REPRESENTATION_CONTEXT(2) 
PARAMETRIC_REPRESENTATION_CONTEXT() REPRESENTATION_CONTEXT('2D SPACE',''
  ) );
#4234 = ORIENTED_EDGE('',*,*,#4235,.T.);
#4235 = EDGE_CURVE('',#4210,#4210,#4236,.T.);
#4236 = SURFACE_CURVE('',#4237,(#4242,#4248),.PCURVE_S1.);
#4237 = CIRCLE('',#4238,4.191);
#4238 = AXIS2_PLACEMENT_3D('',#4239,#4240,#4241);
#4239 = CARTESIAN_POINT('',(69.85,234.95,12.7));
#4240 = DIRECTION('',(0.,0.,1.));
#4241 = DIRECTION('',(1.,0.,0.));
#4242 = PCURVE('',#4218,#4243);
#4243 = DEFINITIONAL_REPRESENTATION('',(#4244),#4247);
#4244 = B_SPLINE_CURVE_WITH_KNOTS('',1,(#4245,#4246),.UNSPECIFIED.,.F.,
  .F.,(2,2),(0.,6.28318530718),.PIECEWISE_BEZIER_KNOTS.);
#4245 = CARTESIAN_POINT('',(0.,-12.7));
#4246 = CARTESIAN_POINT('',(-6.28318530718,-12.7));
#4247 = ( GEOMETRIC_REPRESENTATION_CONTEXT(2) 
PARAMETRIC_REPRESENTATION_CONTEXT() REPRESENTATION_CONTEXT('2D SPACE',''
  ) );
#4248 = PCURVE('',#72,#4249);
#4249 = DEFINITIONAL_REPRESENTATION('',(#4250),#4254);
#4250 = CIRCLE('',#4251,4.191);
#4251 = AXIS2_PLACEMENT_2D('',#4252,#4253);
#4252 = CARTESIAN_POINT('',(-34.23547968809,110.62820859329));
#4253 = DIRECTION('',(1.,0.));
#4254 = ( GEOMETRIC_REPRESENTATION_CONTEXT(2) 
PARAMETRIC_REPRESENTATION_CONTEXT() REPRESENTATION_CONTEXT('2D SPACE',''
  ) );
#4255 = ORIENTED_EDGE('',*,*,#4207,.F.);
#4256 = ORIENTED_EDGE('',*,*,#4257,.F.);
#4257 = EDGE_CURVE('',#4208,#4208,#4258,.T.);
#4258 = SURFACE_CURVE('',#4259,(#4264,#4270),.PCURVE_S1.);
#4259 = CIRCLE('',#4260,4.191);
#4260 = AXIS2_PLACEMENT_3D('',#4261,#4262,#4263);
#4261 = CARTESIAN_POINT('',(69.85,234.95,0.));
#4262 = DIRECTION('',(0.,0.,1.));
#4263 = DIRECTION('',(1.,0.,0.));
#4264 = PCURVE('',#4218,#4265);
#4265 = DEFINITIONAL_REPRESENTATION('',(#4266),#4269);
#4266 = B_SPLINE_CURVE_WITH_KNOTS('',1,(#4267,#4268),.UNSPECIFIED.,.F.,
  .F.,(2,2),(0.,6.28318530718),.PIECEWISE_BEZIER_KNOTS.);
#4267 = CARTESIAN_POINT('',(0.,0.));
#4268 = CARTESIAN_POINT('',(-6.28318530718,0.));
#4269 = ( GEOMETRIC_REPRESENTATION_CONTEXT(2) 
PARAMETRIC_REPRESENTATION_CONTEXT() REPRESENTATION_CONTEXT('2D SPACE',''
  ) );
#4270 = PCURVE('',#126,#4271);
#4271 = DEFINITIONAL_REPRESENTATION('',(#4272),#4276);
#4272 = CIRCLE('',#4273,4.191);
#4273 = AXIS2_PLACEMENT_2D('',#4274,#4275);
#4274 = CARTESIAN_POINT('',(-34.23547968809,110.62820859329));
#4275 = DIRECTION('',(1.,0.));
#4276 = ( GEOMETRIC_REPRESENTATION_CONTEXT(2) 
PARAMETRIC_REPRESENTATION_CONTEXT() REPRESENTATION_CONTEXT('2D SPACE',''
  ) );
#4277 = ADVANCED_FACE('',(#4278),#4292,.F.);
#4278 = FACE_BOUND('',#4279,.F.);
#4279 = EDGE_LOOP('',(#4280,#4314,#4337,#4364));
#4280 = ORIENTED_EDGE('',*,*,#4281,.T.);
#4281 = EDGE_CURVE('',#4282,#4284,#4286,.T.);
#4282 = VERTEX_POINT('',#4283);
#4283 = CARTESIAN_POINT('',(143.12780331901,121.34748300591,0.));
#4284 = VERTEX_POINT('',#4285);
#4285 = CARTESIAN_POINT('',(143.12780331901,121.34748300591,12.7));
#4286 = SURFACE_CURVE('',#4287,(#4291,#4303),.PCURVE_S1.);
#4287 = LINE('',#4288,#4289);
#4288 = CARTESIAN_POINT('',(143.12780331901,121.34748300591,0.));
#4289 = VECTOR('',#4290,1.);
#4290 = DIRECTION('',(0.,0.,1.));
#4291 = PCURVE('',#4292,#4297);
#4292 = PLANE('',#4293);
#4293 = AXIS2_PLACEMENT_3D('',#4294,#4295,#4296);
#4294 = CARTESIAN_POINT('',(143.12780331901,121.34748300591,0.));
#4295 = DIRECTION('',(-0.857492925713,-0.514495755428,0.));
#4296 = DIRECTION('',(-0.514495755428,0.857492925713,0.));
#4297 = DEFINITIONAL_REPRESENTATION('',(#4298),#4302);
#4298 = LINE('',#4299,#4300);
#4299 = CARTESIAN_POINT('',(0.,0.));
#4300 = VECTOR('',#4301,1.);
#4301 = DIRECTION('',(0.,-1.));
#4302 = ( GEOMETRIC_REPRESENTATION_CONTEXT(2) 
PARAMETRIC_REPRESENTATION_CONTEXT() REPRESENTATION_CONTEXT('2D SPACE',''
  ) );
#4303 = PCURVE('',#4304,#4309);
#4304 = CYLINDRICAL_SURFACE('',#4305,15.875);
#4305 = AXIS2_PLACEMENT_3D('',#4306,#4307,#4308);
#4306 = CARTESIAN_POINT('',(156.74050351469,129.51510312332,0.));
#4307 = DIRECTION('',(0.,0.,-1.));
#4308 = DIRECTION('',(-0.514495755428,0.857492925713,0.));
#4309 = DEFINITIONAL_REPRESENTATION('',(#4310),#4313);
#4310 = B_SPLINE_CURVE_WITH_KNOTS('',1,(#4311,#4312),.UNSPECIFIED.,.F.,
  .F.,(2,2),(0.,12.7),.PIECEWISE_BEZIER_KNOTS.);
#4311 = CARTESIAN_POINT('',(4.712388980385,0.));
#4312 = CARTESIAN_POINT('',(4.712388980385,-12.7));
#4313 = ( GEOMETRIC_REPRESENTATION_CONTEXT(2) 
PARAMETRIC_REPRESENTATION_CONTEXT() REPRESENTATION_CONTEXT('2D SPACE',''
  ) );
#4314 = ORIENTED_EDGE('',*,*,#4315,.T.);
#4315 = EDGE_CURVE('',#4284,#4316,#4318,.T.);
#4316 = VERTEX_POINT('',#4317);
#4317 = CARTESIAN_POINT('',(107.19027480239,181.24336386693,12.7));
#4318 = SURFACE_CURVE('',#4319,(#4323,#4330),.PCURVE_S1.);
#4319 = LINE('',#4320,#4321);
#4320 = CARTESIAN_POINT('',(143.12780331901,121.34748300591,12.7));
#4321 = VECTOR('',#4322,1.);
#4322 = DIRECTION('',(-0.514495755428,0.857492925713,0.));
#4323 = PCURVE('',#4292,#4324);
#4324 = DEFINITIONAL_REPRESENTATION('',(#4325),#4329);
#4325 = LINE('',#4326,#4327);
#4326 = CARTESIAN_POINT('',(0.,-12.7));
#4327 = VECTOR('',#4328,1.);
#4328 = DIRECTION('',(1.,0.));
#4329 = ( GEOMETRIC_REPRESENTATION_CONTEXT(2) 
PARAMETRIC_REPRESENTATION_CONTEXT() REPRESENTATION_CONTEXT('2D SPACE',''
  ) );
#4330 = PCURVE('',#72,#4331);
#4331 = DEFINITIONAL_REPRESENTATION('',(#4332),#4336);
#4332 = LINE('',#4333,#4334);
#4333 = CARTESIAN_POINT('',(39.042323630913,-2.974308400796));
#4334 = VECTOR('',#4335,1.);
#4335 = DIRECTION('',(-0.514495755428,0.857492925713));
#4336 = ( GEOMETRIC_REPRESENTATION_CONTEXT(2) 
PARAMETRIC_REPRESENTATION_CONTEXT() REPRESENTATION_CONTEXT('2D SPACE',''
  ) );
#4337 = ORIENTED_EDGE('',*,*,#4338,.F.);
#4338 = EDGE_CURVE('',#4339,#4316,#4341,.T.);
#4339 = VERTEX_POINT('',#4340);
#4340 = CARTESIAN_POINT('',(107.19027480239,181.24336386693,0.));
#4341 = SURFACE_CURVE('',#4342,(#4346,#4353),.PCURVE_S1.);
#4342 = LINE('',#4343,#4344);
#4343 = CARTESIAN_POINT('',(107.19027480239,181.24336386693,0.));
#4344 = VECTOR('',#4345,1.);
#4345 = DIRECTION('',(0.,0.,1.));
#4346 = PCURVE('',#4292,#4347);
#4347 = DEFINITIONAL_REPRESENTATION('',(#4348),#4352);
#4348 = LINE('',#4349,#4350);
#4349 = CARTESIAN_POINT('',(69.85,0.));
#4350 = VECTOR('',#4351,1.);
#4351 = DIRECTION('',(0.,-1.));
#4352 = ( GEOMETRIC_REPRESENTATION_CONTEXT(2) 
PARAMETRIC_REPRESENTATION_CONTEXT() REPRESENTATION_CONTEXT('2D SPACE',''
  ) );
#4353 = PCURVE('',#4354,#4359);
#4354 = CYLINDRICAL_SURFACE('',#4355,15.875);
#4355 = AXIS2_PLACEMENT_3D('',#4356,#4357,#4358);
#4356 = CARTESIAN_POINT('',(120.80297499808,189.41098398434,0.));
#4357 = DIRECTION('',(0.,-0.,-1.));
#4358 = DIRECTION('',(0.514495755428,-0.857492925713,0.));
#4359 = DEFINITIONAL_REPRESENTATION('',(#4360),#4363);
#4360 = B_SPLINE_CURVE_WITH_KNOTS('',1,(#4361,#4362),.UNSPECIFIED.,.F.,
  .F.,(2,2),(0.,12.7),.PIECEWISE_BEZIER_KNOTS.);
#4361 = CARTESIAN_POINT('',(1.570796326795,0.));
#4362 = CARTESIAN_POINT('',(1.570796326795,-12.7));
#4363 = ( GEOMETRIC_REPRESENTATION_CONTEXT(2) 
PARAMETRIC_REPRESENTATION_CONTEXT() REPRESENTATION_CONTEXT('2D SPACE',''
  ) );
#4364 = ORIENTED_EDGE('',*,*,#4365,.F.);
#4365 = EDGE_CURVE('',#4282,#4339,#4366,.T.);
#4366 = SURFACE_CURVE('',#4367,(#4371,#4378),.PCURVE_S1.);
#4367 = LINE('',#4368,#4369);
#4368 = CARTESIAN_POINT('',(143.12780331901,121.34748300591,0.));
#4369 = VECTOR('',#4370,1.);
#4370 = DIRECTION('',(-0.514495755428,0.857492925713,0.));
#4371 = PCURVE('',#4292,#4372);
#4372 = DEFINITIONAL_REPRESENTATION('',(#4373),#4377);
#4373 = LINE('',#4374,#4375);
#4374 = CARTESIAN_POINT('',(0.,0.));
#4375 = VECTOR('',#4376,1.);
#4376 = DIRECTION('',(1.,0.));
#4377 = ( GEOMETRIC_REPRESENTATION_CONTEXT(2) 
PARAMETRIC_REPRESENTATION_CONTEXT() REPRESENTATION_CONTEXT('2D SPACE',''
  ) );
#4378 = PCURVE('',#126,#4379);
#4379 = DEFINITIONAL_REPRESENTATION('',(#4380),#4384);
#4380 = LINE('',#4381,#4382);
#4381 = CARTESIAN_POINT('',(39.042323630913,-2.974308400796));
#4382 = VECTOR('',#4383,1.);
#4383 = DIRECTION('',(-0.514495755428,0.857492925713));
#4384 = ( GEOMETRIC_REPRESENTATION_CONTEXT(2) 
PARAMETRIC_REPRESENTATION_CONTEXT() REPRESENTATION_CONTEXT('2D SPACE',''
  ) );
#4385 = ADVANCED_FACE('',(#4386),#4304,.F.);
#4386 = FACE_BOUND('',#4387,.F.);
#4387 = EDGE_LOOP('',(#4388,#4417,#4442,#4443));
#4388 = ORIENTED_EDGE('',*,*,#4389,.T.);
#4389 = EDGE_CURVE('',#4390,#4392,#4394,.T.);
#4390 = VERTEX_POINT('',#4391);
#4391 = CARTESIAN_POINT('',(170.35320371038,137.68272324073,0.));
#4392 = VERTEX_POINT('',#4393);
#4393 = CARTESIAN_POINT('',(170.35320371038,137.68272324073,12.7));
#4394 = SURFACE_CURVE('',#4395,(#4399,#4405),.PCURVE_S1.);
#4395 = LINE('',#4396,#4397);
#4396 = CARTESIAN_POINT('',(170.35320371038,137.68272324073,0.));
#4397 = VECTOR('',#4398,1.);
#4398 = DIRECTION('',(0.,0.,1.));
#4399 = PCURVE('',#4304,#4400);
#4400 = DEFINITIONAL_REPRESENTATION('',(#4401),#4404);
#4401 = B_SPLINE_CURVE_WITH_KNOTS('',1,(#4402,#4403),.UNSPECIFIED.,.F.,
  .F.,(2,2),(0.,12.7),.PIECEWISE_BEZIER_KNOTS.);
#4402 = CARTESIAN_POINT('',(1.570796326795,0.));
#4403 = CARTESIAN_POINT('',(1.570796326795,-12.7));
#4404 = ( GEOMETRIC_REPRESENTATION_CONTEXT(2) 
PARAMETRIC_REPRESENTATION_CONTEXT() REPRESENTATION_CONTEXT('2D SPACE',''
  ) );
#4405 = PCURVE('',#4406,#4411);
#4406 = PLANE('',#4407);
#4407 = AXIS2_PLACEMENT_3D('',#4408,#4409,#4410);
#4408 = CARTESIAN_POINT('',(134.41567519377,197.57860410175,0.));
#4409 = DIRECTION('',(0.857492925713,0.514495755428,-0.));
#4410 = DIRECTION('',(0.514495755428,-0.857492925713,0.));
#4411 = DEFINITIONAL_REPRESENTATION('',(#4412),#4416);
#4412 = LINE('',#4413,#4414);
#4413 = CARTESIAN_POINT('',(69.85,0.));
#4414 = VECTOR('',#4415,1.);
#4415 = DIRECTION('',(0.,-1.));
#4416 = ( GEOMETRIC_REPRESENTATION_CONTEXT(2) 
PARAMETRIC_REPRESENTATION_CONTEXT() REPRESENTATION_CONTEXT('2D SPACE',''
  ) );
#4417 = ORIENTED_EDGE('',*,*,#4418,.T.);
#4418 = EDGE_CURVE('',#4392,#4284,#4419,.T.);
#4419 = SURFACE_CURVE('',#4420,(#4425,#4431),.PCURVE_S1.);
#4420 = CIRCLE('',#4421,15.875);
#4421 = AXIS2_PLACEMENT_3D('',#4422,#4423,#4424);
#4422 = CARTESIAN_POINT('',(156.74050351469,129.51510312332,12.7));
#4423 = DIRECTION('',(0.,0.,-1.));
#4424 = DIRECTION('',(-0.514495755428,0.857492925713,0.));
#4425 = PCURVE('',#4304,#4426);
#4426 = DEFINITIONAL_REPRESENTATION('',(#4427),#4430);
#4427 = B_SPLINE_CURVE_WITH_KNOTS('',1,(#4428,#4429),.UNSPECIFIED.,.F.,
  .F.,(2,2),(1.570796326795,4.712388980385),.PIECEWISE_BEZIER_KNOTS.);
#4428 = CARTESIAN_POINT('',(1.570796326795,-12.7));
#4429 = CARTESIAN_POINT('',(4.712388980385,-12.7));
#4430 = ( GEOMETRIC_REPRESENTATION_CONTEXT(2) 
PARAMETRIC_REPRESENTATION_CONTEXT() REPRESENTATION_CONTEXT('2D SPACE',''
  ) );
#4431 = PCURVE('',#72,#4432);
#4432 = DEFINITIONAL_REPRESENTATION('',(#4433),#4441);
#4433 = ( BOUNDED_CURVE() B_SPLINE_CURVE(2,(#4434,#4435,#4436,#4437,
#4438,#4439,#4440),.UNSPECIFIED.,.T.,.F.) B_SPLINE_CURVE_WITH_KNOTS((1,2
    ,2,2,2,1),(-2.094395102393,0.,2.094395102393,4.188790204786,
6.28318530718,8.377580409573),.UNSPECIFIED.) CURVE() 
GEOMETRIC_REPRESENTATION_ITEM() RATIONAL_B_SPLINE_CURVE((1.,0.5,1.,0.5,
1.,0.5,1.)) REPRESENTATION_ITEM('') );
#4434 = CARTESIAN_POINT('',(44.487403709187,18.806011912303));
#4435 = CARTESIAN_POINT('',(68.06529207632,32.952744932582));
#4436 = CARTESIAN_POINT('',(68.527778068871,5.460328128912));
#4437 = CARTESIAN_POINT('',(68.990264061423,-22.03208867475));
#4438 = CARTESIAN_POINT('',(44.949889701739,-8.686404891367));
#4439 = CARTESIAN_POINT('',(20.909515342055,4.659278892024));
#4440 = CARTESIAN_POINT('',(44.487403709187,18.806011912303));
#4441 = ( GEOMETRIC_REPRESENTATION_CONTEXT(2) 
PARAMETRIC_REPRESENTATION_CONTEXT() REPRESENTATION_CONTEXT('2D SPACE',''
  ) );
#4442 = ORIENTED_EDGE('',*,*,#4281,.F.);
#4443 = ORIENTED_EDGE('',*,*,#4444,.F.);
#4444 = EDGE_CURVE('',#4390,#4282,#4445,.T.);
#4445 = SURFACE_CURVE('',#4446,(#4451,#4457),.PCURVE_S1.);
#4446 = CIRCLE('',#4447,15.875);
#4447 = AXIS2_PLACEMENT_3D('',#4448,#4449,#4450);
#4448 = CARTESIAN_POINT('',(156.74050351469,129.51510312332,0.));
#4449 = DIRECTION('',(0.,0.,-1.));
#4450 = DIRECTION('',(-0.514495755428,0.857492925713,0.));
#4451 = PCURVE('',#4304,#4452);
#4452 = DEFINITIONAL_REPRESENTATION('',(#4453),#4456);
#4453 = B_SPLINE_CURVE_WITH_KNOTS('',1,(#4454,#4455),.UNSPECIFIED.,.F.,
  .F.,(2,2),(1.570796326795,4.712388980385),.PIECEWISE_BEZIER_KNOTS.);
#4454 = CARTESIAN_POINT('',(1.570796326795,0.));
#4455 = CARTESIAN_POINT('',(4.712388980385,0.));
#4456 = ( GEOMETRIC_REPRESENTATION_CONTEXT(2) 
PARAMETRIC_REPRESENTATION_CONTEXT() REPRESENTATION_CONTEXT('2D SPACE',''
  ) );
#4457 = PCURVE('',#126,#4458);
#4458 = DEFINITIONAL_REPRESENTATION('',(#4459),#4467);
#4459 = ( BOUNDED_CURVE() B_SPLINE_CURVE(2,(#4460,#4461,#4462,#4463,
#4464,#4465,#4466),.UNSPECIFIED.,.T.,.F.) B_SPLINE_CURVE_WITH_KNOTS((1,2
    ,2,2,2,1),(-2.094395102393,0.,2.094395102393,4.188790204786,
6.28318530718,8.377580409573),.UNSPECIFIED.) CURVE() 
GEOMETRIC_REPRESENTATION_ITEM() RATIONAL_B_SPLINE_CURVE((1.,0.5,1.,0.5,
1.,0.5,1.)) REPRESENTATION_ITEM('') );
#4460 = CARTESIAN_POINT('',(44.487403709187,18.806011912303));
#4461 = CARTESIAN_POINT('',(68.06529207632,32.952744932582));
#4462 = CARTESIAN_POINT('',(68.527778068871,5.460328128912));
#4463 = CARTESIAN_POINT('',(68.990264061423,-22.03208867475));
#4464 = CARTESIAN_POINT('',(44.949889701739,-8.686404891367));
#4465 = CARTESIAN_POINT('',(20.909515342055,4.659278892024));
#4466 = CARTESIAN_POINT('',(44.487403709187,18.806011912303));
#4467 = ( GEOMETRIC_REPRESENTATION_CONTEXT(2) 
PARAMETRIC_REPRESENTATION_CONTEXT() REPRESENTATION_CONTEXT('2D SPACE',''
  ) );
#4468 = ADVANCED_FACE('',(#4469),#4354,.F.);
#4469 = FACE_BOUND('',#4470,.F.);
#4470 = EDGE_LOOP('',(#4471,#4472,#4499,#4521));
#4471 = ORIENTED_EDGE('',*,*,#4338,.T.);
#4472 = ORIENTED_EDGE('',*,*,#4473,.T.);
#4473 = EDGE_CURVE('',#4316,#4474,#4476,.T.);
#4474 = VERTEX_POINT('',#4475);
#4475 = CARTESIAN_POINT('',(134.41567519377,197.57860410175,12.7));
#4476 = SURFACE_CURVE('',#4477,(#4482,#4488),.PCURVE_S1.);
#4477 = CIRCLE('',#4478,15.875);
#4478 = AXIS2_PLACEMENT_3D('',#4479,#4480,#4481);
#4479 = CARTESIAN_POINT('',(120.80297499808,189.41098398434,12.7));
#4480 = DIRECTION('',(0.,-0.,-1.));
#4481 = DIRECTION('',(0.514495755428,-0.857492925713,0.));
#4482 = PCURVE('',#4354,#4483);
#4483 = DEFINITIONAL_REPRESENTATION('',(#4484),#4487);
#4484 = B_SPLINE_CURVE_WITH_KNOTS('',1,(#4485,#4486),.UNSPECIFIED.,.F.,
  .F.,(2,2),(1.570796326795,4.712388980385),.PIECEWISE_BEZIER_KNOTS.);
#4485 = CARTESIAN_POINT('',(1.570796326795,-12.7));
#4486 = CARTESIAN_POINT('',(4.712388980385,-12.7));
#4487 = ( GEOMETRIC_REPRESENTATION_CONTEXT(2) 
PARAMETRIC_REPRESENTATION_CONTEXT() REPRESENTATION_CONTEXT('2D SPACE',''
  ) );
#4488 = PCURVE('',#72,#4489);
#4489 = DEFINITIONAL_REPRESENTATION('',(#4490),#4498);
#4490 = ( BOUNDED_CURVE() B_SPLINE_CURVE(2,(#4491,#4492,#4493,#4494,
#4495,#4496,#4497),.UNSPECIFIED.,.T.,.F.) B_SPLINE_CURVE_WITH_KNOTS((1,2
    ,2,2,2,1),(-2.094395102393,0.,2.094395102393,4.188790204786,
6.28318530718,8.377580409573),.UNSPECIFIED.) CURVE() 
GEOMETRIC_REPRESENTATION_ITEM() RATIONAL_B_SPLINE_CURVE((1.,0.5,1.,0.5,
1.,0.5,1.)) REPRESENTATION_ITEM('') );
#4491 = CARTESIAN_POINT('',(24.885115427399,51.476492381951));
#4492 = CARTESIAN_POINT('',(1.307227060267,37.329759361671));
#4493 = CARTESIAN_POINT('',(0.844741067715,64.822176165341));
#4494 = CARTESIAN_POINT('',(0.382255075163,92.314592969011));
#4495 = CARTESIAN_POINT('',(24.422629434847,78.96890918562));
#4496 = CARTESIAN_POINT('',(48.463003794531,65.62322540223));
#4497 = CARTESIAN_POINT('',(24.885115427399,51.476492381951));
#4498 = ( GEOMETRIC_REPRESENTATION_CONTEXT(2) 
PARAMETRIC_REPRESENTATION_CONTEXT() REPRESENTATION_CONTEXT('2D SPACE',''
  ) );
#4499 = ORIENTED_EDGE('',*,*,#4500,.F.);
#4500 = EDGE_CURVE('',#4501,#4474,#4503,.T.);
#4501 = VERTEX_POINT('',#4502);
#4502 = CARTESIAN_POINT('',(134.41567519377,197.57860410175,0.));
#4503 = SURFACE_CURVE('',#4504,(#4508,#4514),.PCURVE_S1.);
#4504 = LINE('',#4505,#4506);
#4505 = CARTESIAN_POINT('',(134.41567519377,197.57860410175,0.));
#4506 = VECTOR('',#4507,1.);
#4507 = DIRECTION('',(0.,0.,1.));
#4508 = PCURVE('',#4354,#4509);
#4509 = DEFINITIONAL_REPRESENTATION('',(#4510),#4513);
#4510 = B_SPLINE_CURVE_WITH_KNOTS('',1,(#4511,#4512),.UNSPECIFIED.,.F.,
  .F.,(2,2),(0.,12.7),.PIECEWISE_BEZIER_KNOTS.);
#4511 = CARTESIAN_POINT('',(4.712388980385,0.));
#4512 = CARTESIAN_POINT('',(4.712388980385,-12.7));
#4513 = ( GEOMETRIC_REPRESENTATION_CONTEXT(2) 
PARAMETRIC_REPRESENTATION_CONTEXT() REPRESENTATION_CONTEXT('2D SPACE',''
  ) );
#4514 = PCURVE('',#4406,#4515);
#4515 = DEFINITIONAL_REPRESENTATION('',(#4516),#4520);
#4516 = LINE('',#4517,#4518);
#4517 = CARTESIAN_POINT('',(0.,0.));
#4518 = VECTOR('',#4519,1.);
#4519 = DIRECTION('',(0.,-1.));
#4520 = ( GEOMETRIC_REPRESENTATION_CONTEXT(2) 
PARAMETRIC_REPRESENTATION_CONTEXT() REPRESENTATION_CONTEXT('2D SPACE',''
  ) );
#4521 = ORIENTED_EDGE('',*,*,#4522,.F.);
#4522 = EDGE_CURVE('',#4339,#4501,#4523,.T.);
#4523 = SURFACE_CURVE('',#4524,(#4529,#4535),.PCURVE_S1.);
#4524 = CIRCLE('',#4525,15.875);
#4525 = AXIS2_PLACEMENT_3D('',#4526,#4527,#4528);
#4526 = CARTESIAN_POINT('',(120.80297499808,189.41098398434,0.));
#4527 = DIRECTION('',(0.,-0.,-1.));
#4528 = DIRECTION('',(0.514495755428,-0.857492925713,0.));
#4529 = PCURVE('',#4354,#4530);
#4530 = DEFINITIONAL_REPRESENTATION('',(#4531),#4534);
#4531 = B_SPLINE_CURVE_WITH_KNOTS('',1,(#4532,#4533),.UNSPECIFIED.,.F.,
  .F.,(2,2),(1.570796326795,4.712388980385),.PIECEWISE_BEZIER_KNOTS.);
#4532 = CARTESIAN_POINT('',(1.570796326795,0.));
#4533 = CARTESIAN_POINT('',(4.712388980385,0.));
#4534 = ( GEOMETRIC_REPRESENTATION_CONTEXT(2) 
PARAMETRIC_REPRESENTATION_CONTEXT() REPRESENTATION_CONTEXT('2D SPACE',''
  ) );
#4535 = PCURVE('',#126,#4536);
#4536 = DEFINITIONAL_REPRESENTATION('',(#4537),#4545);
#4537 = ( BOUNDED_CURVE() B_SPLINE_CURVE(2,(#4538,#4539,#4540,#4541,
#4542,#4543,#4544),.UNSPECIFIED.,.T.,.F.) B_SPLINE_CURVE_WITH_KNOTS((1,2
    ,2,2,2,1),(-2.094395102393,0.,2.094395102393,4.188790204786,
6.28318530718,8.377580409573),.UNSPECIFIED.) CURVE() 
GEOMETRIC_REPRESENTATION_ITEM() RATIONAL_B_SPLINE_CURVE((1.,0.5,1.,0.5,
1.,0.5,1.)) REPRESENTATION_ITEM('') );
#4538 = CARTESIAN_POINT('',(24.885115427399,51.476492381951));
#4539 = CARTESIAN_POINT('',(1.307227060267,37.329759361671));
#4540 = CARTESIAN_POINT('',(0.844741067715,64.822176165341));
#4541 = CARTESIAN_POINT('',(0.382255075163,92.314592969011));
#4542 = CARTESIAN_POINT('',(24.422629434847,78.96890918562));
#4543 = CARTESIAN_POINT('',(48.463003794531,65.62322540223));
#4544 = CARTESIAN_POINT('',(24.885115427399,51.476492381951));
#4545 = ( GEOMETRIC_REPRESENTATION_CONTEXT(2) 
PARAMETRIC_REPRESENTATION_CONTEXT() REPRESENTATION_CONTEXT('2D SPACE',''
  ) );
#4546 = ADVANCED_FACE('',(#4547),#4406,.F.);
#4547 = FACE_BOUND('',#4548,.F.);
#4548 = EDGE_LOOP('',(#4549,#4550,#4571,#4572));
#4549 = ORIENTED_EDGE('',*,*,#4500,.T.);
#4550 = ORIENTED_EDGE('',*,*,#4551,.T.);
#4551 = EDGE_CURVE('',#4474,#4392,#4552,.T.);
#4552 = SURFACE_CURVE('',#4553,(#4557,#4564),.PCURVE_S1.);
#4553 = LINE('',#4554,#4555);
#4554 = CARTESIAN_POINT('',(134.41567519377,197.57860410175,12.7));
#4555 = VECTOR('',#4556,1.);
#4556 = DIRECTION('',(0.514495755428,-0.857492925713,0.));
#4557 = PCURVE('',#4406,#4558);
#4558 = DEFINITIONAL_REPRESENTATION('',(#4559),#4563);
#4559 = LINE('',#4560,#4561);
#4560 = CARTESIAN_POINT('',(0.,-12.7));
#4561 = VECTOR('',#4562,1.);
#4562 = DIRECTION('',(1.,0.));
#4563 = ( GEOMETRIC_REPRESENTATION_CONTEXT(2) 
PARAMETRIC_REPRESENTATION_CONTEXT() REPRESENTATION_CONTEXT('2D SPACE',''
  ) );
#4564 = PCURVE('',#72,#4565);
#4565 = DEFINITIONAL_REPRESENTATION('',(#4566),#4570);
#4566 = LINE('',#4567,#4568);
#4567 = CARTESIAN_POINT('',(30.330195505673,73.256812695049));
#4568 = VECTOR('',#4569,1.);
#4569 = DIRECTION('',(0.514495755428,-0.857492925713));
#4570 = ( GEOMETRIC_REPRESENTATION_CONTEXT(2) 
PARAMETRIC_REPRESENTATION_CONTEXT() REPRESENTATION_CONTEXT('2D SPACE',''
  ) );
#4571 = ORIENTED_EDGE('',*,*,#4389,.F.);
#4572 = ORIENTED_EDGE('',*,*,#4573,.F.);
#4573 = EDGE_CURVE('',#4501,#4390,#4574,.T.);
#4574 = SURFACE_CURVE('',#4575,(#4579,#4586),.PCURVE_S1.);
#4575 = LINE('',#4576,#4577);
#4576 = CARTESIAN_POINT('',(134.41567519377,197.57860410175,0.));
#4577 = VECTOR('',#4578,1.);
#4578 = DIRECTION('',(0.514495755428,-0.857492925713,0.));
#4579 = PCURVE('',#4406,#4580);
#4580 = DEFINITIONAL_REPRESENTATION('',(#4581),#4585);
#4581 = LINE('',#4582,#4583);
#4582 = CARTESIAN_POINT('',(0.,0.));
#4583 = VECTOR('',#4584,1.);
#4584 = DIRECTION('',(1.,0.));
#4585 = ( GEOMETRIC_REPRESENTATION_CONTEXT(2) 
PARAMETRIC_REPRESENTATION_CONTEXT() REPRESENTATION_CONTEXT('2D SPACE',''
  ) );
#4586 = PCURVE('',#126,#4587);
#4587 = DEFINITIONAL_REPRESENTATION('',(#4588),#4592);
#4588 = LINE('',#4589,#4590);
#4589 = CARTESIAN_POINT('',(30.330195505673,73.256812695049));
#4590 = VECTOR('',#4591,1.);
#4591 = DIRECTION('',(0.514495755428,-0.857492925713));
#4592 = ( GEOMETRIC_REPRESENTATION_CONTEXT(2) 
PARAMETRIC_REPRESENTATION_CONTEXT() REPRESENTATION_CONTEXT('2D SPACE',''
  ) );
#4593 = ADVANCED_FACE('',(#4594,#4637,#4640,#4643,#4646,#4649,#4652,
    #4655,#4658,#4661,#4664,#4667,#4670,#4673,#4676,#4679,#4682),#126,
  .F.);
#4594 = FACE_BOUND('',#4595,.F.);
#4595 = EDGE_LOOP('',(#4596,#4597,#4598,#4599,#4600,#4601,#4602,#4603,
    #4604,#4605,#4606,#4607,#4608,#4609,#4610,#4611,#4612,#4613,#4614,
    #4615,#4616,#4617,#4618,#4619,#4620,#4621,#4622,#4623,#4624,#4625,
    #4626,#4627,#4628,#4629,#4630,#4631,#4632,#4633,#4634,#4635,#4636));
#4596 = ORIENTED_EDGE('',*,*,#112,.T.);
#4597 = ORIENTED_EDGE('',*,*,#269,.T.);
#4598 = ORIENTED_EDGE('',*,*,#421,.T.);
#4599 = ORIENTED_EDGE('',*,*,#573,.T.);
#4600 = ORIENTED_EDGE('',*,*,#725,.T.);
#4601 = ORIENTED_EDGE('',*,*,#877,.F.);
#4602 = ORIENTED_EDGE('',*,*,#1029,.T.);
#4603 = ORIENTED_EDGE('',*,*,#1181,.T.);
#4604 = ORIENTED_EDGE('',*,*,#1333,.T.);
#4605 = ORIENTED_EDGE('',*,*,#1485,.T.);
#4606 = ORIENTED_EDGE('',*,*,#1637,.F.);
#4607 = ORIENTED_EDGE('',*,*,#1789,.T.);
#4608 = ORIENTED_EDGE('',*,*,#1941,.F.);
#4609 = ORIENTED_EDGE('',*,*,#2093,.F.);
#4610 = ORIENTED_EDGE('',*,*,#2245,.F.);
#4611 = ORIENTED_EDGE('',*,*,#2397,.T.);
#4612 = ORIENTED_EDGE('',*,*,#2549,.T.);
#4613 = ORIENTED_EDGE('',*,*,#2701,.F.);
#4614 = ORIENTED_EDGE('',*,*,#2853,.T.);
#4615 = ORIENTED_EDGE('',*,*,#3005,.T.);
#4616 = ORIENTED_EDGE('',*,*,#3123,.T.);
#4617 = ORIENTED_EDGE('',*,*,#3076,.T.);
#4618 = ORIENTED_EDGE('',*,*,#2929,.F.);
#4619 = ORIENTED_EDGE('',*,*,#2777,.T.);
#4620 = ORIENTED_EDGE('',*,*,#2625,.F.);
#4621 = ORIENTED_EDGE('',*,*,#2473,.F.);
#4622 = ORIENTED_EDGE('',*,*,#2321,.F.);
#4623 = ORIENTED_EDGE('',*,*,#2169,.T.);
#4624 = ORIENTED_EDGE('',*,*,#2017,.T.);
#4625 = ORIENTED_EDGE('',*,*,#1865,.F.);
#4626 = ORIENTED_EDGE('',*,*,#1713,.T.);
#4627 = ORIENTED_EDGE('',*,*,#1561,.T.);
#4628 = ORIENTED_EDGE('',*,*,#1409,.T.);
#4629 = ORIENTED_EDGE('',*,*,#1257,.T.);
#4630 = ORIENTED_EDGE('',*,*,#1105,.F.);
#4631 = ORIENTED_EDGE('',*,*,#953,.T.);
#4632 = ORIENTED_EDGE('',*,*,#801,.F.);
#4633 = ORIENTED_EDGE('',*,*,#649,.F.);
#4634 = ORIENTED_EDGE('',*,*,#497,.F.);
#4635 = ORIENTED_EDGE('',*,*,#345,.T.);
#4636 = ORIENTED_EDGE('',*,*,#193,.T.);
#4637 = FACE_BOUND('',#4638,.F.);
#4638 = EDGE_LOOP('',(#4639));
#4639 = ORIENTED_EDGE('',*,*,#3201,.T.);
#4640 = FACE_BOUND('',#4641,.F.);
#4641 = EDGE_LOOP('',(#4642));
#4642 = ORIENTED_EDGE('',*,*,#3279,.F.);
#4643 = FACE_BOUND('',#4644,.F.);
#4644 = EDGE_LOOP('',(#4645));
#4645 = ORIENTED_EDGE('',*,*,#3353,.F.);
#4646 = FACE_BOUND('',#4647,.F.);
#4647 = EDGE_LOOP('',(#4648));
#4648 = ORIENTED_EDGE('',*,*,#3427,.F.);
#4649 = FACE_BOUND('',#4650,.F.);
#4650 = EDGE_LOOP('',(#4651));
#4651 = ORIENTED_EDGE('',*,*,#3501,.F.);
#4652 = FACE_BOUND('',#4653,.F.);
#4653 = EDGE_LOOP('',(#4654));
#4654 = ORIENTED_EDGE('',*,*,#3575,.F.);
#4655 = FACE_BOUND('',#4656,.F.);
#4656 = EDGE_LOOP('',(#4657));
#4657 = ORIENTED_EDGE('',*,*,#3649,.F.);
#4658 = FACE_BOUND('',#4659,.F.);
#4659 = EDGE_LOOP('',(#4660));
#4660 = ORIENTED_EDGE('',*,*,#3723,.F.);
#4661 = FACE_BOUND('',#4662,.F.);
#4662 = EDGE_LOOP('',(#4663));
#4663 = ORIENTED_EDGE('',*,*,#3797,.F.);
#4664 = FACE_BOUND('',#4665,.F.);
#4665 = EDGE_LOOP('',(#4666));
#4666 = ORIENTED_EDGE('',*,*,#3875,.T.);
#4667 = FACE_BOUND('',#4668,.F.);
#4668 = EDGE_LOOP('',(#4669));
#4669 = ORIENTED_EDGE('',*,*,#3953,.F.);
#4670 = FACE_BOUND('',#4671,.F.);
#4671 = EDGE_LOOP('',(#4672));
#4672 = ORIENTED_EDGE('',*,*,#4031,.T.);
#4673 = FACE_BOUND('',#4674,.F.);
#4674 = EDGE_LOOP('',(#4675));
#4675 = ORIENTED_EDGE('',*,*,#4109,.F.);
#4676 = FACE_BOUND('',#4677,.F.);
#4677 = EDGE_LOOP('',(#4678));
#4678 = ORIENTED_EDGE('',*,*,#4183,.F.);
#4679 = FACE_BOUND('',#4680,.F.);
#4680 = EDGE_LOOP('',(#4681));
#4681 = ORIENTED_EDGE('',*,*,#4257,.F.);
#4682 = FACE_BOUND('',#4683,.F.);
#4683 = EDGE_LOOP('',(#4684,#4685,#4686,#4687));
#4684 = ORIENTED_EDGE('',*,*,#4365,.T.);
#4685 = ORIENTED_EDGE('',*,*,#4522,.T.);
#4686 = ORIENTED_EDGE('',*,*,#4573,.T.);
#4687 = ORIENTED_EDGE('',*,*,#4444,.T.);
#4688 = ADVANCED_FACE('',(#4689,#4732,#4735,#4738,#4741,#4744,#4747,
    #4750,#4753,#4756,#4759,#4762,#4765,#4768,#4771,#4774,#4777),#72,.T.
  );
#4689 = FACE_BOUND('',#4690,.T.);
#4690 = EDGE_LOOP('',(#4691,#4692,#4693,#4694,#4695,#4696,#4697,#4698,
    #4699,#4700,#4701,#4702,#4703,#4704,#4705,#4706,#4707,#4708,#4709,
    #4710,#4711,#4712,#4713,#4714,#4715,#4716,#4717,#4718,#4719,#4720,
    #4721,#4722,#4723,#4724,#4725,#4726,#4727,#4728,#4729,#4730,#4731));
#4691 = ORIENTED_EDGE('',*,*,#56,.T.);
#4692 = ORIENTED_EDGE('',*,*,#218,.T.);
#4693 = ORIENTED_EDGE('',*,*,#370,.T.);
#4694 = ORIENTED_EDGE('',*,*,#522,.T.);
#4695 = ORIENTED_EDGE('',*,*,#674,.T.);
#4696 = ORIENTED_EDGE('',*,*,#855,.F.);
#4697 = ORIENTED_EDGE('',*,*,#978,.T.);
#4698 = ORIENTED_EDGE('',*,*,#1130,.T.);
#4699 = ORIENTED_EDGE('',*,*,#1282,.T.);
#4700 = ORIENTED_EDGE('',*,*,#1434,.T.);
#4701 = ORIENTED_EDGE('',*,*,#1615,.F.);
#4702 = ORIENTED_EDGE('',*,*,#1738,.T.);
#4703 = ORIENTED_EDGE('',*,*,#1919,.F.);
#4704 = ORIENTED_EDGE('',*,*,#2071,.F.);
#4705 = ORIENTED_EDGE('',*,*,#2223,.F.);
#4706 = ORIENTED_EDGE('',*,*,#2346,.T.);
#4707 = ORIENTED_EDGE('',*,*,#2498,.T.);
#4708 = ORIENTED_EDGE('',*,*,#2679,.F.);
#4709 = ORIENTED_EDGE('',*,*,#2802,.T.);
#4710 = ORIENTED_EDGE('',*,*,#2954,.T.);
#4711 = ORIENTED_EDGE('',*,*,#3101,.T.);
#4712 = ORIENTED_EDGE('',*,*,#3054,.T.);
#4713 = ORIENTED_EDGE('',*,*,#2878,.F.);
#4714 = ORIENTED_EDGE('',*,*,#2755,.T.);
#4715 = ORIENTED_EDGE('',*,*,#2574,.F.);
#4716 = ORIENTED_EDGE('',*,*,#2422,.F.);
#4717 = ORIENTED_EDGE('',*,*,#2270,.F.);
#4718 = ORIENTED_EDGE('',*,*,#2147,.T.);
#4719 = ORIENTED_EDGE('',*,*,#1995,.T.);
#4720 = ORIENTED_EDGE('',*,*,#1814,.F.);
#4721 = ORIENTED_EDGE('',*,*,#1691,.T.);
#4722 = ORIENTED_EDGE('',*,*,#1539,.T.);
#4723 = ORIENTED_EDGE('',*,*,#1387,.T.);
#4724 = ORIENTED_EDGE('',*,*,#1235,.T.);
#4725 = ORIENTED_EDGE('',*,*,#1054,.F.);
#4726 = ORIENTED_EDGE('',*,*,#931,.T.);
#4727 = ORIENTED_EDGE('',*,*,#750,.F.);
#4728 = ORIENTED_EDGE('',*,*,#598,.F.);
#4729 = ORIENTED_EDGE('',*,*,#446,.F.);
#4730 = ORIENTED_EDGE('',*,*,#323,.T.);
#4731 = ORIENTED_EDGE('',*,*,#171,.T.);
#4732 = FACE_BOUND('',#4733,.T.);
#4733 = EDGE_LOOP('',(#4734));
#4734 = ORIENTED_EDGE('',*,*,#3175,.T.);
#4735 = FACE_BOUND('',#4736,.T.);
#4736 = EDGE_LOOP('',(#4737));
#4737 = ORIENTED_EDGE('',*,*,#3257,.F.);
#4738 = FACE_BOUND('',#4739,.T.);
#4739 = EDGE_LOOP('',(#4740));
#4740 = ORIENTED_EDGE('',*,*,#3331,.F.);
#4741 = FACE_BOUND('',#4742,.T.);
#4742 = EDGE_LOOP('',(#4743));
#4743 = ORIENTED_EDGE('',*,*,#3405,.F.);
#4744 = FACE_BOUND('',#4745,.T.);
#4745 = EDGE_LOOP('',(#4746));
#4746 = ORIENTED_EDGE('',*,*,#3479,.F.);
#4747 = FACE_BOUND('',#4748,.T.);
#4748 = EDGE_LOOP('',(#4749));
#4749 = ORIENTED_EDGE('',*,*,#3553,.F.);
#4750 = FACE_BOUND('',#4751,.T.);
#4751 = EDGE_LOOP('',(#4752));
#4752 = ORIENTED_EDGE('',*,*,#3627,.F.);
#4753 = FACE_BOUND('',#4754,.T.);
#4754 = EDGE_LOOP('',(#4755));
#4755 = ORIENTED_EDGE('',*,*,#3701,.F.);
#4756 = FACE_BOUND('',#4757,.T.);
#4757 = EDGE_LOOP('',(#4758));
#4758 = ORIENTED_EDGE('',*,*,#3775,.F.);
#4759 = FACE_BOUND('',#4760,.T.);
#4760 = EDGE_LOOP('',(#4761));
#4761 = ORIENTED_EDGE('',*,*,#3849,.T.);
#4762 = FACE_BOUND('',#4763,.T.);
#4763 = EDGE_LOOP('',(#4764));
#4764 = ORIENTED_EDGE('',*,*,#3931,.F.);
#4765 = FACE_BOUND('',#4766,.T.);
#4766 = EDGE_LOOP('',(#4767));
#4767 = ORIENTED_EDGE('',*,*,#4005,.T.);
#4768 = FACE_BOUND('',#4769,.T.);
#4769 = EDGE_LOOP('',(#4770));
#4770 = ORIENTED_EDGE('',*,*,#4087,.F.);
#4771 = FACE_BOUND('',#4772,.T.);
#4772 = EDGE_LOOP('',(#4773));
#4773 = ORIENTED_EDGE('',*,*,#4161,.F.);
#4774 = FACE_BOUND('',#4775,.T.);
#4775 = EDGE_LOOP('',(#4776));
#4776 = ORIENTED_EDGE('',*,*,#4235,.F.);
#4777 = FACE_BOUND('',#4778,.T.);
#4778 = EDGE_LOOP('',(#4779,#4780,#4781,#4782));
#4779 = ORIENTED_EDGE('',*,*,#4315,.T.);
#4780 = ORIENTED_EDGE('',*,*,#4473,.T.);
#4781 = ORIENTED_EDGE('',*,*,#4551,.T.);
#4782 = ORIENTED_EDGE('',*,*,#4418,.T.);
#4783 = MANIFOLD_SOLID_BREP('',#4784);
#4784 = CLOSED_SHELL('',(#4785,#4905,#4981,#5057,#5133,#5209,#5285,#5361
    ,#5437,#5513,#5589,#5665,#5741,#5817,#5893,#5969,#6045,#6121,#6197,
    #6273,#6349,#6425,#6501,#6577,#6653,#6729,#6805,#6881,#6957,#7033,
    #7109,#7185,#7261,#7337,#7413,#7489,#7565,#7641,#7717,#7793,#7864,
    #7911,#7985,#8067,#8141,#8215,#8289,#8363,#8437,#8511,#8585,#8667,
    #8741,#8815,#8897,#8971,#9045,#9153,#9236,#9314,#9361,#9456));
#4785 = ADVANCED_FACE('',(#4786),#4800,.F.);
#4786 = FACE_BOUND('',#4787,.F.);
#4787 = EDGE_LOOP('',(#4788,#4823,#4851,#4879));
#4788 = ORIENTED_EDGE('',*,*,#4789,.T.);
#4789 = EDGE_CURVE('',#4790,#4792,#4794,.T.);
#4790 = VERTEX_POINT('',#4791);
#4791 = CARTESIAN_POINT('',(0.,254.,127.));
#4792 = VERTEX_POINT('',#4793);
#4793 = CARTESIAN_POINT('',(12.7,254.,127.));
#4794 = SURFACE_CURVE('',#4795,(#4799,#4811),.PCURVE_S1.);
#4795 = LINE('',#4796,#4797);
#4796 = CARTESIAN_POINT('',(0.,254.,127.));
#4797 = VECTOR('',#4798,1.);
#4798 = DIRECTION('',(1.,0.,0.));
#4799 = PCURVE('',#4800,#4805);
#4800 = PLANE('',#4801);
#4801 = AXIS2_PLACEMENT_3D('',#4802,#4803,#4804);
#4802 = CARTESIAN_POINT('',(0.,254.,127.));
#4803 = DIRECTION('',(0.,-0.514495755428,-0.857492925713));
#4804 = DIRECTION('',(0.,-0.857492925713,0.514495755428));
#4805 = DEFINITIONAL_REPRESENTATION('',(#4806),#4810);
#4806 = LINE('',#4807,#4808);
#4807 = CARTESIAN_POINT('',(0.,0.));
#4808 = VECTOR('',#4809,1.);
#4809 = DIRECTION('',(0.,-1.));
#4810 = ( GEOMETRIC_REPRESENTATION_CONTEXT(2) 
PARAMETRIC_REPRESENTATION_CONTEXT() REPRESENTATION_CONTEXT('2D SPACE',''
  ) );
#4811 = PCURVE('',#4812,#4817);
#4812 = PLANE('',#4813);
#4813 = AXIS2_PLACEMENT_3D('',#4814,#4815,#4816);
#4814 = CARTESIAN_POINT('',(0.,254.,12.7));
#4815 = DIRECTION('',(0.,-1.,0.));
#4816 = DIRECTION('',(0.,0.,1.));
#4817 = DEFINITIONAL_REPRESENTATION('',(#4818),#4822);
#4818 = LINE('',#4819,#4820);
#4819 = CARTESIAN_POINT('',(114.3,0.));
#4820 = VECTOR('',#4821,1.);
#4821 = DIRECTION('',(0.,-1.));
#4822 = ( GEOMETRIC_REPRESENTATION_CONTEXT(2) 
PARAMETRIC_REPRESENTATION_CONTEXT() REPRESENTATION_CONTEXT('2D SPACE',''
  ) );
#4823 = ORIENTED_EDGE('',*,*,#4824,.T.);
#4824 = EDGE_CURVE('',#4792,#4825,#4827,.T.);
#4825 = VERTEX_POINT('',#4826);
#4826 = CARTESIAN_POINT('',(12.7,127.,203.2));
#4827 = SURFACE_CURVE('',#4828,(#4832,#4839),.PCURVE_S1.);
#4828 = LINE('',#4829,#4830);
#4829 = CARTESIAN_POINT('',(12.7,254.,127.));
#4830 = VECTOR('',#4831,1.);
#4831 = DIRECTION('',(0.,-0.857492925713,0.514495755428));
#4832 = PCURVE('',#4800,#4833);
#4833 = DEFINITIONAL_REPRESENTATION('',(#4834),#4838);
#4834 = LINE('',#4835,#4836);
#4835 = CARTESIAN_POINT('',(0.,-12.7));
#4836 = VECTOR('',#4837,1.);
#4837 = DIRECTION('',(1.,0.));
#4838 = ( GEOMETRIC_REPRESENTATION_CONTEXT(2) 
PARAMETRIC_REPRESENTATION_CONTEXT() REPRESENTATION_CONTEXT('2D SPACE',''
  ) );
#4839 = PCURVE('',#4840,#4845);
#4840 = PLANE('',#4841);
#4841 = AXIS2_PLACEMENT_3D('',#4842,#4843,#4844);
#4842 = CARTESIAN_POINT('',(12.7,117.00228334138,98.37180987573));
#4843 = DIRECTION('',(1.,0.,0.));
#4844 = DIRECTION('',(0.,1.,0.));
#4845 = DEFINITIONAL_REPRESENTATION('',(#4846),#4850);
#4846 = LINE('',#4847,#4848);
#4847 = CARTESIAN_POINT('',(136.99771665861,28.62819012427));
#4848 = VECTOR('',#4849,1.);
#4849 = DIRECTION('',(-0.857492925713,0.514495755428));
#4850 = ( GEOMETRIC_REPRESENTATION_CONTEXT(2) 
PARAMETRIC_REPRESENTATION_CONTEXT() REPRESENTATION_CONTEXT('2D SPACE',''
  ) );
#4851 = ORIENTED_EDGE('',*,*,#4852,.F.);
#4852 = EDGE_CURVE('',#4853,#4825,#4855,.T.);
#4853 = VERTEX_POINT('',#4854);
#4854 = CARTESIAN_POINT('',(0.,127.,203.2));
#4855 = SURFACE_CURVE('',#4856,(#4860,#4867),.PCURVE_S1.);
#4856 = LINE('',#4857,#4858);
#4857 = CARTESIAN_POINT('',(0.,127.,203.2));
#4858 = VECTOR('',#4859,1.);
#4859 = DIRECTION('',(1.,0.,0.));
#4860 = PCURVE('',#4800,#4861);
#4861 = DEFINITIONAL_REPRESENTATION('',(#4862),#4866);
#4862 = LINE('',#4863,#4864);
#4863 = CARTESIAN_POINT('',(148.10617812907,0.));
#4864 = VECTOR('',#4865,1.);
#4865 = DIRECTION('',(0.,-1.));
#4866 = ( GEOMETRIC_REPRESENTATION_CONTEXT(2) 
PARAMETRIC_REPRESENTATION_CONTEXT() REPRESENTATION_CONTEXT('2D SPACE',''
  ) );
#4867 = PCURVE('',#4868,#4873);
#4868 = PLANE('',#4869);
#4869 = AXIS2_PLACEMENT_3D('',#4870,#4871,#4872);
#4870 = CARTESIAN_POINT('',(0.,127.,203.2));
#4871 = DIRECTION('',(0.,0.,-1.));
#4872 = DIRECTION('',(0.,-1.,0.));
#4873 = DEFINITIONAL_REPRESENTATION('',(#4874),#4878);
#4874 = LINE('',#4875,#4876);
#4875 = CARTESIAN_POINT('',(0.,-0.));
#4876 = VECTOR('',#4877,1.);
#4877 = DIRECTION('',(0.,-1.));
#4878 = ( GEOMETRIC_REPRESENTATION_CONTEXT(2) 
PARAMETRIC_REPRESENTATION_CONTEXT() REPRESENTATION_CONTEXT('2D SPACE',''
  ) );
#4879 = ORIENTED_EDGE('',*,*,#4880,.F.);
#4880 = EDGE_CURVE('',#4790,#4853,#4881,.T.);
#4881 = SURFACE_CURVE('',#4882,(#4886,#4893),.PCURVE_S1.);
#4882 = LINE('',#4883,#4884);
#4883 = CARTESIAN_POINT('',(0.,254.,127.));
#4884 = VECTOR('',#4885,1.);
#4885 = DIRECTION('',(0.,-0.857492925713,0.514495755428));
#4886 = PCURVE('',#4800,#4887);
#4887 = DEFINITIONAL_REPRESENTATION('',(#4888),#4892);
#4888 = LINE('',#4889,#4890);
#4889 = CARTESIAN_POINT('',(0.,0.));
#4890 = VECTOR('',#4891,1.);
#4891 = DIRECTION('',(1.,0.));
#4892 = ( GEOMETRIC_REPRESENTATION_CONTEXT(2) 
PARAMETRIC_REPRESENTATION_CONTEXT() REPRESENTATION_CONTEXT('2D SPACE',''
  ) );
#4893 = PCURVE('',#4894,#4899);
#4894 = PLANE('',#4895);
#4895 = AXIS2_PLACEMENT_3D('',#4896,#4897,#4898);
#4896 = CARTESIAN_POINT('',(0.,117.00228334138,98.37180987573));
#4897 = DIRECTION('',(1.,0.,0.));
#4898 = DIRECTION('',(0.,1.,0.));
#4899 = DEFINITIONAL_REPRESENTATION('',(#4900),#4904);
#4900 = LINE('',#4901,#4902);
#4901 = CARTESIAN_POINT('',(136.99771665861,28.62819012427));
#4902 = VECTOR('',#4903,1.);
#4903 = DIRECTION('',(-0.857492925713,0.514495755428));
#4904 = ( GEOMETRIC_REPRESENTATION_CONTEXT(2) 
PARAMETRIC_REPRESENTATION_CONTEXT() REPRESENTATION_CONTEXT('2D SPACE',''
  ) );
#4905 = ADVANCED_FACE('',(#4906),#4812,.F.);
#4906 = FACE_BOUND('',#4907,.F.);
#4907 = EDGE_LOOP('',(#4908,#4938,#4959,#4960));
#4908 = ORIENTED_EDGE('',*,*,#4909,.T.);
#4909 = EDGE_CURVE('',#4910,#4912,#4914,.T.);
#4910 = VERTEX_POINT('',#4911);
#4911 = CARTESIAN_POINT('',(0.,254.,12.7));
#4912 = VERTEX_POINT('',#4913);
#4913 = CARTESIAN_POINT('',(12.7,254.,12.7));
#4914 = SURFACE_CURVE('',#4915,(#4919,#4926),.PCURVE_S1.);
#4915 = LINE('',#4916,#4917);
#4916 = CARTESIAN_POINT('',(0.,254.,12.7));
#4917 = VECTOR('',#4918,1.);
#4918 = DIRECTION('',(1.,0.,0.));
#4919 = PCURVE('',#4812,#4920);
#4920 = DEFINITIONAL_REPRESENTATION('',(#4921),#4925);
#4921 = LINE('',#4922,#4923);
#4922 = CARTESIAN_POINT('',(0.,0.));
#4923 = VECTOR('',#4924,1.);
#4924 = DIRECTION('',(0.,-1.));
#4925 = ( GEOMETRIC_REPRESENTATION_CONTEXT(2) 
PARAMETRIC_REPRESENTATION_CONTEXT() REPRESENTATION_CONTEXT('2D SPACE',''
  ) );
#4926 = PCURVE('',#4927,#4932);
#4927 = PLANE('',#4928);
#4928 = AXIS2_PLACEMENT_3D('',#4929,#4930,#4931);
#4929 = CARTESIAN_POINT('',(0.,219.2274,12.7));
#4930 = DIRECTION('',(0.,0.,1.));
#4931 = DIRECTION('',(0.,1.,0.));
#4932 = DEFINITIONAL_REPRESENTATION('',(#4933),#4937);
#4933 = LINE('',#4934,#4935);
#4934 = CARTESIAN_POINT('',(34.7726,0.));
#4935 = VECTOR('',#4936,1.);
#4936 = DIRECTION('',(0.,-1.));
#4937 = ( GEOMETRIC_REPRESENTATION_CONTEXT(2) 
PARAMETRIC_REPRESENTATION_CONTEXT() REPRESENTATION_CONTEXT('2D SPACE',''
  ) );
#4938 = ORIENTED_EDGE('',*,*,#4939,.T.);
#4939 = EDGE_CURVE('',#4912,#4792,#4940,.T.);
#4940 = SURFACE_CURVE('',#4941,(#4945,#4952),.PCURVE_S1.);
#4941 = LINE('',#4942,#4943);
#4942 = CARTESIAN_POINT('',(12.7,254.,12.7));
#4943 = VECTOR('',#4944,1.);
#4944 = DIRECTION('',(0.,0.,1.));
#4945 = PCURVE('',#4812,#4946);
#4946 = DEFINITIONAL_REPRESENTATION('',(#4947),#4951);
#4947 = LINE('',#4948,#4949);
#4948 = CARTESIAN_POINT('',(0.,-12.7));
#4949 = VECTOR('',#4950,1.);
#4950 = DIRECTION('',(1.,0.));
#4951 = ( GEOMETRIC_REPRESENTATION_CONTEXT(2) 
PARAMETRIC_REPRESENTATION_CONTEXT() REPRESENTATION_CONTEXT('2D SPACE',''
  ) );
#4952 = PCURVE('',#4840,#4953);
#4953 = DEFINITIONAL_REPRESENTATION('',(#4954),#4958);
#4954 = LINE('',#4955,#4956);
#4955 = CARTESIAN_POINT('',(136.99771665861,-85.67180987573));
#4956 = VECTOR('',#4957,1.);
#4957 = DIRECTION('',(0.,1.));
#4958 = ( GEOMETRIC_REPRESENTATION_CONTEXT(2) 
PARAMETRIC_REPRESENTATION_CONTEXT() REPRESENTATION_CONTEXT('2D SPACE',''
  ) );
#4959 = ORIENTED_EDGE('',*,*,#4789,.F.);
#4960 = ORIENTED_EDGE('',*,*,#4961,.F.);
#4961 = EDGE_CURVE('',#4910,#4790,#4962,.T.);
#4962 = SURFACE_CURVE('',#4963,(#4967,#4974),.PCURVE_S1.);
#4963 = LINE('',#4964,#4965);
#4964 = CARTESIAN_POINT('',(0.,254.,12.7));
#4965 = VECTOR('',#4966,1.);
#4966 = DIRECTION('',(0.,0.,1.));
#4967 = PCURVE('',#4812,#4968);
#4968 = DEFINITIONAL_REPRESENTATION('',(#4969),#4973);
#4969 = LINE('',#4970,#4971);
#4970 = CARTESIAN_POINT('',(0.,0.));
#4971 = VECTOR('',#4972,1.);
#4972 = DIRECTION('',(1.,0.));
#4973 = ( GEOMETRIC_REPRESENTATION_CONTEXT(2) 
PARAMETRIC_REPRESENTATION_CONTEXT() REPRESENTATION_CONTEXT('2D SPACE',''
  ) );
#4974 = PCURVE('',#4894,#4975);
#4975 = DEFINITIONAL_REPRESENTATION('',(#4976),#4980);
#4976 = LINE('',#4977,#4978);
#4977 = CARTESIAN_POINT('',(136.99771665861,-85.67180987573));
#4978 = VECTOR('',#4979,1.);
#4979 = DIRECTION('',(0.,1.));
#4980 = ( GEOMETRIC_REPRESENTATION_CONTEXT(2) 
PARAMETRIC_REPRESENTATION_CONTEXT() REPRESENTATION_CONTEXT('2D SPACE',''
  ) );
#4981 = ADVANCED_FACE('',(#4982),#4868,.F.);
#4982 = FACE_BOUND('',#4983,.F.);
#4983 = EDGE_LOOP('',(#4984,#4985,#5008,#5036));
#4984 = ORIENTED_EDGE('',*,*,#4852,.T.);
#4985 = ORIENTED_EDGE('',*,*,#4986,.T.);
#4986 = EDGE_CURVE('',#4825,#4987,#4989,.T.);
#4987 = VERTEX_POINT('',#4988);
#4988 = CARTESIAN_POINT('',(12.7,0.,203.2));
#4989 = SURFACE_CURVE('',#4990,(#4994,#5001),.PCURVE_S1.);
#4990 = LINE('',#4991,#4992);
#4991 = CARTESIAN_POINT('',(12.7,127.,203.2));
#4992 = VECTOR('',#4993,1.);
#4993 = DIRECTION('',(0.,-1.,0.));
#4994 = PCURVE('',#4868,#4995);
#4995 = DEFINITIONAL_REPRESENTATION('',(#4996),#5000);
#4996 = LINE('',#4997,#4998);
#4997 = CARTESIAN_POINT('',(0.,-12.7));
#4998 = VECTOR('',#4999,1.);
#4999 = DIRECTION('',(1.,0.));
#5000 = ( GEOMETRIC_REPRESENTATION_CONTEXT(2) 
PARAMETRIC_REPRESENTATION_CONTEXT() REPRESENTATION_CONTEXT('2D SPACE',''
  ) );
#5001 = PCURVE('',#4840,#5002);
#5002 = DEFINITIONAL_REPRESENTATION('',(#5003),#5007);
#5003 = LINE('',#5004,#5005);
#5004 = CARTESIAN_POINT('',(9.997716658616,104.82819012427));
#5005 = VECTOR('',#5006,1.);
#5006 = DIRECTION('',(-1.,0.));
#5007 = ( GEOMETRIC_REPRESENTATION_CONTEXT(2) 
PARAMETRIC_REPRESENTATION_CONTEXT() REPRESENTATION_CONTEXT('2D SPACE',''
  ) );
#5008 = ORIENTED_EDGE('',*,*,#5009,.F.);
#5009 = EDGE_CURVE('',#5010,#4987,#5012,.T.);
#5010 = VERTEX_POINT('',#5011);
#5011 = CARTESIAN_POINT('',(0.,0.,203.2));
#5012 = SURFACE_CURVE('',#5013,(#5017,#5024),.PCURVE_S1.);
#5013 = LINE('',#5014,#5015);
#5014 = CARTESIAN_POINT('',(0.,0.,203.2));
#5015 = VECTOR('',#5016,1.);
#5016 = DIRECTION('',(1.,0.,0.));
#5017 = PCURVE('',#4868,#5018);
#5018 = DEFINITIONAL_REPRESENTATION('',(#5019),#5023);
#5019 = LINE('',#5020,#5021);
#5020 = CARTESIAN_POINT('',(127.,0.));
#5021 = VECTOR('',#5022,1.);
#5022 = DIRECTION('',(0.,-1.));
#5023 = ( GEOMETRIC_REPRESENTATION_CONTEXT(2) 
PARAMETRIC_REPRESENTATION_CONTEXT() REPRESENTATION_CONTEXT('2D SPACE',''
  ) );
#5024 = PCURVE('',#5025,#5030);
#5025 = PLANE('',#5026);
#5026 = AXIS2_PLACEMENT_3D('',#5027,#5028,#5029);
#5027 = CARTESIAN_POINT('',(0.,0.,203.2));
#5028 = DIRECTION('',(-0.,1.,0.));
#5029 = DIRECTION('',(0.,0.,-1.));
#5030 = DEFINITIONAL_REPRESENTATION('',(#5031),#5035);
#5031 = LINE('',#5032,#5033);
#5032 = CARTESIAN_POINT('',(0.,0.));
#5033 = VECTOR('',#5034,1.);
#5034 = DIRECTION('',(0.,-1.));
#5035 = ( GEOMETRIC_REPRESENTATION_CONTEXT(2) 
PARAMETRIC_REPRESENTATION_CONTEXT() REPRESENTATION_CONTEXT('2D SPACE',''
  ) );
#5036 = ORIENTED_EDGE('',*,*,#5037,.F.);
#5037 = EDGE_CURVE('',#4853,#5010,#5038,.T.);
#5038 = SURFACE_CURVE('',#5039,(#5043,#5050),.PCURVE_S1.);
#5039 = LINE('',#5040,#5041);
#5040 = CARTESIAN_POINT('',(0.,127.,203.2));
#5041 = VECTOR('',#5042,1.);
#5042 = DIRECTION('',(0.,-1.,0.));
#5043 = PCURVE('',#4868,#5044);
#5044 = DEFINITIONAL_REPRESENTATION('',(#5045),#5049);
#5045 = LINE('',#5046,#5047);
#5046 = CARTESIAN_POINT('',(0.,-0.));
#5047 = VECTOR('',#5048,1.);
#5048 = DIRECTION('',(1.,0.));
#5049 = ( GEOMETRIC_REPRESENTATION_CONTEXT(2) 
PARAMETRIC_REPRESENTATION_CONTEXT() REPRESENTATION_CONTEXT('2D SPACE',''
  ) );
#5050 = PCURVE('',#4894,#5051);
#5051 = DEFINITIONAL_REPRESENTATION('',(#5052),#5056);
#5052 = LINE('',#5053,#5054);
#5053 = CARTESIAN_POINT('',(9.997716658616,104.82819012427));
#5054 = VECTOR('',#5055,1.);
#5055 = DIRECTION('',(-1.,0.));
#5056 = ( GEOMETRIC_REPRESENTATION_CONTEXT(2) 
PARAMETRIC_REPRESENTATION_CONTEXT() REPRESENTATION_CONTEXT('2D SPACE',''
  ) );
#5057 = ADVANCED_FACE('',(#5058),#4927,.F.);
#5058 = FACE_BOUND('',#5059,.F.);
#5059 = EDGE_LOOP('',(#5060,#5090,#5111,#5112));
#5060 = ORIENTED_EDGE('',*,*,#5061,.T.);
#5061 = EDGE_CURVE('',#5062,#5064,#5066,.T.);
#5062 = VERTEX_POINT('',#5063);
#5063 = CARTESIAN_POINT('',(0.,219.2274,12.7));
#5064 = VERTEX_POINT('',#5065);
#5065 = CARTESIAN_POINT('',(12.7,219.2274,12.7));
#5066 = SURFACE_CURVE('',#5067,(#5071,#5078),.PCURVE_S1.);
#5067 = LINE('',#5068,#5069);
#5068 = CARTESIAN_POINT('',(0.,219.2274,12.7));
#5069 = VECTOR('',#5070,1.);
#5070 = DIRECTION('',(1.,0.,0.));
#5071 = PCURVE('',#4927,#5072);
#5072 = DEFINITIONAL_REPRESENTATION('',(#5073),#5077);
#5073 = LINE('',#5074,#5075);
#5074 = CARTESIAN_POINT('',(0.,0.));
#5075 = VECTOR('',#5076,1.);
#5076 = DIRECTION('',(0.,-1.));
#5077 = ( GEOMETRIC_REPRESENTATION_CONTEXT(2) 
PARAMETRIC_REPRESENTATION_CONTEXT() REPRESENTATION_CONTEXT('2D SPACE',''
  ) );
#5078 = PCURVE('',#5079,#5084);
#5079 = PLANE('',#5080);
#5080 = AXIS2_PLACEMENT_3D('',#5081,#5082,#5083);
#5081 = CARTESIAN_POINT('',(0.,219.2274,12.7));
#5082 = DIRECTION('',(0.,-1.,0.));
#5083 = DIRECTION('',(0.,0.,1.));
#5084 = DEFINITIONAL_REPRESENTATION('',(#5085),#5089);
#5085 = LINE('',#5086,#5087);
#5086 = CARTESIAN_POINT('',(0.,0.));
#5087 = VECTOR('',#5088,1.);
#5088 = DIRECTION('',(0.,-1.));
#5089 = ( GEOMETRIC_REPRESENTATION_CONTEXT(2) 
PARAMETRIC_REPRESENTATION_CONTEXT() REPRESENTATION_CONTEXT('2D SPACE',''
  ) );
#5090 = ORIENTED_EDGE('',*,*,#5091,.T.);
#5091 = EDGE_CURVE('',#5064,#4912,#5092,.T.);
#5092 = SURFACE_CURVE('',#5093,(#5097,#5104),.PCURVE_S1.);
#5093 = LINE('',#5094,#5095);
#5094 = CARTESIAN_POINT('',(12.7,0.,12.7));
#5095 = VECTOR('',#5096,1.);
#5096 = DIRECTION('',(0.,1.,0.));
#5097 = PCURVE('',#4927,#5098);
#5098 = DEFINITIONAL_REPRESENTATION('',(#5099),#5103);
#5099 = LINE('',#5100,#5101);
#5100 = CARTESIAN_POINT('',(-219.2274,-12.7));
#5101 = VECTOR('',#5102,1.);
#5102 = DIRECTION('',(1.,0.));
#5103 = ( GEOMETRIC_REPRESENTATION_CONTEXT(2) 
PARAMETRIC_REPRESENTATION_CONTEXT() REPRESENTATION_CONTEXT('2D SPACE',''
  ) );
#5104 = PCURVE('',#4840,#5105);
#5105 = DEFINITIONAL_REPRESENTATION('',(#5106),#5110);
#5106 = LINE('',#5107,#5108);
#5107 = CARTESIAN_POINT('',(-117.0022833413,-85.67180987573));
#5108 = VECTOR('',#5109,1.);
#5109 = DIRECTION('',(1.,0.));
#5110 = ( GEOMETRIC_REPRESENTATION_CONTEXT(2) 
PARAMETRIC_REPRESENTATION_CONTEXT() REPRESENTATION_CONTEXT('2D SPACE',''
  ) );
#5111 = ORIENTED_EDGE('',*,*,#4909,.F.);
#5112 = ORIENTED_EDGE('',*,*,#5113,.F.);
#5113 = EDGE_CURVE('',#5062,#4910,#5114,.T.);
#5114 = SURFACE_CURVE('',#5115,(#5119,#5126),.PCURVE_S1.);
#5115 = LINE('',#5116,#5117);
#5116 = CARTESIAN_POINT('',(0.,0.,12.7));
#5117 = VECTOR('',#5118,1.);
#5118 = DIRECTION('',(0.,1.,0.));
#5119 = PCURVE('',#4927,#5120);
#5120 = DEFINITIONAL_REPRESENTATION('',(#5121),#5125);
#5121 = LINE('',#5122,#5123);
#5122 = CARTESIAN_POINT('',(-219.2274,0.));
#5123 = VECTOR('',#5124,1.);
#5124 = DIRECTION('',(1.,0.));
#5125 = ( GEOMETRIC_REPRESENTATION_CONTEXT(2) 
PARAMETRIC_REPRESENTATION_CONTEXT() REPRESENTATION_CONTEXT('2D SPACE',''
  ) );
#5126 = PCURVE('',#4894,#5127);
#5127 = DEFINITIONAL_REPRESENTATION('',(#5128),#5132);
#5128 = LINE('',#5129,#5130);
#5129 = CARTESIAN_POINT('',(-117.0022833413,-85.67180987573));
#5130 = VECTOR('',#5131,1.);
#5131 = DIRECTION('',(1.,0.));
#5132 = ( GEOMETRIC_REPRESENTATION_CONTEXT(2) 
PARAMETRIC_REPRESENTATION_CONTEXT() REPRESENTATION_CONTEXT('2D SPACE',''
  ) );
#5133 = ADVANCED_FACE('',(#5134),#5025,.F.);
#5134 = FACE_BOUND('',#5135,.F.);
#5135 = EDGE_LOOP('',(#5136,#5137,#5160,#5188));
#5136 = ORIENTED_EDGE('',*,*,#5009,.T.);
#5137 = ORIENTED_EDGE('',*,*,#5138,.T.);
#5138 = EDGE_CURVE('',#4987,#5139,#5141,.T.);
#5139 = VERTEX_POINT('',#5140);
#5140 = CARTESIAN_POINT('',(12.7,0.,12.7));
#5141 = SURFACE_CURVE('',#5142,(#5146,#5153),.PCURVE_S1.);
#5142 = LINE('',#5143,#5144);
#5143 = CARTESIAN_POINT('',(12.7,0.,203.2));
#5144 = VECTOR('',#5145,1.);
#5145 = DIRECTION('',(0.,0.,-1.));
#5146 = PCURVE('',#5025,#5147);
#5147 = DEFINITIONAL_REPRESENTATION('',(#5148),#5152);
#5148 = LINE('',#5149,#5150);
#5149 = CARTESIAN_POINT('',(0.,-12.7));
#5150 = VECTOR('',#5151,1.);
#5151 = DIRECTION('',(1.,0.));
#5152 = ( GEOMETRIC_REPRESENTATION_CONTEXT(2) 
PARAMETRIC_REPRESENTATION_CONTEXT() REPRESENTATION_CONTEXT('2D SPACE',''
  ) );
#5153 = PCURVE('',#4840,#5154);
#5154 = DEFINITIONAL_REPRESENTATION('',(#5155),#5159);
#5155 = LINE('',#5156,#5157);
#5156 = CARTESIAN_POINT('',(-117.0022833413,104.82819012427));
#5157 = VECTOR('',#5158,1.);
#5158 = DIRECTION('',(0.,-1.));
#5159 = ( GEOMETRIC_REPRESENTATION_CONTEXT(2) 
PARAMETRIC_REPRESENTATION_CONTEXT() REPRESENTATION_CONTEXT('2D SPACE',''
  ) );
#5160 = ORIENTED_EDGE('',*,*,#5161,.F.);
#5161 = EDGE_CURVE('',#5162,#5139,#5164,.T.);
#5162 = VERTEX_POINT('',#5163);
#5163 = CARTESIAN_POINT('',(0.,0.,12.7));
#5164 = SURFACE_CURVE('',#5165,(#5169,#5176),.PCURVE_S1.);
#5165 = LINE('',#5166,#5167);
#5166 = CARTESIAN_POINT('',(0.,0.,12.7));
#5167 = VECTOR('',#5168,1.);
#5168 = DIRECTION('',(1.,0.,0.));
#5169 = PCURVE('',#5025,#5170);
#5170 = DEFINITIONAL_REPRESENTATION('',(#5171),#5175);
#5171 = LINE('',#5172,#5173);
#5172 = CARTESIAN_POINT('',(190.5,0.));
#5173 = VECTOR('',#5174,1.);
#5174 = DIRECTION('',(0.,-1.));
#5175 = ( GEOMETRIC_REPRESENTATION_CONTEXT(2) 
PARAMETRIC_REPRESENTATION_CONTEXT() REPRESENTATION_CONTEXT('2D SPACE',''
  ) );
#5176 = PCURVE('',#5177,#5182);
#5177 = PLANE('',#5178);
#5178 = AXIS2_PLACEMENT_3D('',#5179,#5180,#5181);
#5179 = CARTESIAN_POINT('',(0.,0.,12.7));
#5180 = DIRECTION('',(0.,0.,1.));
#5181 = DIRECTION('',(0.,1.,0.));
#5182 = DEFINITIONAL_REPRESENTATION('',(#5183),#5187);
#5183 = LINE('',#5184,#5185);
#5184 = CARTESIAN_POINT('',(0.,0.));
#5185 = VECTOR('',#5186,1.);
#5186 = DIRECTION('',(0.,-1.));
#5187 = ( GEOMETRIC_REPRESENTATION_CONTEXT(2) 
PARAMETRIC_REPRESENTATION_CONTEXT() REPRESENTATION_CONTEXT('2D SPACE',''
  ) );
#5188 = ORIENTED_EDGE('',*,*,#5189,.F.);
#5189 = EDGE_CURVE('',#5010,#5162,#5190,.T.);
#5190 = SURFACE_CURVE('',#5191,(#5195,#5202),.PCURVE_S1.);
#5191 = LINE('',#5192,#5193);
#5192 = CARTESIAN_POINT('',(0.,0.,203.2));
#5193 = VECTOR('',#5194,1.);
#5194 = DIRECTION('',(0.,0.,-1.));
#5195 = PCURVE('',#5025,#5196);
#5196 = DEFINITIONAL_REPRESENTATION('',(#5197),#5201);
#5197 = LINE('',#5198,#5199);
#5198 = CARTESIAN_POINT('',(0.,0.));
#5199 = VECTOR('',#5200,1.);
#5200 = DIRECTION('',(1.,0.));
#5201 = ( GEOMETRIC_REPRESENTATION_CONTEXT(2) 
PARAMETRIC_REPRESENTATION_CONTEXT() REPRESENTATION_CONTEXT('2D SPACE',''
  ) );
#5202 = PCURVE('',#4894,#5203);
#5203 = DEFINITIONAL_REPRESENTATION('',(#5204),#5208);
#5204 = LINE('',#5205,#5206);
#5205 = CARTESIAN_POINT('',(-117.0022833413,104.82819012427));
#5206 = VECTOR('',#5207,1.);
#5207 = DIRECTION('',(0.,-1.));
#5208 = ( GEOMETRIC_REPRESENTATION_CONTEXT(2) 
PARAMETRIC_REPRESENTATION_CONTEXT() REPRESENTATION_CONTEXT('2D SPACE',''
  ) );
#5209 = ADVANCED_FACE('',(#5210),#5079,.T.);
#5210 = FACE_BOUND('',#5211,.T.);
#5211 = EDGE_LOOP('',(#5212,#5213,#5236,#5264));
#5212 = ORIENTED_EDGE('',*,*,#5061,.T.);
#5213 = ORIENTED_EDGE('',*,*,#5214,.T.);
#5214 = EDGE_CURVE('',#5064,#5215,#5217,.T.);
#5215 = VERTEX_POINT('',#5216);
#5216 = CARTESIAN_POINT('',(12.7,219.2274,31.75));
#5217 = SURFACE_CURVE('',#5218,(#5222,#5229),.PCURVE_S1.);
#5218 = LINE('',#5219,#5220);
#5219 = CARTESIAN_POINT('',(12.7,219.2274,32.54375));
#5220 = VECTOR('',#5221,1.);
#5221 = DIRECTION('',(0.,0.,1.));
#5222 = PCURVE('',#5079,#5223);
#5223 = DEFINITIONAL_REPRESENTATION('',(#5224),#5228);
#5224 = LINE('',#5225,#5226);
#5225 = CARTESIAN_POINT('',(19.84375,-12.7));
#5226 = VECTOR('',#5227,1.);
#5227 = DIRECTION('',(1.,0.));
#5228 = ( GEOMETRIC_REPRESENTATION_CONTEXT(2) 
PARAMETRIC_REPRESENTATION_CONTEXT() REPRESENTATION_CONTEXT('2D SPACE',''
  ) );
#5229 = PCURVE('',#4840,#5230);
#5230 = DEFINITIONAL_REPRESENTATION('',(#5231),#5235);
#5231 = LINE('',#5232,#5233);
#5232 = CARTESIAN_POINT('',(102.22511665861,-65.82805987573));
#5233 = VECTOR('',#5234,1.);
#5234 = DIRECTION('',(0.,1.));
#5235 = ( GEOMETRIC_REPRESENTATION_CONTEXT(2) 
PARAMETRIC_REPRESENTATION_CONTEXT() REPRESENTATION_CONTEXT('2D SPACE',''
  ) );
#5236 = ORIENTED_EDGE('',*,*,#5237,.F.);
#5237 = EDGE_CURVE('',#5238,#5215,#5240,.T.);
#5238 = VERTEX_POINT('',#5239);
#5239 = CARTESIAN_POINT('',(0.,219.2274,31.75));
#5240 = SURFACE_CURVE('',#5241,(#5245,#5252),.PCURVE_S1.);
#5241 = LINE('',#5242,#5243);
#5242 = CARTESIAN_POINT('',(0.,219.2274,31.75));
#5243 = VECTOR('',#5244,1.);
#5244 = DIRECTION('',(1.,0.,0.));
#5245 = PCURVE('',#5079,#5246);
#5246 = DEFINITIONAL_REPRESENTATION('',(#5247),#5251);
#5247 = LINE('',#5248,#5249);
#5248 = CARTESIAN_POINT('',(19.05,0.));
#5249 = VECTOR('',#5250,1.);
#5250 = DIRECTION('',(0.,-1.));
#5251 = ( GEOMETRIC_REPRESENTATION_CONTEXT(2) 
PARAMETRIC_REPRESENTATION_CONTEXT() REPRESENTATION_CONTEXT('2D SPACE',''
  ) );
#5252 = PCURVE('',#5253,#5258);
#5253 = PLANE('',#5254);
#5254 = AXIS2_PLACEMENT_3D('',#5255,#5256,#5257);
#5255 = CARTESIAN_POINT('',(0.,219.2274,31.75));
#5256 = DIRECTION('',(0.,0.,1.));
#5257 = DIRECTION('',(0.,1.,0.));
#5258 = DEFINITIONAL_REPRESENTATION('',(#5259),#5263);
#5259 = LINE('',#5260,#5261);
#5260 = CARTESIAN_POINT('',(0.,0.));
#5261 = VECTOR('',#5262,1.);
#5262 = DIRECTION('',(0.,-1.));
#5263 = ( GEOMETRIC_REPRESENTATION_CONTEXT(2) 
PARAMETRIC_REPRESENTATION_CONTEXT() REPRESENTATION_CONTEXT('2D SPACE',''
  ) );
#5264 = ORIENTED_EDGE('',*,*,#5265,.F.);
#5265 = EDGE_CURVE('',#5062,#5238,#5266,.T.);
#5266 = SURFACE_CURVE('',#5267,(#5271,#5278),.PCURVE_S1.);
#5267 = LINE('',#5268,#5269);
#5268 = CARTESIAN_POINT('',(0.,219.2274,32.54375));
#5269 = VECTOR('',#5270,1.);
#5270 = DIRECTION('',(0.,0.,1.));
#5271 = PCURVE('',#5079,#5272);
#5272 = DEFINITIONAL_REPRESENTATION('',(#5273),#5277);
#5273 = LINE('',#5274,#5275);
#5274 = CARTESIAN_POINT('',(19.84375,0.));
#5275 = VECTOR('',#5276,1.);
#5276 = DIRECTION('',(1.,0.));
#5277 = ( GEOMETRIC_REPRESENTATION_CONTEXT(2) 
PARAMETRIC_REPRESENTATION_CONTEXT() REPRESENTATION_CONTEXT('2D SPACE',''
  ) );
#5278 = PCURVE('',#4894,#5279);
#5279 = DEFINITIONAL_REPRESENTATION('',(#5280),#5284);
#5280 = LINE('',#5281,#5282);
#5281 = CARTESIAN_POINT('',(102.22511665861,-65.82805987573));
#5282 = VECTOR('',#5283,1.);
#5283 = DIRECTION('',(0.,1.));
#5284 = ( GEOMETRIC_REPRESENTATION_CONTEXT(2) 
PARAMETRIC_REPRESENTATION_CONTEXT() REPRESENTATION_CONTEXT('2D SPACE',''
  ) );
#5285 = ADVANCED_FACE('',(#5286),#5177,.F.);
#5286 = FACE_BOUND('',#5287,.F.);
#5287 = EDGE_LOOP('',(#5288,#5289,#5312,#5340));
#5288 = ORIENTED_EDGE('',*,*,#5161,.T.);
#5289 = ORIENTED_EDGE('',*,*,#5290,.T.);
#5290 = EDGE_CURVE('',#5139,#5291,#5293,.T.);
#5291 = VERTEX_POINT('',#5292);
#5292 = CARTESIAN_POINT('',(12.7,47.4726,12.7));
#5293 = SURFACE_CURVE('',#5294,(#5298,#5305),.PCURVE_S1.);
#5294 = LINE('',#5295,#5296);
#5295 = CARTESIAN_POINT('',(12.7,0.,12.7));
#5296 = VECTOR('',#5297,1.);
#5297 = DIRECTION('',(0.,1.,0.));
#5298 = PCURVE('',#5177,#5299);
#5299 = DEFINITIONAL_REPRESENTATION('',(#5300),#5304);
#5300 = LINE('',#5301,#5302);
#5301 = CARTESIAN_POINT('',(0.,-12.7));
#5302 = VECTOR('',#5303,1.);
#5303 = DIRECTION('',(1.,0.));
#5304 = ( GEOMETRIC_REPRESENTATION_CONTEXT(2) 
PARAMETRIC_REPRESENTATION_CONTEXT() REPRESENTATION_CONTEXT('2D SPACE',''
  ) );
#5305 = PCURVE('',#4840,#5306);
#5306 = DEFINITIONAL_REPRESENTATION('',(#5307),#5311);
#5307 = LINE('',#5308,#5309);
#5308 = CARTESIAN_POINT('',(-117.0022833413,-85.67180987573));
#5309 = VECTOR('',#5310,1.);
#5310 = DIRECTION('',(1.,0.));
#5311 = ( GEOMETRIC_REPRESENTATION_CONTEXT(2) 
PARAMETRIC_REPRESENTATION_CONTEXT() REPRESENTATION_CONTEXT('2D SPACE',''
  ) );
#5312 = ORIENTED_EDGE('',*,*,#5313,.F.);
#5313 = EDGE_CURVE('',#5314,#5291,#5316,.T.);
#5314 = VERTEX_POINT('',#5315);
#5315 = CARTESIAN_POINT('',(0.,47.4726,12.7));
#5316 = SURFACE_CURVE('',#5317,(#5321,#5328),.PCURVE_S1.);
#5317 = LINE('',#5318,#5319);
#5318 = CARTESIAN_POINT('',(0.,47.4726,12.7));
#5319 = VECTOR('',#5320,1.);
#5320 = DIRECTION('',(1.,0.,0.));
#5321 = PCURVE('',#5177,#5322);
#5322 = DEFINITIONAL_REPRESENTATION('',(#5323),#5327);
#5323 = LINE('',#5324,#5325);
#5324 = CARTESIAN_POINT('',(47.4726,0.));
#5325 = VECTOR('',#5326,1.);
#5326 = DIRECTION('',(0.,-1.));
#5327 = ( GEOMETRIC_REPRESENTATION_CONTEXT(2) 
PARAMETRIC_REPRESENTATION_CONTEXT() REPRESENTATION_CONTEXT('2D SPACE',''
  ) );
#5328 = PCURVE('',#5329,#5334);
#5329 = PLANE('',#5330);
#5330 = AXIS2_PLACEMENT_3D('',#5331,#5332,#5333);
#5331 = CARTESIAN_POINT('',(0.,47.4726,12.7));
#5332 = DIRECTION('',(0.,-1.,0.));
#5333 = DIRECTION('',(0.,0.,1.));
#5334 = DEFINITIONAL_REPRESENTATION('',(#5335),#5339);
#5335 = LINE('',#5336,#5337);
#5336 = CARTESIAN_POINT('',(0.,0.));
#5337 = VECTOR('',#5338,1.);
#5338 = DIRECTION('',(0.,-1.));
#5339 = ( GEOMETRIC_REPRESENTATION_CONTEXT(2) 
PARAMETRIC_REPRESENTATION_CONTEXT() REPRESENTATION_CONTEXT('2D SPACE',''
  ) );
#5340 = ORIENTED_EDGE('',*,*,#5341,.F.);
#5341 = EDGE_CURVE('',#5162,#5314,#5342,.T.);
#5342 = SURFACE_CURVE('',#5343,(#5347,#5354),.PCURVE_S1.);
#5343 = LINE('',#5344,#5345);
#5344 = CARTESIAN_POINT('',(0.,0.,12.7));
#5345 = VECTOR('',#5346,1.);
#5346 = DIRECTION('',(0.,1.,0.));
#5347 = PCURVE('',#5177,#5348);
#5348 = DEFINITIONAL_REPRESENTATION('',(#5349),#5353);
#5349 = LINE('',#5350,#5351);
#5350 = CARTESIAN_POINT('',(0.,0.));
#5351 = VECTOR('',#5352,1.);
#5352 = DIRECTION('',(1.,0.));
#5353 = ( GEOMETRIC_REPRESENTATION_CONTEXT(2) 
PARAMETRIC_REPRESENTATION_CONTEXT() REPRESENTATION_CONTEXT('2D SPACE',''
  ) );
#5354 = PCURVE('',#4894,#5355);
#5355 = DEFINITIONAL_REPRESENTATION('',(#5356),#5360);
#5356 = LINE('',#5357,#5358);
#5357 = CARTESIAN_POINT('',(-117.0022833413,-85.67180987573));
#5358 = VECTOR('',#5359,1.);
#5359 = DIRECTION('',(1.,0.));
#5360 = ( GEOMETRIC_REPRESENTATION_CONTEXT(2) 
PARAMETRIC_REPRESENTATION_CONTEXT() REPRESENTATION_CONTEXT('2D SPACE',''
  ) );
#5361 = ADVANCED_FACE('',(#5362),#5253,.T.);
#5362 = FACE_BOUND('',#5363,.T.);
#5363 = EDGE_LOOP('',(#5364,#5365,#5388,#5416));
#5364 = ORIENTED_EDGE('',*,*,#5237,.T.);
#5365 = ORIENTED_EDGE('',*,*,#5366,.T.);
#5366 = EDGE_CURVE('',#5215,#5367,#5369,.T.);
#5367 = VERTEX_POINT('',#5368);
#5368 = CARTESIAN_POINT('',(12.7,221.60865,31.75));
#5369 = SURFACE_CURVE('',#5370,(#5374,#5381),.PCURVE_S1.);
#5370 = LINE('',#5371,#5372);
#5371 = CARTESIAN_POINT('',(12.7,215.9,31.75));
#5372 = VECTOR('',#5373,1.);
#5373 = DIRECTION('',(0.,1.,0.));
#5374 = PCURVE('',#5253,#5375);
#5375 = DEFINITIONAL_REPRESENTATION('',(#5376),#5380);
#5376 = LINE('',#5377,#5378);
#5377 = CARTESIAN_POINT('',(-3.3274,-12.7));
#5378 = VECTOR('',#5379,1.);
#5379 = DIRECTION('',(1.,0.));
#5380 = ( GEOMETRIC_REPRESENTATION_CONTEXT(2) 
PARAMETRIC_REPRESENTATION_CONTEXT() REPRESENTATION_CONTEXT('2D SPACE',''
  ) );
#5381 = PCURVE('',#4840,#5382);
#5382 = DEFINITIONAL_REPRESENTATION('',(#5383),#5387);
#5383 = LINE('',#5384,#5385);
#5384 = CARTESIAN_POINT('',(98.897716658616,-66.62180987573));
#5385 = VECTOR('',#5386,1.);
#5386 = DIRECTION('',(1.,0.));
#5387 = ( GEOMETRIC_REPRESENTATION_CONTEXT(2) 
PARAMETRIC_REPRESENTATION_CONTEXT() REPRESENTATION_CONTEXT('2D SPACE',''
  ) );
#5388 = ORIENTED_EDGE('',*,*,#5389,.F.);
#5389 = EDGE_CURVE('',#5390,#5367,#5392,.T.);
#5390 = VERTEX_POINT('',#5391);
#5391 = CARTESIAN_POINT('',(0.,221.60865,31.75));
#5392 = SURFACE_CURVE('',#5393,(#5397,#5404),.PCURVE_S1.);
#5393 = LINE('',#5394,#5395);
#5394 = CARTESIAN_POINT('',(0.,221.60865,31.75));
#5395 = VECTOR('',#5396,1.);
#5396 = DIRECTION('',(1.,0.,0.));
#5397 = PCURVE('',#5253,#5398);
#5398 = DEFINITIONAL_REPRESENTATION('',(#5399),#5403);
#5399 = LINE('',#5400,#5401);
#5400 = CARTESIAN_POINT('',(2.38125,0.));
#5401 = VECTOR('',#5402,1.);
#5402 = DIRECTION('',(0.,-1.));
#5403 = ( GEOMETRIC_REPRESENTATION_CONTEXT(2) 
PARAMETRIC_REPRESENTATION_CONTEXT() REPRESENTATION_CONTEXT('2D SPACE',''
  ) );
#5404 = PCURVE('',#5405,#5410);
#5405 = PLANE('',#5406);
#5406 = AXIS2_PLACEMENT_3D('',#5407,#5408,#5409);
#5407 = CARTESIAN_POINT('',(0.,221.60865,31.75));
#5408 = DIRECTION('',(0.,-1.,0.));
#5409 = DIRECTION('',(0.,0.,1.));
#5410 = DEFINITIONAL_REPRESENTATION('',(#5411),#5415);
#5411 = LINE('',#5412,#5413);
#5412 = CARTESIAN_POINT('',(0.,0.));
#5413 = VECTOR('',#5414,1.);
#5414 = DIRECTION('',(0.,-1.));
#5415 = ( GEOMETRIC_REPRESENTATION_CONTEXT(2) 
PARAMETRIC_REPRESENTATION_CONTEXT() REPRESENTATION_CONTEXT('2D SPACE',''
  ) );
#5416 = ORIENTED_EDGE('',*,*,#5417,.F.);
#5417 = EDGE_CURVE('',#5238,#5390,#5418,.T.);
#5418 = SURFACE_CURVE('',#5419,(#5423,#5430),.PCURVE_S1.);
#5419 = LINE('',#5420,#5421);
#5420 = CARTESIAN_POINT('',(0.,215.9,31.75));
#5421 = VECTOR('',#5422,1.);
#5422 = DIRECTION('',(0.,1.,0.));
#5423 = PCURVE('',#5253,#5424);
#5424 = DEFINITIONAL_REPRESENTATION('',(#5425),#5429);
#5425 = LINE('',#5426,#5427);
#5426 = CARTESIAN_POINT('',(-3.3274,0.));
#5427 = VECTOR('',#5428,1.);
#5428 = DIRECTION('',(1.,0.));
#5429 = ( GEOMETRIC_REPRESENTATION_CONTEXT(2) 
PARAMETRIC_REPRESENTATION_CONTEXT() REPRESENTATION_CONTEXT('2D SPACE',''
  ) );
#5430 = PCURVE('',#4894,#5431);
#5431 = DEFINITIONAL_REPRESENTATION('',(#5432),#5436);
#5432 = LINE('',#5433,#5434);
#5433 = CARTESIAN_POINT('',(98.897716658616,-66.62180987573));
#5434 = VECTOR('',#5435,1.);
#5435 = DIRECTION('',(1.,0.));
#5436 = ( GEOMETRIC_REPRESENTATION_CONTEXT(2) 
PARAMETRIC_REPRESENTATION_CONTEXT() REPRESENTATION_CONTEXT('2D SPACE',''
  ) );
#5437 = ADVANCED_FACE('',(#5438),#5329,.F.);
#5438 = FACE_BOUND('',#5439,.F.);
#5439 = EDGE_LOOP('',(#5440,#5441,#5464,#5492));
#5440 = ORIENTED_EDGE('',*,*,#5313,.T.);
#5441 = ORIENTED_EDGE('',*,*,#5442,.T.);
#5442 = EDGE_CURVE('',#5291,#5443,#5445,.T.);
#5443 = VERTEX_POINT('',#5444);
#5444 = CARTESIAN_POINT('',(12.7,47.4726,31.75));
#5445 = SURFACE_CURVE('',#5446,(#5450,#5457),.PCURVE_S1.);
#5446 = LINE('',#5447,#5448);
#5447 = CARTESIAN_POINT('',(12.7,47.4726,32.54375));
#5448 = VECTOR('',#5449,1.);
#5449 = DIRECTION('',(0.,0.,1.));
#5450 = PCURVE('',#5329,#5451);
#5451 = DEFINITIONAL_REPRESENTATION('',(#5452),#5456);
#5452 = LINE('',#5453,#5454);
#5453 = CARTESIAN_POINT('',(19.84375,-12.7));
#5454 = VECTOR('',#5455,1.);
#5455 = DIRECTION('',(1.,0.));
#5456 = ( GEOMETRIC_REPRESENTATION_CONTEXT(2) 
PARAMETRIC_REPRESENTATION_CONTEXT() REPRESENTATION_CONTEXT('2D SPACE',''
  ) );
#5457 = PCURVE('',#4840,#5458);
#5458 = DEFINITIONAL_REPRESENTATION('',(#5459),#5463);
#5459 = LINE('',#5460,#5461);
#5460 = CARTESIAN_POINT('',(-69.52968334138,-65.82805987573));
#5461 = VECTOR('',#5462,1.);
#5462 = DIRECTION('',(0.,1.));
#5463 = ( GEOMETRIC_REPRESENTATION_CONTEXT(2) 
PARAMETRIC_REPRESENTATION_CONTEXT() REPRESENTATION_CONTEXT('2D SPACE',''
  ) );
#5464 = ORIENTED_EDGE('',*,*,#5465,.F.);
#5465 = EDGE_CURVE('',#5466,#5443,#5468,.T.);
#5466 = VERTEX_POINT('',#5467);
#5467 = CARTESIAN_POINT('',(0.,47.4726,31.75));
#5468 = SURFACE_CURVE('',#5469,(#5473,#5480),.PCURVE_S1.);
#5469 = LINE('',#5470,#5471);
#5470 = CARTESIAN_POINT('',(0.,47.4726,31.75));
#5471 = VECTOR('',#5472,1.);
#5472 = DIRECTION('',(1.,0.,0.));
#5473 = PCURVE('',#5329,#5474);
#5474 = DEFINITIONAL_REPRESENTATION('',(#5475),#5479);
#5475 = LINE('',#5476,#5477);
#5476 = CARTESIAN_POINT('',(19.05,0.));
#5477 = VECTOR('',#5478,1.);
#5478 = DIRECTION('',(0.,-1.));
#5479 = ( GEOMETRIC_REPRESENTATION_CONTEXT(2) 
PARAMETRIC_REPRESENTATION_CONTEXT() REPRESENTATION_CONTEXT('2D SPACE',''
  ) );
#5480 = PCURVE('',#5481,#5486);
#5481 = PLANE('',#5482);
#5482 = AXIS2_PLACEMENT_3D('',#5483,#5484,#5485);
#5483 = CARTESIAN_POINT('',(0.,45.09135,31.75));
#5484 = DIRECTION('',(0.,0.,1.));
#5485 = DIRECTION('',(0.,1.,0.));
#5486 = DEFINITIONAL_REPRESENTATION('',(#5487),#5491);
#5487 = LINE('',#5488,#5489);
#5488 = CARTESIAN_POINT('',(2.38125,0.));
#5489 = VECTOR('',#5490,1.);
#5490 = DIRECTION('',(0.,-1.));
#5491 = ( GEOMETRIC_REPRESENTATION_CONTEXT(2) 
PARAMETRIC_REPRESENTATION_CONTEXT() REPRESENTATION_CONTEXT('2D SPACE',''
  ) );
#5492 = ORIENTED_EDGE('',*,*,#5493,.F.);
#5493 = EDGE_CURVE('',#5314,#5466,#5494,.T.);
#5494 = SURFACE_CURVE('',#5495,(#5499,#5506),.PCURVE_S1.);
#5495 = LINE('',#5496,#5497);
#5496 = CARTESIAN_POINT('',(0.,47.4726,32.54375));
#5497 = VECTOR('',#5498,1.);
#5498 = DIRECTION('',(0.,0.,1.));
#5499 = PCURVE('',#5329,#5500);
#5500 = DEFINITIONAL_REPRESENTATION('',(#5501),#5505);
#5501 = LINE('',#5502,#5503);
#5502 = CARTESIAN_POINT('',(19.84375,0.));
#5503 = VECTOR('',#5504,1.);
#5504 = DIRECTION('',(1.,0.));
#5505 = ( GEOMETRIC_REPRESENTATION_CONTEXT(2) 
PARAMETRIC_REPRESENTATION_CONTEXT() REPRESENTATION_CONTEXT('2D SPACE',''
  ) );
#5506 = PCURVE('',#4894,#5507);
#5507 = DEFINITIONAL_REPRESENTATION('',(#5508),#5512);
#5508 = LINE('',#5509,#5510);
#5509 = CARTESIAN_POINT('',(-69.52968334138,-65.82805987573));
#5510 = VECTOR('',#5511,1.);
#5511 = DIRECTION('',(0.,1.));
#5512 = ( GEOMETRIC_REPRESENTATION_CONTEXT(2) 
PARAMETRIC_REPRESENTATION_CONTEXT() REPRESENTATION_CONTEXT('2D SPACE',''
  ) );
#5513 = ADVANCED_FACE('',(#5514),#5405,.T.);
#5514 = FACE_BOUND('',#5515,.T.);
#5515 = EDGE_LOOP('',(#5516,#5517,#5540,#5568));
#5516 = ORIENTED_EDGE('',*,*,#5389,.T.);
#5517 = ORIENTED_EDGE('',*,*,#5518,.T.);
#5518 = EDGE_CURVE('',#5367,#5519,#5521,.T.);
#5519 = VERTEX_POINT('',#5520);
#5520 = CARTESIAN_POINT('',(12.7,221.60865,37.6174));
#5521 = SURFACE_CURVE('',#5522,(#5526,#5533),.PCURVE_S1.);
#5522 = LINE('',#5523,#5524);
#5523 = CARTESIAN_POINT('',(12.7,221.60865,34.6837));
#5524 = VECTOR('',#5525,1.);
#5525 = DIRECTION('',(0.,0.,1.));
#5526 = PCURVE('',#5405,#5527);
#5527 = DEFINITIONAL_REPRESENTATION('',(#5528),#5532);
#5528 = LINE('',#5529,#5530);
#5529 = CARTESIAN_POINT('',(2.9337,-12.7));
#5530 = VECTOR('',#5531,1.);
#5531 = DIRECTION('',(1.,0.));
#5532 = ( GEOMETRIC_REPRESENTATION_CONTEXT(2) 
PARAMETRIC_REPRESENTATION_CONTEXT() REPRESENTATION_CONTEXT('2D SPACE',''
  ) );
#5533 = PCURVE('',#4840,#5534);
#5534 = DEFINITIONAL_REPRESENTATION('',(#5535),#5539);
#5535 = LINE('',#5536,#5537);
#5536 = CARTESIAN_POINT('',(104.60636665861,-63.68810987573));
#5537 = VECTOR('',#5538,1.);
#5538 = DIRECTION('',(0.,1.));
#5539 = ( GEOMETRIC_REPRESENTATION_CONTEXT(2) 
PARAMETRIC_REPRESENTATION_CONTEXT() REPRESENTATION_CONTEXT('2D SPACE',''
  ) );
#5540 = ORIENTED_EDGE('',*,*,#5541,.F.);
#5541 = EDGE_CURVE('',#5542,#5519,#5544,.T.);
#5542 = VERTEX_POINT('',#5543);
#5543 = CARTESIAN_POINT('',(0.,221.60865,37.6174));
#5544 = SURFACE_CURVE('',#5545,(#5549,#5556),.PCURVE_S1.);
#5545 = LINE('',#5546,#5547);
#5546 = CARTESIAN_POINT('',(0.,221.60865,37.6174));
#5547 = VECTOR('',#5548,1.);
#5548 = DIRECTION('',(1.,0.,0.));
#5549 = PCURVE('',#5405,#5550);
#5550 = DEFINITIONAL_REPRESENTATION('',(#5551),#5555);
#5551 = LINE('',#5552,#5553);
#5552 = CARTESIAN_POINT('',(5.8674,0.));
#5553 = VECTOR('',#5554,1.);
#5554 = DIRECTION('',(0.,-1.));
#5555 = ( GEOMETRIC_REPRESENTATION_CONTEXT(2) 
PARAMETRIC_REPRESENTATION_CONTEXT() REPRESENTATION_CONTEXT('2D SPACE',''
  ) );
#5556 = PCURVE('',#5557,#5562);
#5557 = PLANE('',#5558);
#5558 = AXIS2_PLACEMENT_3D('',#5559,#5560,#5561);
#5559 = CARTESIAN_POINT('',(0.,219.2274,37.6174));
#5560 = DIRECTION('',(0.,0.,1.));
#5561 = DIRECTION('',(0.,1.,0.));
#5562 = DEFINITIONAL_REPRESENTATION('',(#5563),#5567);
#5563 = LINE('',#5564,#5565);
#5564 = CARTESIAN_POINT('',(2.38125,0.));
#5565 = VECTOR('',#5566,1.);
#5566 = DIRECTION('',(0.,-1.));
#5567 = ( GEOMETRIC_REPRESENTATION_CONTEXT(2) 
PARAMETRIC_REPRESENTATION_CONTEXT() REPRESENTATION_CONTEXT('2D SPACE',''
  ) );
#5568 = ORIENTED_EDGE('',*,*,#5569,.F.);
#5569 = EDGE_CURVE('',#5390,#5542,#5570,.T.);
#5570 = SURFACE_CURVE('',#5571,(#5575,#5582),.PCURVE_S1.);
#5571 = LINE('',#5572,#5573);
#5572 = CARTESIAN_POINT('',(0.,221.60865,34.6837));
#5573 = VECTOR('',#5574,1.);
#5574 = DIRECTION('',(0.,0.,1.));
#5575 = PCURVE('',#5405,#5576);
#5576 = DEFINITIONAL_REPRESENTATION('',(#5577),#5581);
#5577 = LINE('',#5578,#5579);
#5578 = CARTESIAN_POINT('',(2.9337,0.));
#5579 = VECTOR('',#5580,1.);
#5580 = DIRECTION('',(1.,0.));
#5581 = ( GEOMETRIC_REPRESENTATION_CONTEXT(2) 
PARAMETRIC_REPRESENTATION_CONTEXT() REPRESENTATION_CONTEXT('2D SPACE',''
  ) );
#5582 = PCURVE('',#4894,#5583);
#5583 = DEFINITIONAL_REPRESENTATION('',(#5584),#5588);
#5584 = LINE('',#5585,#5586);
#5585 = CARTESIAN_POINT('',(104.60636665861,-63.68810987573));
#5586 = VECTOR('',#5587,1.);
#5587 = DIRECTION('',(0.,1.));
#5588 = ( GEOMETRIC_REPRESENTATION_CONTEXT(2) 
PARAMETRIC_REPRESENTATION_CONTEXT() REPRESENTATION_CONTEXT('2D SPACE',''
  ) );
#5589 = ADVANCED_FACE('',(#5590),#5481,.T.);
#5590 = FACE_BOUND('',#5591,.T.);
#5591 = EDGE_LOOP('',(#5592,#5622,#5643,#5644));
#5592 = ORIENTED_EDGE('',*,*,#5593,.T.);
#5593 = EDGE_CURVE('',#5594,#5596,#5598,.T.);
#5594 = VERTEX_POINT('',#5595);
#5595 = CARTESIAN_POINT('',(0.,45.09135,31.75));
#5596 = VERTEX_POINT('',#5597);
#5597 = CARTESIAN_POINT('',(12.7,45.09135,31.75));
#5598 = SURFACE_CURVE('',#5599,(#5603,#5610),.PCURVE_S1.);
#5599 = LINE('',#5600,#5601);
#5600 = CARTESIAN_POINT('',(0.,45.09135,31.75));
#5601 = VECTOR('',#5602,1.);
#5602 = DIRECTION('',(1.,0.,0.));
#5603 = PCURVE('',#5481,#5604);
#5604 = DEFINITIONAL_REPRESENTATION('',(#5605),#5609);
#5605 = LINE('',#5606,#5607);
#5606 = CARTESIAN_POINT('',(0.,0.));
#5607 = VECTOR('',#5608,1.);
#5608 = DIRECTION('',(0.,-1.));
#5609 = ( GEOMETRIC_REPRESENTATION_CONTEXT(2) 
PARAMETRIC_REPRESENTATION_CONTEXT() REPRESENTATION_CONTEXT('2D SPACE',''
  ) );
#5610 = PCURVE('',#5611,#5616);
#5611 = PLANE('',#5612);
#5612 = AXIS2_PLACEMENT_3D('',#5613,#5614,#5615);
#5613 = CARTESIAN_POINT('',(0.,45.09135,31.75));
#5614 = DIRECTION('',(0.,-1.,0.));
#5615 = DIRECTION('',(0.,0.,1.));
#5616 = DEFINITIONAL_REPRESENTATION('',(#5617),#5621);
#5617 = LINE('',#5618,#5619);
#5618 = CARTESIAN_POINT('',(0.,0.));
#5619 = VECTOR('',#5620,1.);
#5620 = DIRECTION('',(0.,-1.));
#5621 = ( GEOMETRIC_REPRESENTATION_CONTEXT(2) 
PARAMETRIC_REPRESENTATION_CONTEXT() REPRESENTATION_CONTEXT('2D SPACE',''
  ) );
#5622 = ORIENTED_EDGE('',*,*,#5623,.T.);
#5623 = EDGE_CURVE('',#5596,#5443,#5624,.T.);
#5624 = SURFACE_CURVE('',#5625,(#5629,#5636),.PCURVE_S1.);
#5625 = LINE('',#5626,#5627);
#5626 = CARTESIAN_POINT('',(12.7,50.8,31.75));
#5627 = VECTOR('',#5628,1.);
#5628 = DIRECTION('',(0.,1.,0.));
#5629 = PCURVE('',#5481,#5630);
#5630 = DEFINITIONAL_REPRESENTATION('',(#5631),#5635);
#5631 = LINE('',#5632,#5633);
#5632 = CARTESIAN_POINT('',(5.70865,-12.7));
#5633 = VECTOR('',#5634,1.);
#5634 = DIRECTION('',(1.,0.));
#5635 = ( GEOMETRIC_REPRESENTATION_CONTEXT(2) 
PARAMETRIC_REPRESENTATION_CONTEXT() REPRESENTATION_CONTEXT('2D SPACE',''
  ) );
#5636 = PCURVE('',#4840,#5637);
#5637 = DEFINITIONAL_REPRESENTATION('',(#5638),#5642);
#5638 = LINE('',#5639,#5640);
#5639 = CARTESIAN_POINT('',(-66.20228334138,-66.62180987573));
#5640 = VECTOR('',#5641,1.);
#5641 = DIRECTION('',(1.,0.));
#5642 = ( GEOMETRIC_REPRESENTATION_CONTEXT(2) 
PARAMETRIC_REPRESENTATION_CONTEXT() REPRESENTATION_CONTEXT('2D SPACE',''
  ) );
#5643 = ORIENTED_EDGE('',*,*,#5465,.F.);
#5644 = ORIENTED_EDGE('',*,*,#5645,.F.);
#5645 = EDGE_CURVE('',#5594,#5466,#5646,.T.);
#5646 = SURFACE_CURVE('',#5647,(#5651,#5658),.PCURVE_S1.);
#5647 = LINE('',#5648,#5649);
#5648 = CARTESIAN_POINT('',(0.,50.8,31.75));
#5649 = VECTOR('',#5650,1.);
#5650 = DIRECTION('',(0.,1.,0.));
#5651 = PCURVE('',#5481,#5652);
#5652 = DEFINITIONAL_REPRESENTATION('',(#5653),#5657);
#5653 = LINE('',#5654,#5655);
#5654 = CARTESIAN_POINT('',(5.70865,0.));
#5655 = VECTOR('',#5656,1.);
#5656 = DIRECTION('',(1.,0.));
#5657 = ( GEOMETRIC_REPRESENTATION_CONTEXT(2) 
PARAMETRIC_REPRESENTATION_CONTEXT() REPRESENTATION_CONTEXT('2D SPACE',''
  ) );
#5658 = PCURVE('',#4894,#5659);
#5659 = DEFINITIONAL_REPRESENTATION('',(#5660),#5664);
#5660 = LINE('',#5661,#5662);
#5661 = CARTESIAN_POINT('',(-66.20228334138,-66.62180987573));
#5662 = VECTOR('',#5663,1.);
#5663 = DIRECTION('',(1.,0.));
#5664 = ( GEOMETRIC_REPRESENTATION_CONTEXT(2) 
PARAMETRIC_REPRESENTATION_CONTEXT() REPRESENTATION_CONTEXT('2D SPACE',''
  ) );
#5665 = ADVANCED_FACE('',(#5666),#5557,.F.);
#5666 = FACE_BOUND('',#5667,.F.);
#5667 = EDGE_LOOP('',(#5668,#5698,#5719,#5720));
#5668 = ORIENTED_EDGE('',*,*,#5669,.T.);
#5669 = EDGE_CURVE('',#5670,#5672,#5674,.T.);
#5670 = VERTEX_POINT('',#5671);
#5671 = CARTESIAN_POINT('',(0.,219.2274,37.6174));
#5672 = VERTEX_POINT('',#5673);
#5673 = CARTESIAN_POINT('',(12.7,219.2274,37.6174));
#5674 = SURFACE_CURVE('',#5675,(#5679,#5686),.PCURVE_S1.);
#5675 = LINE('',#5676,#5677);
#5676 = CARTESIAN_POINT('',(0.,219.2274,37.6174));
#5677 = VECTOR('',#5678,1.);
#5678 = DIRECTION('',(1.,0.,0.));
#5679 = PCURVE('',#5557,#5680);
#5680 = DEFINITIONAL_REPRESENTATION('',(#5681),#5685);
#5681 = LINE('',#5682,#5683);
#5682 = CARTESIAN_POINT('',(0.,0.));
#5683 = VECTOR('',#5684,1.);
#5684 = DIRECTION('',(0.,-1.));
#5685 = ( GEOMETRIC_REPRESENTATION_CONTEXT(2) 
PARAMETRIC_REPRESENTATION_CONTEXT() REPRESENTATION_CONTEXT('2D SPACE',''
  ) );
#5686 = PCURVE('',#5687,#5692);
#5687 = PLANE('',#5688);
#5688 = AXIS2_PLACEMENT_3D('',#5689,#5690,#5691);
#5689 = CARTESIAN_POINT('',(0.,219.2274,37.6174));
#5690 = DIRECTION('',(0.,-1.,0.));
#5691 = DIRECTION('',(0.,0.,1.));
#5692 = DEFINITIONAL_REPRESENTATION('',(#5693),#5697);
#5693 = LINE('',#5694,#5695);
#5694 = CARTESIAN_POINT('',(0.,0.));
#5695 = VECTOR('',#5696,1.);
#5696 = DIRECTION('',(0.,-1.));
#5697 = ( GEOMETRIC_REPRESENTATION_CONTEXT(2) 
PARAMETRIC_REPRESENTATION_CONTEXT() REPRESENTATION_CONTEXT('2D SPACE',''
  ) );
#5698 = ORIENTED_EDGE('',*,*,#5699,.T.);
#5699 = EDGE_CURVE('',#5672,#5519,#5700,.T.);
#5700 = SURFACE_CURVE('',#5701,(#5705,#5712),.PCURVE_S1.);
#5701 = LINE('',#5702,#5703);
#5702 = CARTESIAN_POINT('',(12.7,215.9,37.6174));
#5703 = VECTOR('',#5704,1.);
#5704 = DIRECTION('',(0.,1.,0.));
#5705 = PCURVE('',#5557,#5706);
#5706 = DEFINITIONAL_REPRESENTATION('',(#5707),#5711);
#5707 = LINE('',#5708,#5709);
#5708 = CARTESIAN_POINT('',(-3.3274,-12.7));
#5709 = VECTOR('',#5710,1.);
#5710 = DIRECTION('',(1.,0.));
#5711 = ( GEOMETRIC_REPRESENTATION_CONTEXT(2) 
PARAMETRIC_REPRESENTATION_CONTEXT() REPRESENTATION_CONTEXT('2D SPACE',''
  ) );
#5712 = PCURVE('',#4840,#5713);
#5713 = DEFINITIONAL_REPRESENTATION('',(#5714),#5718);
#5714 = LINE('',#5715,#5716);
#5715 = CARTESIAN_POINT('',(98.897716658616,-60.75440987573));
#5716 = VECTOR('',#5717,1.);
#5717 = DIRECTION('',(1.,0.));
#5718 = ( GEOMETRIC_REPRESENTATION_CONTEXT(2) 
PARAMETRIC_REPRESENTATION_CONTEXT() REPRESENTATION_CONTEXT('2D SPACE',''
  ) );
#5719 = ORIENTED_EDGE('',*,*,#5541,.F.);
#5720 = ORIENTED_EDGE('',*,*,#5721,.F.);
#5721 = EDGE_CURVE('',#5670,#5542,#5722,.T.);
#5722 = SURFACE_CURVE('',#5723,(#5727,#5734),.PCURVE_S1.);
#5723 = LINE('',#5724,#5725);
#5724 = CARTESIAN_POINT('',(0.,215.9,37.6174));
#5725 = VECTOR('',#5726,1.);
#5726 = DIRECTION('',(0.,1.,0.));
#5727 = PCURVE('',#5557,#5728);
#5728 = DEFINITIONAL_REPRESENTATION('',(#5729),#5733);
#5729 = LINE('',#5730,#5731);
#5730 = CARTESIAN_POINT('',(-3.3274,0.));
#5731 = VECTOR('',#5732,1.);
#5732 = DIRECTION('',(1.,0.));
#5733 = ( GEOMETRIC_REPRESENTATION_CONTEXT(2) 
PARAMETRIC_REPRESENTATION_CONTEXT() REPRESENTATION_CONTEXT('2D SPACE',''
  ) );
#5734 = PCURVE('',#4894,#5735);
#5735 = DEFINITIONAL_REPRESENTATION('',(#5736),#5740);
#5736 = LINE('',#5737,#5738);
#5737 = CARTESIAN_POINT('',(98.897716658616,-60.75440987573));
#5738 = VECTOR('',#5739,1.);
#5739 = DIRECTION('',(1.,0.));
#5740 = ( GEOMETRIC_REPRESENTATION_CONTEXT(2) 
PARAMETRIC_REPRESENTATION_CONTEXT() REPRESENTATION_CONTEXT('2D SPACE',''
  ) );
#5741 = ADVANCED_FACE('',(#5742),#5611,.F.);
#5742 = FACE_BOUND('',#5743,.F.);
#5743 = EDGE_LOOP('',(#5744,#5745,#5768,#5796));
#5744 = ORIENTED_EDGE('',*,*,#5593,.T.);
#5745 = ORIENTED_EDGE('',*,*,#5746,.T.);
#5746 = EDGE_CURVE('',#5596,#5747,#5749,.T.);
#5747 = VERTEX_POINT('',#5748);
#5748 = CARTESIAN_POINT('',(12.7,45.09135,37.6174));
#5749 = SURFACE_CURVE('',#5750,(#5754,#5761),.PCURVE_S1.);
#5750 = LINE('',#5751,#5752);
#5751 = CARTESIAN_POINT('',(12.7,45.09135,34.6837));
#5752 = VECTOR('',#5753,1.);
#5753 = DIRECTION('',(0.,0.,1.));
#5754 = PCURVE('',#5611,#5755);
#5755 = DEFINITIONAL_REPRESENTATION('',(#5756),#5760);
#5756 = LINE('',#5757,#5758);
#5757 = CARTESIAN_POINT('',(2.9337,-12.7));
#5758 = VECTOR('',#5759,1.);
#5759 = DIRECTION('',(1.,0.));
#5760 = ( GEOMETRIC_REPRESENTATION_CONTEXT(2) 
PARAMETRIC_REPRESENTATION_CONTEXT() REPRESENTATION_CONTEXT('2D SPACE',''
  ) );
#5761 = PCURVE('',#4840,#5762);
#5762 = DEFINITIONAL_REPRESENTATION('',(#5763),#5767);
#5763 = LINE('',#5764,#5765);
#5764 = CARTESIAN_POINT('',(-71.91093334138,-63.68810987573));
#5765 = VECTOR('',#5766,1.);
#5766 = DIRECTION('',(0.,1.));
#5767 = ( GEOMETRIC_REPRESENTATION_CONTEXT(2) 
PARAMETRIC_REPRESENTATION_CONTEXT() REPRESENTATION_CONTEXT('2D SPACE',''
  ) );
#5768 = ORIENTED_EDGE('',*,*,#5769,.F.);
#5769 = EDGE_CURVE('',#5770,#5747,#5772,.T.);
#5770 = VERTEX_POINT('',#5771);
#5771 = CARTESIAN_POINT('',(0.,45.09135,37.6174));
#5772 = SURFACE_CURVE('',#5773,(#5777,#5784),.PCURVE_S1.);
#5773 = LINE('',#5774,#5775);
#5774 = CARTESIAN_POINT('',(0.,45.09135,37.6174));
#5775 = VECTOR('',#5776,1.);
#5776 = DIRECTION('',(1.,0.,0.));
#5777 = PCURVE('',#5611,#5778);
#5778 = DEFINITIONAL_REPRESENTATION('',(#5779),#5783);
#5779 = LINE('',#5780,#5781);
#5780 = CARTESIAN_POINT('',(5.8674,0.));
#5781 = VECTOR('',#5782,1.);
#5782 = DIRECTION('',(0.,-1.));
#5783 = ( GEOMETRIC_REPRESENTATION_CONTEXT(2) 
PARAMETRIC_REPRESENTATION_CONTEXT() REPRESENTATION_CONTEXT('2D SPACE',''
  ) );
#5784 = PCURVE('',#5785,#5790);
#5785 = PLANE('',#5786);
#5786 = AXIS2_PLACEMENT_3D('',#5787,#5788,#5789);
#5787 = CARTESIAN_POINT('',(0.,45.09135,37.6174));
#5788 = DIRECTION('',(0.,0.,1.));
#5789 = DIRECTION('',(0.,1.,0.));
#5790 = DEFINITIONAL_REPRESENTATION('',(#5791),#5795);
#5791 = LINE('',#5792,#5793);
#5792 = CARTESIAN_POINT('',(0.,0.));
#5793 = VECTOR('',#5794,1.);
#5794 = DIRECTION('',(0.,-1.));
#5795 = ( GEOMETRIC_REPRESENTATION_CONTEXT(2) 
PARAMETRIC_REPRESENTATION_CONTEXT() REPRESENTATION_CONTEXT('2D SPACE',''
  ) );
#5796 = ORIENTED_EDGE('',*,*,#5797,.F.);
#5797 = EDGE_CURVE('',#5594,#5770,#5798,.T.);
#5798 = SURFACE_CURVE('',#5799,(#5803,#5810),.PCURVE_S1.);
#5799 = LINE('',#5800,#5801);
#5800 = CARTESIAN_POINT('',(0.,45.09135,34.6837));
#5801 = VECTOR('',#5802,1.);
#5802 = DIRECTION('',(0.,0.,1.));
#5803 = PCURVE('',#5611,#5804);
#5804 = DEFINITIONAL_REPRESENTATION('',(#5805),#5809);
#5805 = LINE('',#5806,#5807);
#5806 = CARTESIAN_POINT('',(2.9337,0.));
#5807 = VECTOR('',#5808,1.);
#5808 = DIRECTION('',(1.,0.));
#5809 = ( GEOMETRIC_REPRESENTATION_CONTEXT(2) 
PARAMETRIC_REPRESENTATION_CONTEXT() REPRESENTATION_CONTEXT('2D SPACE',''
  ) );
#5810 = PCURVE('',#4894,#5811);
#5811 = DEFINITIONAL_REPRESENTATION('',(#5812),#5816);
#5812 = LINE('',#5813,#5814);
#5813 = CARTESIAN_POINT('',(-71.91093334138,-63.68810987573));
#5814 = VECTOR('',#5815,1.);
#5815 = DIRECTION('',(0.,1.));
#5816 = ( GEOMETRIC_REPRESENTATION_CONTEXT(2) 
PARAMETRIC_REPRESENTATION_CONTEXT() REPRESENTATION_CONTEXT('2D SPACE',''
  ) );
#5817 = ADVANCED_FACE('',(#5818),#5687,.T.);
#5818 = FACE_BOUND('',#5819,.T.);
#5819 = EDGE_LOOP('',(#5820,#5821,#5844,#5872));
#5820 = ORIENTED_EDGE('',*,*,#5669,.T.);
#5821 = ORIENTED_EDGE('',*,*,#5822,.T.);
#5822 = EDGE_CURVE('',#5672,#5823,#5825,.T.);
#5823 = VERTEX_POINT('',#5824);
#5824 = CARTESIAN_POINT('',(12.7,219.2274,52.3875));
#5825 = SURFACE_CURVE('',#5826,(#5830,#5837),.PCURVE_S1.);
#5826 = LINE('',#5827,#5828);
#5827 = CARTESIAN_POINT('',(12.7,219.2274,32.54375));
#5828 = VECTOR('',#5829,1.);
#5829 = DIRECTION('',(0.,0.,1.));
#5830 = PCURVE('',#5687,#5831);
#5831 = DEFINITIONAL_REPRESENTATION('',(#5832),#5836);
#5832 = LINE('',#5833,#5834);
#5833 = CARTESIAN_POINT('',(-5.07365,-12.7));
#5834 = VECTOR('',#5835,1.);
#5835 = DIRECTION('',(1.,0.));
#5836 = ( GEOMETRIC_REPRESENTATION_CONTEXT(2) 
PARAMETRIC_REPRESENTATION_CONTEXT() REPRESENTATION_CONTEXT('2D SPACE',''
  ) );
#5837 = PCURVE('',#4840,#5838);
#5838 = DEFINITIONAL_REPRESENTATION('',(#5839),#5843);
#5839 = LINE('',#5840,#5841);
#5840 = CARTESIAN_POINT('',(102.22511665861,-65.82805987573));
#5841 = VECTOR('',#5842,1.);
#5842 = DIRECTION('',(0.,1.));
#5843 = ( GEOMETRIC_REPRESENTATION_CONTEXT(2) 
PARAMETRIC_REPRESENTATION_CONTEXT() REPRESENTATION_CONTEXT('2D SPACE',''
  ) );
#5844 = ORIENTED_EDGE('',*,*,#5845,.F.);
#5845 = EDGE_CURVE('',#5846,#5823,#5848,.T.);
#5846 = VERTEX_POINT('',#5847);
#5847 = CARTESIAN_POINT('',(0.,219.2274,52.3875));
#5848 = SURFACE_CURVE('',#5849,(#5853,#5860),.PCURVE_S1.);
#5849 = LINE('',#5850,#5851);
#5850 = CARTESIAN_POINT('',(0.,219.2274,52.3875));
#5851 = VECTOR('',#5852,1.);
#5852 = DIRECTION('',(1.,0.,0.));
#5853 = PCURVE('',#5687,#5854);
#5854 = DEFINITIONAL_REPRESENTATION('',(#5855),#5859);
#5855 = LINE('',#5856,#5857);
#5856 = CARTESIAN_POINT('',(14.7701,0.));
#5857 = VECTOR('',#5858,1.);
#5858 = DIRECTION('',(0.,-1.));
#5859 = ( GEOMETRIC_REPRESENTATION_CONTEXT(2) 
PARAMETRIC_REPRESENTATION_CONTEXT() REPRESENTATION_CONTEXT('2D SPACE',''
  ) );
#5860 = PCURVE('',#5861,#5866);
#5861 = PLANE('',#5862);
#5862 = AXIS2_PLACEMENT_3D('',#5863,#5864,#5865);
#5863 = CARTESIAN_POINT('',(0.,212.5726,52.3875));
#5864 = DIRECTION('',(0.,0.,1.));
#5865 = DIRECTION('',(0.,1.,0.));
#5866 = DEFINITIONAL_REPRESENTATION('',(#5867),#5871);
#5867 = LINE('',#5868,#5869);
#5868 = CARTESIAN_POINT('',(6.6548,0.));
#5869 = VECTOR('',#5870,1.);
#5870 = DIRECTION('',(0.,-1.));
#5871 = ( GEOMETRIC_REPRESENTATION_CONTEXT(2) 
PARAMETRIC_REPRESENTATION_CONTEXT() REPRESENTATION_CONTEXT('2D SPACE',''
  ) );
#5872 = ORIENTED_EDGE('',*,*,#5873,.F.);
#5873 = EDGE_CURVE('',#5670,#5846,#5874,.T.);
#5874 = SURFACE_CURVE('',#5875,(#5879,#5886),.PCURVE_S1.);
#5875 = LINE('',#5876,#5877);
#5876 = CARTESIAN_POINT('',(0.,219.2274,32.54375));
#5877 = VECTOR('',#5878,1.);
#5878 = DIRECTION('',(0.,0.,1.));
#5879 = PCURVE('',#5687,#5880);
#5880 = DEFINITIONAL_REPRESENTATION('',(#5881),#5885);
#5881 = LINE('',#5882,#5883);
#5882 = CARTESIAN_POINT('',(-5.07365,0.));
#5883 = VECTOR('',#5884,1.);
#5884 = DIRECTION('',(1.,0.));
#5885 = ( GEOMETRIC_REPRESENTATION_CONTEXT(2) 
PARAMETRIC_REPRESENTATION_CONTEXT() REPRESENTATION_CONTEXT('2D SPACE',''
  ) );
#5886 = PCURVE('',#4894,#5887);
#5887 = DEFINITIONAL_REPRESENTATION('',(#5888),#5892);
#5888 = LINE('',#5889,#5890);
#5889 = CARTESIAN_POINT('',(102.22511665861,-65.82805987573));
#5890 = VECTOR('',#5891,1.);
#5891 = DIRECTION('',(0.,1.));
#5892 = ( GEOMETRIC_REPRESENTATION_CONTEXT(2) 
PARAMETRIC_REPRESENTATION_CONTEXT() REPRESENTATION_CONTEXT('2D SPACE',''
  ) );
#5893 = ADVANCED_FACE('',(#5894),#5785,.F.);
#5894 = FACE_BOUND('',#5895,.F.);
#5895 = EDGE_LOOP('',(#5896,#5897,#5920,#5948));
#5896 = ORIENTED_EDGE('',*,*,#5769,.T.);
#5897 = ORIENTED_EDGE('',*,*,#5898,.T.);
#5898 = EDGE_CURVE('',#5747,#5899,#5901,.T.);
#5899 = VERTEX_POINT('',#5900);
#5900 = CARTESIAN_POINT('',(12.7,47.4726,37.6174));
#5901 = SURFACE_CURVE('',#5902,(#5906,#5913),.PCURVE_S1.);
#5902 = LINE('',#5903,#5904);
#5903 = CARTESIAN_POINT('',(12.7,50.8,37.6174));
#5904 = VECTOR('',#5905,1.);
#5905 = DIRECTION('',(0.,1.,0.));
#5906 = PCURVE('',#5785,#5907);
#5907 = DEFINITIONAL_REPRESENTATION('',(#5908),#5912);
#5908 = LINE('',#5909,#5910);
#5909 = CARTESIAN_POINT('',(5.70865,-12.7));
#5910 = VECTOR('',#5911,1.);
#5911 = DIRECTION('',(1.,0.));
#5912 = ( GEOMETRIC_REPRESENTATION_CONTEXT(2) 
PARAMETRIC_REPRESENTATION_CONTEXT() REPRESENTATION_CONTEXT('2D SPACE',''
  ) );
#5913 = PCURVE('',#4840,#5914);
#5914 = DEFINITIONAL_REPRESENTATION('',(#5915),#5919);
#5915 = LINE('',#5916,#5917);
#5916 = CARTESIAN_POINT('',(-66.20228334138,-60.75440987573));
#5917 = VECTOR('',#5918,1.);
#5918 = DIRECTION('',(1.,0.));
#5919 = ( GEOMETRIC_REPRESENTATION_CONTEXT(2) 
PARAMETRIC_REPRESENTATION_CONTEXT() REPRESENTATION_CONTEXT('2D SPACE',''
  ) );
#5920 = ORIENTED_EDGE('',*,*,#5921,.F.);
#5921 = EDGE_CURVE('',#5922,#5899,#5924,.T.);
#5922 = VERTEX_POINT('',#5923);
#5923 = CARTESIAN_POINT('',(0.,47.4726,37.6174));
#5924 = SURFACE_CURVE('',#5925,(#5929,#5936),.PCURVE_S1.);
#5925 = LINE('',#5926,#5927);
#5926 = CARTESIAN_POINT('',(0.,47.4726,37.6174));
#5927 = VECTOR('',#5928,1.);
#5928 = DIRECTION('',(1.,0.,0.));
#5929 = PCURVE('',#5785,#5930);
#5930 = DEFINITIONAL_REPRESENTATION('',(#5931),#5935);
#5931 = LINE('',#5932,#5933);
#5932 = CARTESIAN_POINT('',(2.38125,0.));
#5933 = VECTOR('',#5934,1.);
#5934 = DIRECTION('',(0.,-1.));
#5935 = ( GEOMETRIC_REPRESENTATION_CONTEXT(2) 
PARAMETRIC_REPRESENTATION_CONTEXT() REPRESENTATION_CONTEXT('2D SPACE',''
  ) );
#5936 = PCURVE('',#5937,#5942);
#5937 = PLANE('',#5938);
#5938 = AXIS2_PLACEMENT_3D('',#5939,#5940,#5941);
#5939 = CARTESIAN_POINT('',(0.,47.4726,37.6174));
#5940 = DIRECTION('',(0.,-1.,0.));
#5941 = DIRECTION('',(0.,0.,1.));
#5942 = DEFINITIONAL_REPRESENTATION('',(#5943),#5947);
#5943 = LINE('',#5944,#5945);
#5944 = CARTESIAN_POINT('',(0.,0.));
#5945 = VECTOR('',#5946,1.);
#5946 = DIRECTION('',(0.,-1.));
#5947 = ( GEOMETRIC_REPRESENTATION_CONTEXT(2) 
PARAMETRIC_REPRESENTATION_CONTEXT() REPRESENTATION_CONTEXT('2D SPACE',''
  ) );
#5948 = ORIENTED_EDGE('',*,*,#5949,.F.);
#5949 = EDGE_CURVE('',#5770,#5922,#5950,.T.);
#5950 = SURFACE_CURVE('',#5951,(#5955,#5962),.PCURVE_S1.);
#5951 = LINE('',#5952,#5953);
#5952 = CARTESIAN_POINT('',(0.,50.8,37.6174));
#5953 = VECTOR('',#5954,1.);
#5954 = DIRECTION('',(0.,1.,0.));
#5955 = PCURVE('',#5785,#5956);
#5956 = DEFINITIONAL_REPRESENTATION('',(#5957),#5961);
#5957 = LINE('',#5958,#5959);
#5958 = CARTESIAN_POINT('',(5.70865,0.));
#5959 = VECTOR('',#5960,1.);
#5960 = DIRECTION('',(1.,0.));
#5961 = ( GEOMETRIC_REPRESENTATION_CONTEXT(2) 
PARAMETRIC_REPRESENTATION_CONTEXT() REPRESENTATION_CONTEXT('2D SPACE',''
  ) );
#5962 = PCURVE('',#4894,#5963);
#5963 = DEFINITIONAL_REPRESENTATION('',(#5964),#5968);
#5964 = LINE('',#5965,#5966);
#5965 = CARTESIAN_POINT('',(-66.20228334138,-60.75440987573));
#5966 = VECTOR('',#5967,1.);
#5967 = DIRECTION('',(1.,0.));
#5968 = ( GEOMETRIC_REPRESENTATION_CONTEXT(2) 
PARAMETRIC_REPRESENTATION_CONTEXT() REPRESENTATION_CONTEXT('2D SPACE',''
  ) );
#5969 = ADVANCED_FACE('',(#5970),#5861,.F.);
#5970 = FACE_BOUND('',#5971,.F.);
#5971 = EDGE_LOOP('',(#5972,#6002,#6023,#6024));
#5972 = ORIENTED_EDGE('',*,*,#5973,.T.);
#5973 = EDGE_CURVE('',#5974,#5976,#5978,.T.);
#5974 = VERTEX_POINT('',#5975);
#5975 = CARTESIAN_POINT('',(0.,212.5726,52.3875));
#5976 = VERTEX_POINT('',#5977);
#5977 = CARTESIAN_POINT('',(12.7,212.5726,52.3875));
#5978 = SURFACE_CURVE('',#5979,(#5983,#5990),.PCURVE_S1.);
#5979 = LINE('',#5980,#5981);
#5980 = CARTESIAN_POINT('',(0.,212.5726,52.3875));
#5981 = VECTOR('',#5982,1.);
#5982 = DIRECTION('',(1.,0.,0.));
#5983 = PCURVE('',#5861,#5984);
#5984 = DEFINITIONAL_REPRESENTATION('',(#5985),#5989);
#5985 = LINE('',#5986,#5987);
#5986 = CARTESIAN_POINT('',(0.,0.));
#5987 = VECTOR('',#5988,1.);
#5988 = DIRECTION('',(0.,-1.));
#5989 = ( GEOMETRIC_REPRESENTATION_CONTEXT(2) 
PARAMETRIC_REPRESENTATION_CONTEXT() REPRESENTATION_CONTEXT('2D SPACE',''
  ) );
#5990 = PCURVE('',#5991,#5996);
#5991 = PLANE('',#5992);
#5992 = AXIS2_PLACEMENT_3D('',#5993,#5994,#5995);
#5993 = CARTESIAN_POINT('',(0.,212.5726,37.6174));
#5994 = DIRECTION('',(0.,-1.,0.));
#5995 = DIRECTION('',(0.,0.,1.));
#5996 = DEFINITIONAL_REPRESENTATION('',(#5997),#6001);
#5997 = LINE('',#5998,#5999);
#5998 = CARTESIAN_POINT('',(14.7701,0.));
#5999 = VECTOR('',#6000,1.);
#6000 = DIRECTION('',(0.,-1.));
#6001 = ( GEOMETRIC_REPRESENTATION_CONTEXT(2) 
PARAMETRIC_REPRESENTATION_CONTEXT() REPRESENTATION_CONTEXT('2D SPACE',''
  ) );
#6002 = ORIENTED_EDGE('',*,*,#6003,.T.);
#6003 = EDGE_CURVE('',#5976,#5823,#6004,.T.);
#6004 = SURFACE_CURVE('',#6005,(#6009,#6016),.PCURVE_S1.);
#6005 = LINE('',#6006,#6007);
#6006 = CARTESIAN_POINT('',(12.7,215.9,52.3875));
#6007 = VECTOR('',#6008,1.);
#6008 = DIRECTION('',(0.,1.,0.));
#6009 = PCURVE('',#5861,#6010);
#6010 = DEFINITIONAL_REPRESENTATION('',(#6011),#6015);
#6011 = LINE('',#6012,#6013);
#6012 = CARTESIAN_POINT('',(3.3274,-12.7));
#6013 = VECTOR('',#6014,1.);
#6014 = DIRECTION('',(1.,0.));
#6015 = ( GEOMETRIC_REPRESENTATION_CONTEXT(2) 
PARAMETRIC_REPRESENTATION_CONTEXT() REPRESENTATION_CONTEXT('2D SPACE',''
  ) );
#6016 = PCURVE('',#4840,#6017);
#6017 = DEFINITIONAL_REPRESENTATION('',(#6018),#6022);
#6018 = LINE('',#6019,#6020);
#6019 = CARTESIAN_POINT('',(98.897716658616,-45.98430987573));
#6020 = VECTOR('',#6021,1.);
#6021 = DIRECTION('',(1.,0.));
#6022 = ( GEOMETRIC_REPRESENTATION_CONTEXT(2) 
PARAMETRIC_REPRESENTATION_CONTEXT() REPRESENTATION_CONTEXT('2D SPACE',''
  ) );
#6023 = ORIENTED_EDGE('',*,*,#5845,.F.);
#6024 = ORIENTED_EDGE('',*,*,#6025,.F.);
#6025 = EDGE_CURVE('',#5974,#5846,#6026,.T.);
#6026 = SURFACE_CURVE('',#6027,(#6031,#6038),.PCURVE_S1.);
#6027 = LINE('',#6028,#6029);
#6028 = CARTESIAN_POINT('',(0.,215.9,52.3875));
#6029 = VECTOR('',#6030,1.);
#6030 = DIRECTION('',(0.,1.,0.));
#6031 = PCURVE('',#5861,#6032);
#6032 = DEFINITIONAL_REPRESENTATION('',(#6033),#6037);
#6033 = LINE('',#6034,#6035);
#6034 = CARTESIAN_POINT('',(3.3274,0.));
#6035 = VECTOR('',#6036,1.);
#6036 = DIRECTION('',(1.,0.));
#6037 = ( GEOMETRIC_REPRESENTATION_CONTEXT(2) 
PARAMETRIC_REPRESENTATION_CONTEXT() REPRESENTATION_CONTEXT('2D SPACE',''
  ) );
#6038 = PCURVE('',#4894,#6039);
#6039 = DEFINITIONAL_REPRESENTATION('',(#6040),#6044);
#6040 = LINE('',#6041,#6042);
#6041 = CARTESIAN_POINT('',(98.897716658616,-45.98430987573));
#6042 = VECTOR('',#6043,1.);
#6043 = DIRECTION('',(1.,0.));
#6044 = ( GEOMETRIC_REPRESENTATION_CONTEXT(2) 
PARAMETRIC_REPRESENTATION_CONTEXT() REPRESENTATION_CONTEXT('2D SPACE',''
  ) );
#6045 = ADVANCED_FACE('',(#6046),#5937,.F.);
#6046 = FACE_BOUND('',#6047,.F.);
#6047 = EDGE_LOOP('',(#6048,#6049,#6072,#6100));
#6048 = ORIENTED_EDGE('',*,*,#5921,.T.);
#6049 = ORIENTED_EDGE('',*,*,#6050,.T.);
#6050 = EDGE_CURVE('',#5899,#6051,#6053,.T.);
#6051 = VERTEX_POINT('',#6052);
#6052 = CARTESIAN_POINT('',(12.7,47.4726,52.3875));
#6053 = SURFACE_CURVE('',#6054,(#6058,#6065),.PCURVE_S1.);
#6054 = LINE('',#6055,#6056);
#6055 = CARTESIAN_POINT('',(12.7,47.4726,32.54375));
#6056 = VECTOR('',#6057,1.);
#6057 = DIRECTION('',(0.,0.,1.));
#6058 = PCURVE('',#5937,#6059);
#6059 = DEFINITIONAL_REPRESENTATION('',(#6060),#6064);
#6060 = LINE('',#6061,#6062);
#6061 = CARTESIAN_POINT('',(-5.07365,-12.7));
#6062 = VECTOR('',#6063,1.);
#6063 = DIRECTION('',(1.,0.));
#6064 = ( GEOMETRIC_REPRESENTATION_CONTEXT(2) 
PARAMETRIC_REPRESENTATION_CONTEXT() REPRESENTATION_CONTEXT('2D SPACE',''
  ) );
#6065 = PCURVE('',#4840,#6066);
#6066 = DEFINITIONAL_REPRESENTATION('',(#6067),#6071);
#6067 = LINE('',#6068,#6069);
#6068 = CARTESIAN_POINT('',(-69.52968334138,-65.82805987573));
#6069 = VECTOR('',#6070,1.);
#6070 = DIRECTION('',(0.,1.));
#6071 = ( GEOMETRIC_REPRESENTATION_CONTEXT(2) 
PARAMETRIC_REPRESENTATION_CONTEXT() REPRESENTATION_CONTEXT('2D SPACE',''
  ) );
#6072 = ORIENTED_EDGE('',*,*,#6073,.F.);
#6073 = EDGE_CURVE('',#6074,#6051,#6076,.T.);
#6074 = VERTEX_POINT('',#6075);
#6075 = CARTESIAN_POINT('',(0.,47.4726,52.3875));
#6076 = SURFACE_CURVE('',#6077,(#6081,#6088),.PCURVE_S1.);
#6077 = LINE('',#6078,#6079);
#6078 = CARTESIAN_POINT('',(0.,47.4726,52.3875));
#6079 = VECTOR('',#6080,1.);
#6080 = DIRECTION('',(1.,0.,0.));
#6081 = PCURVE('',#5937,#6082);
#6082 = DEFINITIONAL_REPRESENTATION('',(#6083),#6087);
#6083 = LINE('',#6084,#6085);
#6084 = CARTESIAN_POINT('',(14.7701,0.));
#6085 = VECTOR('',#6086,1.);
#6086 = DIRECTION('',(0.,-1.));
#6087 = ( GEOMETRIC_REPRESENTATION_CONTEXT(2) 
PARAMETRIC_REPRESENTATION_CONTEXT() REPRESENTATION_CONTEXT('2D SPACE',''
  ) );
#6088 = PCURVE('',#6089,#6094);
#6089 = PLANE('',#6090);
#6090 = AXIS2_PLACEMENT_3D('',#6091,#6092,#6093);
#6091 = CARTESIAN_POINT('',(0.,47.4726,52.3875));
#6092 = DIRECTION('',(0.,0.,1.));
#6093 = DIRECTION('',(0.,1.,0.));
#6094 = DEFINITIONAL_REPRESENTATION('',(#6095),#6099);
#6095 = LINE('',#6096,#6097);
#6096 = CARTESIAN_POINT('',(0.,0.));
#6097 = VECTOR('',#6098,1.);
#6098 = DIRECTION('',(0.,-1.));
#6099 = ( GEOMETRIC_REPRESENTATION_CONTEXT(2) 
PARAMETRIC_REPRESENTATION_CONTEXT() REPRESENTATION_CONTEXT('2D SPACE',''
  ) );
#6100 = ORIENTED_EDGE('',*,*,#6101,.F.);
#6101 = EDGE_CURVE('',#5922,#6074,#6102,.T.);
#6102 = SURFACE_CURVE('',#6103,(#6107,#6114),.PCURVE_S1.);
#6103 = LINE('',#6104,#6105);
#6104 = CARTESIAN_POINT('',(0.,47.4726,32.54375));
#6105 = VECTOR('',#6106,1.);
#6106 = DIRECTION('',(0.,0.,1.));
#6107 = PCURVE('',#5937,#6108);
#6108 = DEFINITIONAL_REPRESENTATION('',(#6109),#6113);
#6109 = LINE('',#6110,#6111);
#6110 = CARTESIAN_POINT('',(-5.07365,0.));
#6111 = VECTOR('',#6112,1.);
#6112 = DIRECTION('',(1.,0.));
#6113 = ( GEOMETRIC_REPRESENTATION_CONTEXT(2) 
PARAMETRIC_REPRESENTATION_CONTEXT() REPRESENTATION_CONTEXT('2D SPACE',''
  ) );
#6114 = PCURVE('',#4894,#6115);
#6115 = DEFINITIONAL_REPRESENTATION('',(#6116),#6120);
#6116 = LINE('',#6117,#6118);
#6117 = CARTESIAN_POINT('',(-69.52968334138,-65.82805987573));
#6118 = VECTOR('',#6119,1.);
#6119 = DIRECTION('',(0.,1.));
#6120 = ( GEOMETRIC_REPRESENTATION_CONTEXT(2) 
PARAMETRIC_REPRESENTATION_CONTEXT() REPRESENTATION_CONTEXT('2D SPACE',''
  ) );
#6121 = ADVANCED_FACE('',(#6122),#5991,.F.);
#6122 = FACE_BOUND('',#6123,.F.);
#6123 = EDGE_LOOP('',(#6124,#6154,#6175,#6176));
#6124 = ORIENTED_EDGE('',*,*,#6125,.T.);
#6125 = EDGE_CURVE('',#6126,#6128,#6130,.T.);
#6126 = VERTEX_POINT('',#6127);
#6127 = CARTESIAN_POINT('',(0.,212.5726,37.6174));
#6128 = VERTEX_POINT('',#6129);
#6129 = CARTESIAN_POINT('',(12.7,212.5726,37.6174));
#6130 = SURFACE_CURVE('',#6131,(#6135,#6142),.PCURVE_S1.);
#6131 = LINE('',#6132,#6133);
#6132 = CARTESIAN_POINT('',(0.,212.5726,37.6174));
#6133 = VECTOR('',#6134,1.);
#6134 = DIRECTION('',(1.,0.,0.));
#6135 = PCURVE('',#5991,#6136);
#6136 = DEFINITIONAL_REPRESENTATION('',(#6137),#6141);
#6137 = LINE('',#6138,#6139);
#6138 = CARTESIAN_POINT('',(0.,0.));
#6139 = VECTOR('',#6140,1.);
#6140 = DIRECTION('',(0.,-1.));
#6141 = ( GEOMETRIC_REPRESENTATION_CONTEXT(2) 
PARAMETRIC_REPRESENTATION_CONTEXT() REPRESENTATION_CONTEXT('2D SPACE',''
  ) );
#6142 = PCURVE('',#6143,#6148);
#6143 = PLANE('',#6144);
#6144 = AXIS2_PLACEMENT_3D('',#6145,#6146,#6147);
#6145 = CARTESIAN_POINT('',(0.,210.19135,37.6174));
#6146 = DIRECTION('',(0.,0.,1.));
#6147 = DIRECTION('',(0.,1.,0.));
#6148 = DEFINITIONAL_REPRESENTATION('',(#6149),#6153);
#6149 = LINE('',#6150,#6151);
#6150 = CARTESIAN_POINT('',(2.38125,0.));
#6151 = VECTOR('',#6152,1.);
#6152 = DIRECTION('',(0.,-1.));
#6153 = ( GEOMETRIC_REPRESENTATION_CONTEXT(2) 
PARAMETRIC_REPRESENTATION_CONTEXT() REPRESENTATION_CONTEXT('2D SPACE',''
  ) );
#6154 = ORIENTED_EDGE('',*,*,#6155,.T.);
#6155 = EDGE_CURVE('',#6128,#5976,#6156,.T.);
#6156 = SURFACE_CURVE('',#6157,(#6161,#6168),.PCURVE_S1.);
#6157 = LINE('',#6158,#6159);
#6158 = CARTESIAN_POINT('',(12.7,212.5726,32.54375));
#6159 = VECTOR('',#6160,1.);
#6160 = DIRECTION('',(0.,0.,1.));
#6161 = PCURVE('',#5991,#6162);
#6162 = DEFINITIONAL_REPRESENTATION('',(#6163),#6167);
#6163 = LINE('',#6164,#6165);
#6164 = CARTESIAN_POINT('',(-5.07365,-12.7));
#6165 = VECTOR('',#6166,1.);
#6166 = DIRECTION('',(1.,0.));
#6167 = ( GEOMETRIC_REPRESENTATION_CONTEXT(2) 
PARAMETRIC_REPRESENTATION_CONTEXT() REPRESENTATION_CONTEXT('2D SPACE',''
  ) );
#6168 = PCURVE('',#4840,#6169);
#6169 = DEFINITIONAL_REPRESENTATION('',(#6170),#6174);
#6170 = LINE('',#6171,#6172);
#6171 = CARTESIAN_POINT('',(95.570316658616,-65.82805987573));
#6172 = VECTOR('',#6173,1.);
#6173 = DIRECTION('',(0.,1.));
#6174 = ( GEOMETRIC_REPRESENTATION_CONTEXT(2) 
PARAMETRIC_REPRESENTATION_CONTEXT() REPRESENTATION_CONTEXT('2D SPACE',''
  ) );
#6175 = ORIENTED_EDGE('',*,*,#5973,.F.);
#6176 = ORIENTED_EDGE('',*,*,#6177,.F.);
#6177 = EDGE_CURVE('',#6126,#5974,#6178,.T.);
#6178 = SURFACE_CURVE('',#6179,(#6183,#6190),.PCURVE_S1.);
#6179 = LINE('',#6180,#6181);
#6180 = CARTESIAN_POINT('',(0.,212.5726,32.54375));
#6181 = VECTOR('',#6182,1.);
#6182 = DIRECTION('',(0.,0.,1.));
#6183 = PCURVE('',#5991,#6184);
#6184 = DEFINITIONAL_REPRESENTATION('',(#6185),#6189);
#6185 = LINE('',#6186,#6187);
#6186 = CARTESIAN_POINT('',(-5.07365,0.));
#6187 = VECTOR('',#6188,1.);
#6188 = DIRECTION('',(1.,0.));
#6189 = ( GEOMETRIC_REPRESENTATION_CONTEXT(2) 
PARAMETRIC_REPRESENTATION_CONTEXT() REPRESENTATION_CONTEXT('2D SPACE',''
  ) );
#6190 = PCURVE('',#4894,#6191);
#6191 = DEFINITIONAL_REPRESENTATION('',(#6192),#6196);
#6192 = LINE('',#6193,#6194);
#6193 = CARTESIAN_POINT('',(95.570316658616,-65.82805987573));
#6194 = VECTOR('',#6195,1.);
#6195 = DIRECTION('',(0.,1.));
#6196 = ( GEOMETRIC_REPRESENTATION_CONTEXT(2) 
PARAMETRIC_REPRESENTATION_CONTEXT() REPRESENTATION_CONTEXT('2D SPACE',''
  ) );
#6197 = ADVANCED_FACE('',(#6198),#6089,.F.);
#6198 = FACE_BOUND('',#6199,.F.);
#6199 = EDGE_LOOP('',(#6200,#6201,#6224,#6252));
#6200 = ORIENTED_EDGE('',*,*,#6073,.T.);
#6201 = ORIENTED_EDGE('',*,*,#6202,.T.);
#6202 = EDGE_CURVE('',#6051,#6203,#6205,.T.);
#6203 = VERTEX_POINT('',#6204);
#6204 = CARTESIAN_POINT('',(12.7,54.1274,52.3875));
#6205 = SURFACE_CURVE('',#6206,(#6210,#6217),.PCURVE_S1.);
#6206 = LINE('',#6207,#6208);
#6207 = CARTESIAN_POINT('',(12.7,50.8,52.3875));
#6208 = VECTOR('',#6209,1.);
#6209 = DIRECTION('',(0.,1.,0.));
#6210 = PCURVE('',#6089,#6211);
#6211 = DEFINITIONAL_REPRESENTATION('',(#6212),#6216);
#6212 = LINE('',#6213,#6214);
#6213 = CARTESIAN_POINT('',(3.3274,-12.7));
#6214 = VECTOR('',#6215,1.);
#6215 = DIRECTION('',(1.,0.));
#6216 = ( GEOMETRIC_REPRESENTATION_CONTEXT(2) 
PARAMETRIC_REPRESENTATION_CONTEXT() REPRESENTATION_CONTEXT('2D SPACE',''
  ) );
#6217 = PCURVE('',#4840,#6218);
#6218 = DEFINITIONAL_REPRESENTATION('',(#6219),#6223);
#6219 = LINE('',#6220,#6221);
#6220 = CARTESIAN_POINT('',(-66.20228334138,-45.98430987573));
#6221 = VECTOR('',#6222,1.);
#6222 = DIRECTION('',(1.,0.));
#6223 = ( GEOMETRIC_REPRESENTATION_CONTEXT(2) 
PARAMETRIC_REPRESENTATION_CONTEXT() REPRESENTATION_CONTEXT('2D SPACE',''
  ) );
#6224 = ORIENTED_EDGE('',*,*,#6225,.F.);
#6225 = EDGE_CURVE('',#6226,#6203,#6228,.T.);
#6226 = VERTEX_POINT('',#6227);
#6227 = CARTESIAN_POINT('',(0.,54.1274,52.3875));
#6228 = SURFACE_CURVE('',#6229,(#6233,#6240),.PCURVE_S1.);
#6229 = LINE('',#6230,#6231);
#6230 = CARTESIAN_POINT('',(0.,54.1274,52.3875));
#6231 = VECTOR('',#6232,1.);
#6232 = DIRECTION('',(1.,0.,0.));
#6233 = PCURVE('',#6089,#6234);
#6234 = DEFINITIONAL_REPRESENTATION('',(#6235),#6239);
#6235 = LINE('',#6236,#6237);
#6236 = CARTESIAN_POINT('',(6.6548,0.));
#6237 = VECTOR('',#6238,1.);
#6238 = DIRECTION('',(0.,-1.));
#6239 = ( GEOMETRIC_REPRESENTATION_CONTEXT(2) 
PARAMETRIC_REPRESENTATION_CONTEXT() REPRESENTATION_CONTEXT('2D SPACE',''
  ) );
#6240 = PCURVE('',#6241,#6246);
#6241 = PLANE('',#6242);
#6242 = AXIS2_PLACEMENT_3D('',#6243,#6244,#6245);
#6243 = CARTESIAN_POINT('',(0.,54.1274,37.6174));
#6244 = DIRECTION('',(0.,-1.,0.));
#6245 = DIRECTION('',(0.,0.,1.));
#6246 = DEFINITIONAL_REPRESENTATION('',(#6247),#6251);
#6247 = LINE('',#6248,#6249);
#6248 = CARTESIAN_POINT('',(14.7701,0.));
#6249 = VECTOR('',#6250,1.);
#6250 = DIRECTION('',(0.,-1.));
#6251 = ( GEOMETRIC_REPRESENTATION_CONTEXT(2) 
PARAMETRIC_REPRESENTATION_CONTEXT() REPRESENTATION_CONTEXT('2D SPACE',''
  ) );
#6252 = ORIENTED_EDGE('',*,*,#6253,.F.);
#6253 = EDGE_CURVE('',#6074,#6226,#6254,.T.);
#6254 = SURFACE_CURVE('',#6255,(#6259,#6266),.PCURVE_S1.);
#6255 = LINE('',#6256,#6257);
#6256 = CARTESIAN_POINT('',(0.,50.8,52.3875));
#6257 = VECTOR('',#6258,1.);
#6258 = DIRECTION('',(0.,1.,0.));
#6259 = PCURVE('',#6089,#6260);
#6260 = DEFINITIONAL_REPRESENTATION('',(#6261),#6265);
#6261 = LINE('',#6262,#6263);
#6262 = CARTESIAN_POINT('',(3.3274,0.));
#6263 = VECTOR('',#6264,1.);
#6264 = DIRECTION('',(1.,0.));
#6265 = ( GEOMETRIC_REPRESENTATION_CONTEXT(2) 
PARAMETRIC_REPRESENTATION_CONTEXT() REPRESENTATION_CONTEXT('2D SPACE',''
  ) );
#6266 = PCURVE('',#4894,#6267);
#6267 = DEFINITIONAL_REPRESENTATION('',(#6268),#6272);
#6268 = LINE('',#6269,#6270);
#6269 = CARTESIAN_POINT('',(-66.20228334138,-45.98430987573));
#6270 = VECTOR('',#6271,1.);
#6271 = DIRECTION('',(1.,0.));
#6272 = ( GEOMETRIC_REPRESENTATION_CONTEXT(2) 
PARAMETRIC_REPRESENTATION_CONTEXT() REPRESENTATION_CONTEXT('2D SPACE',''
  ) );
#6273 = ADVANCED_FACE('',(#6274),#6143,.F.);
#6274 = FACE_BOUND('',#6275,.F.);
#6275 = EDGE_LOOP('',(#6276,#6306,#6327,#6328));
#6276 = ORIENTED_EDGE('',*,*,#6277,.T.);
#6277 = EDGE_CURVE('',#6278,#6280,#6282,.T.);
#6278 = VERTEX_POINT('',#6279);
#6279 = CARTESIAN_POINT('',(0.,210.19135,37.6174));
#6280 = VERTEX_POINT('',#6281);
#6281 = CARTESIAN_POINT('',(12.7,210.19135,37.6174));
#6282 = SURFACE_CURVE('',#6283,(#6287,#6294),.PCURVE_S1.);
#6283 = LINE('',#6284,#6285);
#6284 = CARTESIAN_POINT('',(0.,210.19135,37.6174));
#6285 = VECTOR('',#6286,1.);
#6286 = DIRECTION('',(1.,0.,0.));
#6287 = PCURVE('',#6143,#6288);
#6288 = DEFINITIONAL_REPRESENTATION('',(#6289),#6293);
#6289 = LINE('',#6290,#6291);
#6290 = CARTESIAN_POINT('',(0.,0.));
#6291 = VECTOR('',#6292,1.);
#6292 = DIRECTION('',(0.,-1.));
#6293 = ( GEOMETRIC_REPRESENTATION_CONTEXT(2) 
PARAMETRIC_REPRESENTATION_CONTEXT() REPRESENTATION_CONTEXT('2D SPACE',''
  ) );
#6294 = PCURVE('',#6295,#6300);
#6295 = PLANE('',#6296);
#6296 = AXIS2_PLACEMENT_3D('',#6297,#6298,#6299);
#6297 = CARTESIAN_POINT('',(0.,210.19135,31.75));
#6298 = DIRECTION('',(0.,-1.,0.));
#6299 = DIRECTION('',(0.,0.,1.));
#6300 = DEFINITIONAL_REPRESENTATION('',(#6301),#6305);
#6301 = LINE('',#6302,#6303);
#6302 = CARTESIAN_POINT('',(5.8674,0.));
#6303 = VECTOR('',#6304,1.);
#6304 = DIRECTION('',(0.,-1.));
#6305 = ( GEOMETRIC_REPRESENTATION_CONTEXT(2) 
PARAMETRIC_REPRESENTATION_CONTEXT() REPRESENTATION_CONTEXT('2D SPACE',''
  ) );
#6306 = ORIENTED_EDGE('',*,*,#6307,.T.);
#6307 = EDGE_CURVE('',#6280,#6128,#6308,.T.);
#6308 = SURFACE_CURVE('',#6309,(#6313,#6320),.PCURVE_S1.);
#6309 = LINE('',#6310,#6311);
#6310 = CARTESIAN_POINT('',(12.7,215.9,37.6174));
#6311 = VECTOR('',#6312,1.);
#6312 = DIRECTION('',(0.,1.,0.));
#6313 = PCURVE('',#6143,#6314);
#6314 = DEFINITIONAL_REPRESENTATION('',(#6315),#6319);
#6315 = LINE('',#6316,#6317);
#6316 = CARTESIAN_POINT('',(5.70865,-12.7));
#6317 = VECTOR('',#6318,1.);
#6318 = DIRECTION('',(1.,0.));
#6319 = ( GEOMETRIC_REPRESENTATION_CONTEXT(2) 
PARAMETRIC_REPRESENTATION_CONTEXT() REPRESENTATION_CONTEXT('2D SPACE',''
  ) );
#6320 = PCURVE('',#4840,#6321);
#6321 = DEFINITIONAL_REPRESENTATION('',(#6322),#6326);
#6322 = LINE('',#6323,#6324);
#6323 = CARTESIAN_POINT('',(98.897716658616,-60.75440987573));
#6324 = VECTOR('',#6325,1.);
#6325 = DIRECTION('',(1.,0.));
#6326 = ( GEOMETRIC_REPRESENTATION_CONTEXT(2) 
PARAMETRIC_REPRESENTATION_CONTEXT() REPRESENTATION_CONTEXT('2D SPACE',''
  ) );
#6327 = ORIENTED_EDGE('',*,*,#6125,.F.);
#6328 = ORIENTED_EDGE('',*,*,#6329,.F.);
#6329 = EDGE_CURVE('',#6278,#6126,#6330,.T.);
#6330 = SURFACE_CURVE('',#6331,(#6335,#6342),.PCURVE_S1.);
#6331 = LINE('',#6332,#6333);
#6332 = CARTESIAN_POINT('',(0.,215.9,37.6174));
#6333 = VECTOR('',#6334,1.);
#6334 = DIRECTION('',(0.,1.,0.));
#6335 = PCURVE('',#6143,#6336);
#6336 = DEFINITIONAL_REPRESENTATION('',(#6337),#6341);
#6337 = LINE('',#6338,#6339);
#6338 = CARTESIAN_POINT('',(5.70865,0.));
#6339 = VECTOR('',#6340,1.);
#6340 = DIRECTION('',(1.,0.));
#6341 = ( GEOMETRIC_REPRESENTATION_CONTEXT(2) 
PARAMETRIC_REPRESENTATION_CONTEXT() REPRESENTATION_CONTEXT('2D SPACE',''
  ) );
#6342 = PCURVE('',#4894,#6343);
#6343 = DEFINITIONAL_REPRESENTATION('',(#6344),#6348);
#6344 = LINE('',#6345,#6346);
#6345 = CARTESIAN_POINT('',(98.897716658616,-60.75440987573));
#6346 = VECTOR('',#6347,1.);
#6347 = DIRECTION('',(1.,0.));
#6348 = ( GEOMETRIC_REPRESENTATION_CONTEXT(2) 
PARAMETRIC_REPRESENTATION_CONTEXT() REPRESENTATION_CONTEXT('2D SPACE',''
  ) );
#6349 = ADVANCED_FACE('',(#6350),#6241,.T.);
#6350 = FACE_BOUND('',#6351,.T.);
#6351 = EDGE_LOOP('',(#6352,#6382,#6403,#6404));
#6352 = ORIENTED_EDGE('',*,*,#6353,.T.);
#6353 = EDGE_CURVE('',#6354,#6356,#6358,.T.);
#6354 = VERTEX_POINT('',#6355);
#6355 = CARTESIAN_POINT('',(0.,54.1274,37.6174));
#6356 = VERTEX_POINT('',#6357);
#6357 = CARTESIAN_POINT('',(12.7,54.1274,37.6174));
#6358 = SURFACE_CURVE('',#6359,(#6363,#6370),.PCURVE_S1.);
#6359 = LINE('',#6360,#6361);
#6360 = CARTESIAN_POINT('',(0.,54.1274,37.6174));
#6361 = VECTOR('',#6362,1.);
#6362 = DIRECTION('',(1.,0.,0.));
#6363 = PCURVE('',#6241,#6364);
#6364 = DEFINITIONAL_REPRESENTATION('',(#6365),#6369);
#6365 = LINE('',#6366,#6367);
#6366 = CARTESIAN_POINT('',(0.,0.));
#6367 = VECTOR('',#6368,1.);
#6368 = DIRECTION('',(0.,-1.));
#6369 = ( GEOMETRIC_REPRESENTATION_CONTEXT(2) 
PARAMETRIC_REPRESENTATION_CONTEXT() REPRESENTATION_CONTEXT('2D SPACE',''
  ) );
#6370 = PCURVE('',#6371,#6376);
#6371 = PLANE('',#6372);
#6372 = AXIS2_PLACEMENT_3D('',#6373,#6374,#6375);
#6373 = CARTESIAN_POINT('',(0.,54.1274,37.6174));
#6374 = DIRECTION('',(0.,0.,1.));
#6375 = DIRECTION('',(0.,1.,0.));
#6376 = DEFINITIONAL_REPRESENTATION('',(#6377),#6381);
#6377 = LINE('',#6378,#6379);
#6378 = CARTESIAN_POINT('',(0.,0.));
#6379 = VECTOR('',#6380,1.);
#6380 = DIRECTION('',(0.,-1.));
#6381 = ( GEOMETRIC_REPRESENTATION_CONTEXT(2) 
PARAMETRIC_REPRESENTATION_CONTEXT() REPRESENTATION_CONTEXT('2D SPACE',''
  ) );
#6382 = ORIENTED_EDGE('',*,*,#6383,.T.);
#6383 = EDGE_CURVE('',#6356,#6203,#6384,.T.);
#6384 = SURFACE_CURVE('',#6385,(#6389,#6396),.PCURVE_S1.);
#6385 = LINE('',#6386,#6387);
#6386 = CARTESIAN_POINT('',(12.7,54.1274,32.54375));
#6387 = VECTOR('',#6388,1.);
#6388 = DIRECTION('',(0.,0.,1.));
#6389 = PCURVE('',#6241,#6390);
#6390 = DEFINITIONAL_REPRESENTATION('',(#6391),#6395);
#6391 = LINE('',#6392,#6393);
#6392 = CARTESIAN_POINT('',(-5.07365,-12.7));
#6393 = VECTOR('',#6394,1.);
#6394 = DIRECTION('',(1.,0.));
#6395 = ( GEOMETRIC_REPRESENTATION_CONTEXT(2) 
PARAMETRIC_REPRESENTATION_CONTEXT() REPRESENTATION_CONTEXT('2D SPACE',''
  ) );
#6396 = PCURVE('',#4840,#6397);
#6397 = DEFINITIONAL_REPRESENTATION('',(#6398),#6402);
#6398 = LINE('',#6399,#6400);
#6399 = CARTESIAN_POINT('',(-62.87488334138,-65.82805987573));
#6400 = VECTOR('',#6401,1.);
#6401 = DIRECTION('',(0.,1.));
#6402 = ( GEOMETRIC_REPRESENTATION_CONTEXT(2) 
PARAMETRIC_REPRESENTATION_CONTEXT() REPRESENTATION_CONTEXT('2D SPACE',''
  ) );
#6403 = ORIENTED_EDGE('',*,*,#6225,.F.);
#6404 = ORIENTED_EDGE('',*,*,#6405,.F.);
#6405 = EDGE_CURVE('',#6354,#6226,#6406,.T.);
#6406 = SURFACE_CURVE('',#6407,(#6411,#6418),.PCURVE_S1.);
#6407 = LINE('',#6408,#6409);
#6408 = CARTESIAN_POINT('',(0.,54.1274,32.54375));
#6409 = VECTOR('',#6410,1.);
#6410 = DIRECTION('',(0.,0.,1.));
#6411 = PCURVE('',#6241,#6412);
#6412 = DEFINITIONAL_REPRESENTATION('',(#6413),#6417);
#6413 = LINE('',#6414,#6415);
#6414 = CARTESIAN_POINT('',(-5.07365,0.));
#6415 = VECTOR('',#6416,1.);
#6416 = DIRECTION('',(1.,0.));
#6417 = ( GEOMETRIC_REPRESENTATION_CONTEXT(2) 
PARAMETRIC_REPRESENTATION_CONTEXT() REPRESENTATION_CONTEXT('2D SPACE',''
  ) );
#6418 = PCURVE('',#4894,#6419);
#6419 = DEFINITIONAL_REPRESENTATION('',(#6420),#6424);
#6420 = LINE('',#6421,#6422);
#6421 = CARTESIAN_POINT('',(-62.87488334138,-65.82805987573));
#6422 = VECTOR('',#6423,1.);
#6423 = DIRECTION('',(0.,1.));
#6424 = ( GEOMETRIC_REPRESENTATION_CONTEXT(2) 
PARAMETRIC_REPRESENTATION_CONTEXT() REPRESENTATION_CONTEXT('2D SPACE',''
  ) );
#6425 = ADVANCED_FACE('',(#6426),#6295,.F.);
#6426 = FACE_BOUND('',#6427,.F.);
#6427 = EDGE_LOOP('',(#6428,#6458,#6479,#6480));
#6428 = ORIENTED_EDGE('',*,*,#6429,.T.);
#6429 = EDGE_CURVE('',#6430,#6432,#6434,.T.);
#6430 = VERTEX_POINT('',#6431);
#6431 = CARTESIAN_POINT('',(0.,210.19135,31.75));
#6432 = VERTEX_POINT('',#6433);
#6433 = CARTESIAN_POINT('',(12.7,210.19135,31.75));
#6434 = SURFACE_CURVE('',#6435,(#6439,#6446),.PCURVE_S1.);
#6435 = LINE('',#6436,#6437);
#6436 = CARTESIAN_POINT('',(0.,210.19135,31.75));
#6437 = VECTOR('',#6438,1.);
#6438 = DIRECTION('',(1.,0.,0.));
#6439 = PCURVE('',#6295,#6440);
#6440 = DEFINITIONAL_REPRESENTATION('',(#6441),#6445);
#6441 = LINE('',#6442,#6443);
#6442 = CARTESIAN_POINT('',(0.,0.));
#6443 = VECTOR('',#6444,1.);
#6444 = DIRECTION('',(0.,-1.));
#6445 = ( GEOMETRIC_REPRESENTATION_CONTEXT(2) 
PARAMETRIC_REPRESENTATION_CONTEXT() REPRESENTATION_CONTEXT('2D SPACE',''
  ) );
#6446 = PCURVE('',#6447,#6452);
#6447 = PLANE('',#6448);
#6448 = AXIS2_PLACEMENT_3D('',#6449,#6450,#6451);
#6449 = CARTESIAN_POINT('',(0.,210.19135,31.75));
#6450 = DIRECTION('',(0.,0.,1.));
#6451 = DIRECTION('',(0.,1.,0.));
#6452 = DEFINITIONAL_REPRESENTATION('',(#6453),#6457);
#6453 = LINE('',#6454,#6455);
#6454 = CARTESIAN_POINT('',(0.,0.));
#6455 = VECTOR('',#6456,1.);
#6456 = DIRECTION('',(0.,-1.));
#6457 = ( GEOMETRIC_REPRESENTATION_CONTEXT(2) 
PARAMETRIC_REPRESENTATION_CONTEXT() REPRESENTATION_CONTEXT('2D SPACE',''
  ) );
#6458 = ORIENTED_EDGE('',*,*,#6459,.T.);
#6459 = EDGE_CURVE('',#6432,#6280,#6460,.T.);
#6460 = SURFACE_CURVE('',#6461,(#6465,#6472),.PCURVE_S1.);
#6461 = LINE('',#6462,#6463);
#6462 = CARTESIAN_POINT('',(12.7,210.19135,34.6837));
#6463 = VECTOR('',#6464,1.);
#6464 = DIRECTION('',(0.,0.,1.));
#6465 = PCURVE('',#6295,#6466);
#6466 = DEFINITIONAL_REPRESENTATION('',(#6467),#6471);
#6467 = LINE('',#6468,#6469);
#6468 = CARTESIAN_POINT('',(2.9337,-12.7));
#6469 = VECTOR('',#6470,1.);
#6470 = DIRECTION('',(1.,0.));
#6471 = ( GEOMETRIC_REPRESENTATION_CONTEXT(2) 
PARAMETRIC_REPRESENTATION_CONTEXT() REPRESENTATION_CONTEXT('2D SPACE',''
  ) );
#6472 = PCURVE('',#4840,#6473);
#6473 = DEFINITIONAL_REPRESENTATION('',(#6474),#6478);
#6474 = LINE('',#6475,#6476);
#6475 = CARTESIAN_POINT('',(93.189066658616,-63.68810987573));
#6476 = VECTOR('',#6477,1.);
#6477 = DIRECTION('',(0.,1.));
#6478 = ( GEOMETRIC_REPRESENTATION_CONTEXT(2) 
PARAMETRIC_REPRESENTATION_CONTEXT() REPRESENTATION_CONTEXT('2D SPACE',''
  ) );
#6479 = ORIENTED_EDGE('',*,*,#6277,.F.);
#6480 = ORIENTED_EDGE('',*,*,#6481,.F.);
#6481 = EDGE_CURVE('',#6430,#6278,#6482,.T.);
#6482 = SURFACE_CURVE('',#6483,(#6487,#6494),.PCURVE_S1.);
#6483 = LINE('',#6484,#6485);
#6484 = CARTESIAN_POINT('',(0.,210.19135,34.6837));
#6485 = VECTOR('',#6486,1.);
#6486 = DIRECTION('',(0.,0.,1.));
#6487 = PCURVE('',#6295,#6488);
#6488 = DEFINITIONAL_REPRESENTATION('',(#6489),#6493);
#6489 = LINE('',#6490,#6491);
#6490 = CARTESIAN_POINT('',(2.9337,0.));
#6491 = VECTOR('',#6492,1.);
#6492 = DIRECTION('',(1.,0.));
#6493 = ( GEOMETRIC_REPRESENTATION_CONTEXT(2) 
PARAMETRIC_REPRESENTATION_CONTEXT() REPRESENTATION_CONTEXT('2D SPACE',''
  ) );
#6494 = PCURVE('',#4894,#6495);
#6495 = DEFINITIONAL_REPRESENTATION('',(#6496),#6500);
#6496 = LINE('',#6497,#6498);
#6497 = CARTESIAN_POINT('',(93.189066658616,-63.68810987573));
#6498 = VECTOR('',#6499,1.);
#6499 = DIRECTION('',(0.,1.));
#6500 = ( GEOMETRIC_REPRESENTATION_CONTEXT(2) 
PARAMETRIC_REPRESENTATION_CONTEXT() REPRESENTATION_CONTEXT('2D SPACE',''
  ) );
#6501 = ADVANCED_FACE('',(#6502),#6371,.F.);
#6502 = FACE_BOUND('',#6503,.F.);
#6503 = EDGE_LOOP('',(#6504,#6505,#6528,#6556));
#6504 = ORIENTED_EDGE('',*,*,#6353,.T.);
#6505 = ORIENTED_EDGE('',*,*,#6506,.T.);
#6506 = EDGE_CURVE('',#6356,#6507,#6509,.T.);
#6507 = VERTEX_POINT('',#6508);
#6508 = CARTESIAN_POINT('',(12.7,56.50865,37.6174));
#6509 = SURFACE_CURVE('',#6510,(#6514,#6521),.PCURVE_S1.);
#6510 = LINE('',#6511,#6512);
#6511 = CARTESIAN_POINT('',(12.7,50.8,37.6174));
#6512 = VECTOR('',#6513,1.);
#6513 = DIRECTION('',(0.,1.,0.));
#6514 = PCURVE('',#6371,#6515);
#6515 = DEFINITIONAL_REPRESENTATION('',(#6516),#6520);
#6516 = LINE('',#6517,#6518);
#6517 = CARTESIAN_POINT('',(-3.3274,-12.7));
#6518 = VECTOR('',#6519,1.);
#6519 = DIRECTION('',(1.,0.));
#6520 = ( GEOMETRIC_REPRESENTATION_CONTEXT(2) 
PARAMETRIC_REPRESENTATION_CONTEXT() REPRESENTATION_CONTEXT('2D SPACE',''
  ) );
#6521 = PCURVE('',#4840,#6522);
#6522 = DEFINITIONAL_REPRESENTATION('',(#6523),#6527);
#6523 = LINE('',#6524,#6525);
#6524 = CARTESIAN_POINT('',(-66.20228334138,-60.75440987573));
#6525 = VECTOR('',#6526,1.);
#6526 = DIRECTION('',(1.,0.));
#6527 = ( GEOMETRIC_REPRESENTATION_CONTEXT(2) 
PARAMETRIC_REPRESENTATION_CONTEXT() REPRESENTATION_CONTEXT('2D SPACE',''
  ) );
#6528 = ORIENTED_EDGE('',*,*,#6529,.F.);
#6529 = EDGE_CURVE('',#6530,#6507,#6532,.T.);
#6530 = VERTEX_POINT('',#6531);
#6531 = CARTESIAN_POINT('',(0.,56.50865,37.6174));
#6532 = SURFACE_CURVE('',#6533,(#6537,#6544),.PCURVE_S1.);
#6533 = LINE('',#6534,#6535);
#6534 = CARTESIAN_POINT('',(0.,56.50865,37.6174));
#6535 = VECTOR('',#6536,1.);
#6536 = DIRECTION('',(1.,0.,0.));
#6537 = PCURVE('',#6371,#6538);
#6538 = DEFINITIONAL_REPRESENTATION('',(#6539),#6543);
#6539 = LINE('',#6540,#6541);
#6540 = CARTESIAN_POINT('',(2.38125,0.));
#6541 = VECTOR('',#6542,1.);
#6542 = DIRECTION('',(0.,-1.));
#6543 = ( GEOMETRIC_REPRESENTATION_CONTEXT(2) 
PARAMETRIC_REPRESENTATION_CONTEXT() REPRESENTATION_CONTEXT('2D SPACE',''
  ) );
#6544 = PCURVE('',#6545,#6550);
#6545 = PLANE('',#6546);
#6546 = AXIS2_PLACEMENT_3D('',#6547,#6548,#6549);
#6547 = CARTESIAN_POINT('',(0.,56.50865,31.75));
#6548 = DIRECTION('',(0.,-1.,0.));
#6549 = DIRECTION('',(0.,0.,1.));
#6550 = DEFINITIONAL_REPRESENTATION('',(#6551),#6555);
#6551 = LINE('',#6552,#6553);
#6552 = CARTESIAN_POINT('',(5.8674,0.));
#6553 = VECTOR('',#6554,1.);
#6554 = DIRECTION('',(0.,-1.));
#6555 = ( GEOMETRIC_REPRESENTATION_CONTEXT(2) 
PARAMETRIC_REPRESENTATION_CONTEXT() REPRESENTATION_CONTEXT('2D SPACE',''
  ) );
#6556 = ORIENTED_EDGE('',*,*,#6557,.F.);
#6557 = EDGE_CURVE('',#6354,#6530,#6558,.T.);
#6558 = SURFACE_CURVE('',#6559,(#6563,#6570),.PCURVE_S1.);
#6559 = LINE('',#6560,#6561);
#6560 = CARTESIAN_POINT('',(0.,50.8,37.6174));
#6561 = VECTOR('',#6562,1.);
#6562 = DIRECTION('',(0.,1.,0.));
#6563 = PCURVE('',#6371,#6564);
#6564 = DEFINITIONAL_REPRESENTATION('',(#6565),#6569);
#6565 = LINE('',#6566,#6567);
#6566 = CARTESIAN_POINT('',(-3.3274,0.));
#6567 = VECTOR('',#6568,1.);
#6568 = DIRECTION('',(1.,0.));
#6569 = ( GEOMETRIC_REPRESENTATION_CONTEXT(2) 
PARAMETRIC_REPRESENTATION_CONTEXT() REPRESENTATION_CONTEXT('2D SPACE',''
  ) );
#6570 = PCURVE('',#4894,#6571);
#6571 = DEFINITIONAL_REPRESENTATION('',(#6572),#6576);
#6572 = LINE('',#6573,#6574);
#6573 = CARTESIAN_POINT('',(-66.20228334138,-60.75440987573));
#6574 = VECTOR('',#6575,1.);
#6575 = DIRECTION('',(1.,0.));
#6576 = ( GEOMETRIC_REPRESENTATION_CONTEXT(2) 
PARAMETRIC_REPRESENTATION_CONTEXT() REPRESENTATION_CONTEXT('2D SPACE',''
  ) );
#6577 = ADVANCED_FACE('',(#6578),#6447,.T.);
#6578 = FACE_BOUND('',#6579,.T.);
#6579 = EDGE_LOOP('',(#6580,#6581,#6604,#6632));
#6580 = ORIENTED_EDGE('',*,*,#6429,.T.);
#6581 = ORIENTED_EDGE('',*,*,#6582,.T.);
#6582 = EDGE_CURVE('',#6432,#6583,#6585,.T.);
#6583 = VERTEX_POINT('',#6584);
#6584 = CARTESIAN_POINT('',(12.7,212.5726,31.75));
#6585 = SURFACE_CURVE('',#6586,(#6590,#6597),.PCURVE_S1.);
#6586 = LINE('',#6587,#6588);
#6587 = CARTESIAN_POINT('',(12.7,215.9,31.75));
#6588 = VECTOR('',#6589,1.);
#6589 = DIRECTION('',(0.,1.,0.));
#6590 = PCURVE('',#6447,#6591);
#6591 = DEFINITIONAL_REPRESENTATION('',(#6592),#6596);
#6592 = LINE('',#6593,#6594);
#6593 = CARTESIAN_POINT('',(5.70865,-12.7));
#6594 = VECTOR('',#6595,1.);
#6595 = DIRECTION('',(1.,0.));
#6596 = ( GEOMETRIC_REPRESENTATION_CONTEXT(2) 
PARAMETRIC_REPRESENTATION_CONTEXT() REPRESENTATION_CONTEXT('2D SPACE',''
  ) );
#6597 = PCURVE('',#4840,#6598);
#6598 = DEFINITIONAL_REPRESENTATION('',(#6599),#6603);
#6599 = LINE('',#6600,#6601);
#6600 = CARTESIAN_POINT('',(98.897716658616,-66.62180987573));
#6601 = VECTOR('',#6602,1.);
#6602 = DIRECTION('',(1.,0.));
#6603 = ( GEOMETRIC_REPRESENTATION_CONTEXT(2) 
PARAMETRIC_REPRESENTATION_CONTEXT() REPRESENTATION_CONTEXT('2D SPACE',''
  ) );
#6604 = ORIENTED_EDGE('',*,*,#6605,.F.);
#6605 = EDGE_CURVE('',#6606,#6583,#6608,.T.);
#6606 = VERTEX_POINT('',#6607);
#6607 = CARTESIAN_POINT('',(0.,212.5726,31.75));
#6608 = SURFACE_CURVE('',#6609,(#6613,#6620),.PCURVE_S1.);
#6609 = LINE('',#6610,#6611);
#6610 = CARTESIAN_POINT('',(0.,212.5726,31.75));
#6611 = VECTOR('',#6612,1.);
#6612 = DIRECTION('',(1.,0.,0.));
#6613 = PCURVE('',#6447,#6614);
#6614 = DEFINITIONAL_REPRESENTATION('',(#6615),#6619);
#6615 = LINE('',#6616,#6617);
#6616 = CARTESIAN_POINT('',(2.38125,0.));
#6617 = VECTOR('',#6618,1.);
#6618 = DIRECTION('',(0.,-1.));
#6619 = ( GEOMETRIC_REPRESENTATION_CONTEXT(2) 
PARAMETRIC_REPRESENTATION_CONTEXT() REPRESENTATION_CONTEXT('2D SPACE',''
  ) );
#6620 = PCURVE('',#6621,#6626);
#6621 = PLANE('',#6622);
#6622 = AXIS2_PLACEMENT_3D('',#6623,#6624,#6625);
#6623 = CARTESIAN_POINT('',(0.,212.5726,12.7));
#6624 = DIRECTION('',(0.,-1.,0.));
#6625 = DIRECTION('',(0.,0.,1.));
#6626 = DEFINITIONAL_REPRESENTATION('',(#6627),#6631);
#6627 = LINE('',#6628,#6629);
#6628 = CARTESIAN_POINT('',(19.05,0.));
#6629 = VECTOR('',#6630,1.);
#6630 = DIRECTION('',(0.,-1.));
#6631 = ( GEOMETRIC_REPRESENTATION_CONTEXT(2) 
PARAMETRIC_REPRESENTATION_CONTEXT() REPRESENTATION_CONTEXT('2D SPACE',''
  ) );
#6632 = ORIENTED_EDGE('',*,*,#6633,.F.);
#6633 = EDGE_CURVE('',#6430,#6606,#6634,.T.);
#6634 = SURFACE_CURVE('',#6635,(#6639,#6646),.PCURVE_S1.);
#6635 = LINE('',#6636,#6637);
#6636 = CARTESIAN_POINT('',(0.,215.9,31.75));
#6637 = VECTOR('',#6638,1.);
#6638 = DIRECTION('',(0.,1.,0.));
#6639 = PCURVE('',#6447,#6640);
#6640 = DEFINITIONAL_REPRESENTATION('',(#6641),#6645);
#6641 = LINE('',#6642,#6643);
#6642 = CARTESIAN_POINT('',(5.70865,0.));
#6643 = VECTOR('',#6644,1.);
#6644 = DIRECTION('',(1.,0.));
#6645 = ( GEOMETRIC_REPRESENTATION_CONTEXT(2) 
PARAMETRIC_REPRESENTATION_CONTEXT() REPRESENTATION_CONTEXT('2D SPACE',''
  ) );
#6646 = PCURVE('',#4894,#6647);
#6647 = DEFINITIONAL_REPRESENTATION('',(#6648),#6652);
#6648 = LINE('',#6649,#6650);
#6649 = CARTESIAN_POINT('',(98.897716658616,-66.62180987573));
#6650 = VECTOR('',#6651,1.);
#6651 = DIRECTION('',(1.,0.));
#6652 = ( GEOMETRIC_REPRESENTATION_CONTEXT(2) 
PARAMETRIC_REPRESENTATION_CONTEXT() REPRESENTATION_CONTEXT('2D SPACE',''
  ) );
#6653 = ADVANCED_FACE('',(#6654),#6545,.T.);
#6654 = FACE_BOUND('',#6655,.T.);
#6655 = EDGE_LOOP('',(#6656,#6686,#6707,#6708));
#6656 = ORIENTED_EDGE('',*,*,#6657,.T.);
#6657 = EDGE_CURVE('',#6658,#6660,#6662,.T.);
#6658 = VERTEX_POINT('',#6659);
#6659 = CARTESIAN_POINT('',(0.,56.50865,31.75));
#6660 = VERTEX_POINT('',#6661);
#6661 = CARTESIAN_POINT('',(12.7,56.50865,31.75));
#6662 = SURFACE_CURVE('',#6663,(#6667,#6674),.PCURVE_S1.);
#6663 = LINE('',#6664,#6665);
#6664 = CARTESIAN_POINT('',(0.,56.50865,31.75));
#6665 = VECTOR('',#6666,1.);
#6666 = DIRECTION('',(1.,0.,0.));
#6667 = PCURVE('',#6545,#6668);
#6668 = DEFINITIONAL_REPRESENTATION('',(#6669),#6673);
#6669 = LINE('',#6670,#6671);
#6670 = CARTESIAN_POINT('',(0.,0.));
#6671 = VECTOR('',#6672,1.);
#6672 = DIRECTION('',(0.,-1.));
#6673 = ( GEOMETRIC_REPRESENTATION_CONTEXT(2) 
PARAMETRIC_REPRESENTATION_CONTEXT() REPRESENTATION_CONTEXT('2D SPACE',''
  ) );
#6674 = PCURVE('',#6675,#6680);
#6675 = PLANE('',#6676);
#6676 = AXIS2_PLACEMENT_3D('',#6677,#6678,#6679);
#6677 = CARTESIAN_POINT('',(0.,54.1274,31.75));
#6678 = DIRECTION('',(0.,0.,1.));
#6679 = DIRECTION('',(0.,1.,0.));
#6680 = DEFINITIONAL_REPRESENTATION('',(#6681),#6685);
#6681 = LINE('',#6682,#6683);
#6682 = CARTESIAN_POINT('',(2.38125,0.));
#6683 = VECTOR('',#6684,1.);
#6684 = DIRECTION('',(0.,-1.));
#6685 = ( GEOMETRIC_REPRESENTATION_CONTEXT(2) 
PARAMETRIC_REPRESENTATION_CONTEXT() REPRESENTATION_CONTEXT('2D SPACE',''
  ) );
#6686 = ORIENTED_EDGE('',*,*,#6687,.T.);
#6687 = EDGE_CURVE('',#6660,#6507,#6688,.T.);
#6688 = SURFACE_CURVE('',#6689,(#6693,#6700),.PCURVE_S1.);
#6689 = LINE('',#6690,#6691);
#6690 = CARTESIAN_POINT('',(12.7,56.50865,34.6837));
#6691 = VECTOR('',#6692,1.);
#6692 = DIRECTION('',(0.,0.,1.));
#6693 = PCURVE('',#6545,#6694);
#6694 = DEFINITIONAL_REPRESENTATION('',(#6695),#6699);
#6695 = LINE('',#6696,#6697);
#6696 = CARTESIAN_POINT('',(2.9337,-12.7));
#6697 = VECTOR('',#6698,1.);
#6698 = DIRECTION('',(1.,0.));
#6699 = ( GEOMETRIC_REPRESENTATION_CONTEXT(2) 
PARAMETRIC_REPRESENTATION_CONTEXT() REPRESENTATION_CONTEXT('2D SPACE',''
  ) );
#6700 = PCURVE('',#4840,#6701);
#6701 = DEFINITIONAL_REPRESENTATION('',(#6702),#6706);
#6702 = LINE('',#6703,#6704);
#6703 = CARTESIAN_POINT('',(-60.49363334138,-63.68810987573));
#6704 = VECTOR('',#6705,1.);
#6705 = DIRECTION('',(0.,1.));
#6706 = ( GEOMETRIC_REPRESENTATION_CONTEXT(2) 
PARAMETRIC_REPRESENTATION_CONTEXT() REPRESENTATION_CONTEXT('2D SPACE',''
  ) );
#6707 = ORIENTED_EDGE('',*,*,#6529,.F.);
#6708 = ORIENTED_EDGE('',*,*,#6709,.F.);
#6709 = EDGE_CURVE('',#6658,#6530,#6710,.T.);
#6710 = SURFACE_CURVE('',#6711,(#6715,#6722),.PCURVE_S1.);
#6711 = LINE('',#6712,#6713);
#6712 = CARTESIAN_POINT('',(0.,56.50865,34.6837));
#6713 = VECTOR('',#6714,1.);
#6714 = DIRECTION('',(0.,0.,1.));
#6715 = PCURVE('',#6545,#6716);
#6716 = DEFINITIONAL_REPRESENTATION('',(#6717),#6721);
#6717 = LINE('',#6718,#6719);
#6718 = CARTESIAN_POINT('',(2.9337,0.));
#6719 = VECTOR('',#6720,1.);
#6720 = DIRECTION('',(1.,0.));
#6721 = ( GEOMETRIC_REPRESENTATION_CONTEXT(2) 
PARAMETRIC_REPRESENTATION_CONTEXT() REPRESENTATION_CONTEXT('2D SPACE',''
  ) );
#6722 = PCURVE('',#4894,#6723);
#6723 = DEFINITIONAL_REPRESENTATION('',(#6724),#6728);
#6724 = LINE('',#6725,#6726);
#6725 = CARTESIAN_POINT('',(-60.49363334138,-63.68810987573));
#6726 = VECTOR('',#6727,1.);
#6727 = DIRECTION('',(0.,1.));
#6728 = ( GEOMETRIC_REPRESENTATION_CONTEXT(2) 
PARAMETRIC_REPRESENTATION_CONTEXT() REPRESENTATION_CONTEXT('2D SPACE',''
  ) );
#6729 = ADVANCED_FACE('',(#6730),#6621,.F.);
#6730 = FACE_BOUND('',#6731,.F.);
#6731 = EDGE_LOOP('',(#6732,#6762,#6783,#6784));
#6732 = ORIENTED_EDGE('',*,*,#6733,.T.);
#6733 = EDGE_CURVE('',#6734,#6736,#6738,.T.);
#6734 = VERTEX_POINT('',#6735);
#6735 = CARTESIAN_POINT('',(0.,212.5726,12.7));
#6736 = VERTEX_POINT('',#6737);
#6737 = CARTESIAN_POINT('',(12.7,212.5726,12.7));
#6738 = SURFACE_CURVE('',#6739,(#6743,#6750),.PCURVE_S1.);
#6739 = LINE('',#6740,#6741);
#6740 = CARTESIAN_POINT('',(0.,212.5726,12.7));
#6741 = VECTOR('',#6742,1.);
#6742 = DIRECTION('',(1.,0.,0.));
#6743 = PCURVE('',#6621,#6744);
#6744 = DEFINITIONAL_REPRESENTATION('',(#6745),#6749);
#6745 = LINE('',#6746,#6747);
#6746 = CARTESIAN_POINT('',(0.,0.));
#6747 = VECTOR('',#6748,1.);
#6748 = DIRECTION('',(0.,-1.));
#6749 = ( GEOMETRIC_REPRESENTATION_CONTEXT(2) 
PARAMETRIC_REPRESENTATION_CONTEXT() REPRESENTATION_CONTEXT('2D SPACE',''
  ) );
#6750 = PCURVE('',#6751,#6756);
#6751 = PLANE('',#6752);
#6752 = AXIS2_PLACEMENT_3D('',#6753,#6754,#6755);
#6753 = CARTESIAN_POINT('',(0.,136.6774,12.7));
#6754 = DIRECTION('',(0.,0.,1.));
#6755 = DIRECTION('',(0.,1.,0.));
#6756 = DEFINITIONAL_REPRESENTATION('',(#6757),#6761);
#6757 = LINE('',#6758,#6759);
#6758 = CARTESIAN_POINT('',(75.8952,0.));
#6759 = VECTOR('',#6760,1.);
#6760 = DIRECTION('',(0.,-1.));
#6761 = ( GEOMETRIC_REPRESENTATION_CONTEXT(2) 
PARAMETRIC_REPRESENTATION_CONTEXT() REPRESENTATION_CONTEXT('2D SPACE',''
  ) );
#6762 = ORIENTED_EDGE('',*,*,#6763,.T.);
#6763 = EDGE_CURVE('',#6736,#6583,#6764,.T.);
#6764 = SURFACE_CURVE('',#6765,(#6769,#6776),.PCURVE_S1.);
#6765 = LINE('',#6766,#6767);
#6766 = CARTESIAN_POINT('',(12.7,212.5726,32.54375));
#6767 = VECTOR('',#6768,1.);
#6768 = DIRECTION('',(0.,0.,1.));
#6769 = PCURVE('',#6621,#6770);
#6770 = DEFINITIONAL_REPRESENTATION('',(#6771),#6775);
#6771 = LINE('',#6772,#6773);
#6772 = CARTESIAN_POINT('',(19.84375,-12.7));
#6773 = VECTOR('',#6774,1.);
#6774 = DIRECTION('',(1.,0.));
#6775 = ( GEOMETRIC_REPRESENTATION_CONTEXT(2) 
PARAMETRIC_REPRESENTATION_CONTEXT() REPRESENTATION_CONTEXT('2D SPACE',''
  ) );
#6776 = PCURVE('',#4840,#6777);
#6777 = DEFINITIONAL_REPRESENTATION('',(#6778),#6782);
#6778 = LINE('',#6779,#6780);
#6779 = CARTESIAN_POINT('',(95.570316658616,-65.82805987573));
#6780 = VECTOR('',#6781,1.);
#6781 = DIRECTION('',(0.,1.));
#6782 = ( GEOMETRIC_REPRESENTATION_CONTEXT(2) 
PARAMETRIC_REPRESENTATION_CONTEXT() REPRESENTATION_CONTEXT('2D SPACE',''
  ) );
#6783 = ORIENTED_EDGE('',*,*,#6605,.F.);
#6784 = ORIENTED_EDGE('',*,*,#6785,.F.);
#6785 = EDGE_CURVE('',#6734,#6606,#6786,.T.);
#6786 = SURFACE_CURVE('',#6787,(#6791,#6798),.PCURVE_S1.);
#6787 = LINE('',#6788,#6789);
#6788 = CARTESIAN_POINT('',(0.,212.5726,32.54375));
#6789 = VECTOR('',#6790,1.);
#6790 = DIRECTION('',(0.,0.,1.));
#6791 = PCURVE('',#6621,#6792);
#6792 = DEFINITIONAL_REPRESENTATION('',(#6793),#6797);
#6793 = LINE('',#6794,#6795);
#6794 = CARTESIAN_POINT('',(19.84375,0.));
#6795 = VECTOR('',#6796,1.);
#6796 = DIRECTION('',(1.,0.));
#6797 = ( GEOMETRIC_REPRESENTATION_CONTEXT(2) 
PARAMETRIC_REPRESENTATION_CONTEXT() REPRESENTATION_CONTEXT('2D SPACE',''
  ) );
#6798 = PCURVE('',#4894,#6799);
#6799 = DEFINITIONAL_REPRESENTATION('',(#6800),#6804);
#6800 = LINE('',#6801,#6802);
#6801 = CARTESIAN_POINT('',(95.570316658616,-65.82805987573));
#6802 = VECTOR('',#6803,1.);
#6803 = DIRECTION('',(0.,1.));
#6804 = ( GEOMETRIC_REPRESENTATION_CONTEXT(2) 
PARAMETRIC_REPRESENTATION_CONTEXT() REPRESENTATION_CONTEXT('2D SPACE',''
  ) );
#6805 = ADVANCED_FACE('',(#6806),#6675,.T.);
#6806 = FACE_BOUND('',#6807,.T.);
#6807 = EDGE_LOOP('',(#6808,#6838,#6859,#6860));
#6808 = ORIENTED_EDGE('',*,*,#6809,.T.);
#6809 = EDGE_CURVE('',#6810,#6812,#6814,.T.);
#6810 = VERTEX_POINT('',#6811);
#6811 = CARTESIAN_POINT('',(0.,54.1274,31.75));
#6812 = VERTEX_POINT('',#6813);
#6813 = CARTESIAN_POINT('',(12.7,54.1274,31.75));
#6814 = SURFACE_CURVE('',#6815,(#6819,#6826),.PCURVE_S1.);
#6815 = LINE('',#6816,#6817);
#6816 = CARTESIAN_POINT('',(0.,54.1274,31.75));
#6817 = VECTOR('',#6818,1.);
#6818 = DIRECTION('',(1.,0.,0.));
#6819 = PCURVE('',#6675,#6820);
#6820 = DEFINITIONAL_REPRESENTATION('',(#6821),#6825);
#6821 = LINE('',#6822,#6823);
#6822 = CARTESIAN_POINT('',(0.,0.));
#6823 = VECTOR('',#6824,1.);
#6824 = DIRECTION('',(0.,-1.));
#6825 = ( GEOMETRIC_REPRESENTATION_CONTEXT(2) 
PARAMETRIC_REPRESENTATION_CONTEXT() REPRESENTATION_CONTEXT('2D SPACE',''
  ) );
#6826 = PCURVE('',#6827,#6832);
#6827 = PLANE('',#6828);
#6828 = AXIS2_PLACEMENT_3D('',#6829,#6830,#6831);
#6829 = CARTESIAN_POINT('',(0.,54.1274,12.7));
#6830 = DIRECTION('',(0.,-1.,0.));
#6831 = DIRECTION('',(0.,0.,1.));
#6832 = DEFINITIONAL_REPRESENTATION('',(#6833),#6837);
#6833 = LINE('',#6834,#6835);
#6834 = CARTESIAN_POINT('',(19.05,0.));
#6835 = VECTOR('',#6836,1.);
#6836 = DIRECTION('',(0.,-1.));
#6837 = ( GEOMETRIC_REPRESENTATION_CONTEXT(2) 
PARAMETRIC_REPRESENTATION_CONTEXT() REPRESENTATION_CONTEXT('2D SPACE',''
  ) );
#6838 = ORIENTED_EDGE('',*,*,#6839,.T.);
#6839 = EDGE_CURVE('',#6812,#6660,#6840,.T.);
#6840 = SURFACE_CURVE('',#6841,(#6845,#6852),.PCURVE_S1.);
#6841 = LINE('',#6842,#6843);
#6842 = CARTESIAN_POINT('',(12.7,50.8,31.75));
#6843 = VECTOR('',#6844,1.);
#6844 = DIRECTION('',(0.,1.,0.));
#6845 = PCURVE('',#6675,#6846);
#6846 = DEFINITIONAL_REPRESENTATION('',(#6847),#6851);
#6847 = LINE('',#6848,#6849);
#6848 = CARTESIAN_POINT('',(-3.3274,-12.7));
#6849 = VECTOR('',#6850,1.);
#6850 = DIRECTION('',(1.,0.));
#6851 = ( GEOMETRIC_REPRESENTATION_CONTEXT(2) 
PARAMETRIC_REPRESENTATION_CONTEXT() REPRESENTATION_CONTEXT('2D SPACE',''
  ) );
#6852 = PCURVE('',#4840,#6853);
#6853 = DEFINITIONAL_REPRESENTATION('',(#6854),#6858);
#6854 = LINE('',#6855,#6856);
#6855 = CARTESIAN_POINT('',(-66.20228334138,-66.62180987573));
#6856 = VECTOR('',#6857,1.);
#6857 = DIRECTION('',(1.,0.));
#6858 = ( GEOMETRIC_REPRESENTATION_CONTEXT(2) 
PARAMETRIC_REPRESENTATION_CONTEXT() REPRESENTATION_CONTEXT('2D SPACE',''
  ) );
#6859 = ORIENTED_EDGE('',*,*,#6657,.F.);
#6860 = ORIENTED_EDGE('',*,*,#6861,.F.);
#6861 = EDGE_CURVE('',#6810,#6658,#6862,.T.);
#6862 = SURFACE_CURVE('',#6863,(#6867,#6874),.PCURVE_S1.);
#6863 = LINE('',#6864,#6865);
#6864 = CARTESIAN_POINT('',(0.,50.8,31.75));
#6865 = VECTOR('',#6866,1.);
#6866 = DIRECTION('',(0.,1.,0.));
#6867 = PCURVE('',#6675,#6868);
#6868 = DEFINITIONAL_REPRESENTATION('',(#6869),#6873);
#6869 = LINE('',#6870,#6871);
#6870 = CARTESIAN_POINT('',(-3.3274,0.));
#6871 = VECTOR('',#6872,1.);
#6872 = DIRECTION('',(1.,0.));
#6873 = ( GEOMETRIC_REPRESENTATION_CONTEXT(2) 
PARAMETRIC_REPRESENTATION_CONTEXT() REPRESENTATION_CONTEXT('2D SPACE',''
  ) );
#6874 = PCURVE('',#4894,#6875);
#6875 = DEFINITIONAL_REPRESENTATION('',(#6876),#6880);
#6876 = LINE('',#6877,#6878);
#6877 = CARTESIAN_POINT('',(-66.20228334138,-66.62180987573));
#6878 = VECTOR('',#6879,1.);
#6879 = DIRECTION('',(1.,0.));
#6880 = ( GEOMETRIC_REPRESENTATION_CONTEXT(2) 
PARAMETRIC_REPRESENTATION_CONTEXT() REPRESENTATION_CONTEXT('2D SPACE',''
  ) );
#6881 = ADVANCED_FACE('',(#6882),#6751,.F.);
#6882 = FACE_BOUND('',#6883,.F.);
#6883 = EDGE_LOOP('',(#6884,#6914,#6935,#6936));
#6884 = ORIENTED_EDGE('',*,*,#6885,.T.);
#6885 = EDGE_CURVE('',#6886,#6888,#6890,.T.);
#6886 = VERTEX_POINT('',#6887);
#6887 = CARTESIAN_POINT('',(0.,136.6774,12.7));
#6888 = VERTEX_POINT('',#6889);
#6889 = CARTESIAN_POINT('',(12.7,136.6774,12.7));
#6890 = SURFACE_CURVE('',#6891,(#6895,#6902),.PCURVE_S1.);
#6891 = LINE('',#6892,#6893);
#6892 = CARTESIAN_POINT('',(0.,136.6774,12.7));
#6893 = VECTOR('',#6894,1.);
#6894 = DIRECTION('',(1.,0.,0.));
#6895 = PCURVE('',#6751,#6896);
#6896 = DEFINITIONAL_REPRESENTATION('',(#6897),#6901);
#6897 = LINE('',#6898,#6899);
#6898 = CARTESIAN_POINT('',(0.,0.));
#6899 = VECTOR('',#6900,1.);
#6900 = DIRECTION('',(0.,-1.));
#6901 = ( GEOMETRIC_REPRESENTATION_CONTEXT(2) 
PARAMETRIC_REPRESENTATION_CONTEXT() REPRESENTATION_CONTEXT('2D SPACE',''
  ) );
#6902 = PCURVE('',#6903,#6908);
#6903 = PLANE('',#6904);
#6904 = AXIS2_PLACEMENT_3D('',#6905,#6906,#6907);
#6905 = CARTESIAN_POINT('',(0.,136.6774,12.7));
#6906 = DIRECTION('',(0.,-1.,0.));
#6907 = DIRECTION('',(0.,0.,1.));
#6908 = DEFINITIONAL_REPRESENTATION('',(#6909),#6913);
#6909 = LINE('',#6910,#6911);
#6910 = CARTESIAN_POINT('',(0.,0.));
#6911 = VECTOR('',#6912,1.);
#6912 = DIRECTION('',(0.,-1.));
#6913 = ( GEOMETRIC_REPRESENTATION_CONTEXT(2) 
PARAMETRIC_REPRESENTATION_CONTEXT() REPRESENTATION_CONTEXT('2D SPACE',''
  ) );
#6914 = ORIENTED_EDGE('',*,*,#6915,.T.);
#6915 = EDGE_CURVE('',#6888,#6736,#6916,.T.);
#6916 = SURFACE_CURVE('',#6917,(#6921,#6928),.PCURVE_S1.);
#6917 = LINE('',#6918,#6919);
#6918 = CARTESIAN_POINT('',(12.7,0.,12.7));
#6919 = VECTOR('',#6920,1.);
#6920 = DIRECTION('',(0.,1.,0.));
#6921 = PCURVE('',#6751,#6922);
#6922 = DEFINITIONAL_REPRESENTATION('',(#6923),#6927);
#6923 = LINE('',#6924,#6925);
#6924 = CARTESIAN_POINT('',(-136.6774,-12.7));
#6925 = VECTOR('',#6926,1.);
#6926 = DIRECTION('',(1.,0.));
#6927 = ( GEOMETRIC_REPRESENTATION_CONTEXT(2) 
PARAMETRIC_REPRESENTATION_CONTEXT() REPRESENTATION_CONTEXT('2D SPACE',''
  ) );
#6928 = PCURVE('',#4840,#6929);
#6929 = DEFINITIONAL_REPRESENTATION('',(#6930),#6934);
#6930 = LINE('',#6931,#6932);
#6931 = CARTESIAN_POINT('',(-117.0022833413,-85.67180987573));
#6932 = VECTOR('',#6933,1.);
#6933 = DIRECTION('',(1.,0.));
#6934 = ( GEOMETRIC_REPRESENTATION_CONTEXT(2) 
PARAMETRIC_REPRESENTATION_CONTEXT() REPRESENTATION_CONTEXT('2D SPACE',''
  ) );
#6935 = ORIENTED_EDGE('',*,*,#6733,.F.);
#6936 = ORIENTED_EDGE('',*,*,#6937,.F.);
#6937 = EDGE_CURVE('',#6886,#6734,#6938,.T.);
#6938 = SURFACE_CURVE('',#6939,(#6943,#6950),.PCURVE_S1.);
#6939 = LINE('',#6940,#6941);
#6940 = CARTESIAN_POINT('',(0.,0.,12.7));
#6941 = VECTOR('',#6942,1.);
#6942 = DIRECTION('',(0.,1.,0.));
#6943 = PCURVE('',#6751,#6944);
#6944 = DEFINITIONAL_REPRESENTATION('',(#6945),#6949);
#6945 = LINE('',#6946,#6947);
#6946 = CARTESIAN_POINT('',(-136.6774,0.));
#6947 = VECTOR('',#6948,1.);
#6948 = DIRECTION('',(1.,0.));
#6949 = ( GEOMETRIC_REPRESENTATION_CONTEXT(2) 
PARAMETRIC_REPRESENTATION_CONTEXT() REPRESENTATION_CONTEXT('2D SPACE',''
  ) );
#6950 = PCURVE('',#4894,#6951);
#6951 = DEFINITIONAL_REPRESENTATION('',(#6952),#6956);
#6952 = LINE('',#6953,#6954);
#6953 = CARTESIAN_POINT('',(-117.0022833413,-85.67180987573));
#6954 = VECTOR('',#6955,1.);
#6955 = DIRECTION('',(1.,0.));
#6956 = ( GEOMETRIC_REPRESENTATION_CONTEXT(2) 
PARAMETRIC_REPRESENTATION_CONTEXT() REPRESENTATION_CONTEXT('2D SPACE',''
  ) );
#6957 = ADVANCED_FACE('',(#6958),#6827,.T.);
#6958 = FACE_BOUND('',#6959,.T.);
#6959 = EDGE_LOOP('',(#6960,#6990,#7011,#7012));
#6960 = ORIENTED_EDGE('',*,*,#6961,.T.);
#6961 = EDGE_CURVE('',#6962,#6964,#6966,.T.);
#6962 = VERTEX_POINT('',#6963);
#6963 = CARTESIAN_POINT('',(0.,54.1274,12.7));
#6964 = VERTEX_POINT('',#6965);
#6965 = CARTESIAN_POINT('',(12.7,54.1274,12.7));
#6966 = SURFACE_CURVE('',#6967,(#6971,#6978),.PCURVE_S1.);
#6967 = LINE('',#6968,#6969);
#6968 = CARTESIAN_POINT('',(0.,54.1274,12.7));
#6969 = VECTOR('',#6970,1.);
#6970 = DIRECTION('',(1.,0.,0.));
#6971 = PCURVE('',#6827,#6972);
#6972 = DEFINITIONAL_REPRESENTATION('',(#6973),#6977);
#6973 = LINE('',#6974,#6975);
#6974 = CARTESIAN_POINT('',(0.,0.));
#6975 = VECTOR('',#6976,1.);
#6976 = DIRECTION('',(0.,-1.));
#6977 = ( GEOMETRIC_REPRESENTATION_CONTEXT(2) 
PARAMETRIC_REPRESENTATION_CONTEXT() REPRESENTATION_CONTEXT('2D SPACE',''
  ) );
#6978 = PCURVE('',#6979,#6984);
#6979 = PLANE('',#6980);
#6980 = AXIS2_PLACEMENT_3D('',#6981,#6982,#6983);
#6981 = CARTESIAN_POINT('',(0.,54.1274,12.7));
#6982 = DIRECTION('',(0.,0.,1.));
#6983 = DIRECTION('',(0.,1.,0.));
#6984 = DEFINITIONAL_REPRESENTATION('',(#6985),#6989);
#6985 = LINE('',#6986,#6987);
#6986 = CARTESIAN_POINT('',(0.,0.));
#6987 = VECTOR('',#6988,1.);
#6988 = DIRECTION('',(0.,-1.));
#6989 = ( GEOMETRIC_REPRESENTATION_CONTEXT(2) 
PARAMETRIC_REPRESENTATION_CONTEXT() REPRESENTATION_CONTEXT('2D SPACE',''
  ) );
#6990 = ORIENTED_EDGE('',*,*,#6991,.T.);
#6991 = EDGE_CURVE('',#6964,#6812,#6992,.T.);
#6992 = SURFACE_CURVE('',#6993,(#6997,#7004),.PCURVE_S1.);
#6993 = LINE('',#6994,#6995);
#6994 = CARTESIAN_POINT('',(12.7,54.1274,32.54375));
#6995 = VECTOR('',#6996,1.);
#6996 = DIRECTION('',(0.,0.,1.));
#6997 = PCURVE('',#6827,#6998);
#6998 = DEFINITIONAL_REPRESENTATION('',(#6999),#7003);
#6999 = LINE('',#7000,#7001);
#7000 = CARTESIAN_POINT('',(19.84375,-12.7));
#7001 = VECTOR('',#7002,1.);
#7002 = DIRECTION('',(1.,0.));
#7003 = ( GEOMETRIC_REPRESENTATION_CONTEXT(2) 
PARAMETRIC_REPRESENTATION_CONTEXT() REPRESENTATION_CONTEXT('2D SPACE',''
  ) );
#7004 = PCURVE('',#4840,#7005);
#7005 = DEFINITIONAL_REPRESENTATION('',(#7006),#7010);
#7006 = LINE('',#7007,#7008);
#7007 = CARTESIAN_POINT('',(-62.87488334138,-65.82805987573));
#7008 = VECTOR('',#7009,1.);
#7009 = DIRECTION('',(0.,1.));
#7010 = ( GEOMETRIC_REPRESENTATION_CONTEXT(2) 
PARAMETRIC_REPRESENTATION_CONTEXT() REPRESENTATION_CONTEXT('2D SPACE',''
  ) );
#7011 = ORIENTED_EDGE('',*,*,#6809,.F.);
#7012 = ORIENTED_EDGE('',*,*,#7013,.F.);
#7013 = EDGE_CURVE('',#6962,#6810,#7014,.T.);
#7014 = SURFACE_CURVE('',#7015,(#7019,#7026),.PCURVE_S1.);
#7015 = LINE('',#7016,#7017);
#7016 = CARTESIAN_POINT('',(0.,54.1274,32.54375));
#7017 = VECTOR('',#7018,1.);
#7018 = DIRECTION('',(0.,0.,1.));
#7019 = PCURVE('',#6827,#7020);
#7020 = DEFINITIONAL_REPRESENTATION('',(#7021),#7025);
#7021 = LINE('',#7022,#7023);
#7022 = CARTESIAN_POINT('',(19.84375,0.));
#7023 = VECTOR('',#7024,1.);
#7024 = DIRECTION('',(1.,0.));
#7025 = ( GEOMETRIC_REPRESENTATION_CONTEXT(2) 
PARAMETRIC_REPRESENTATION_CONTEXT() REPRESENTATION_CONTEXT('2D SPACE',''
  ) );
#7026 = PCURVE('',#4894,#7027);
#7027 = DEFINITIONAL_REPRESENTATION('',(#7028),#7032);
#7028 = LINE('',#7029,#7030);
#7029 = CARTESIAN_POINT('',(-62.87488334138,-65.82805987573));
#7030 = VECTOR('',#7031,1.);
#7031 = DIRECTION('',(0.,1.));
#7032 = ( GEOMETRIC_REPRESENTATION_CONTEXT(2) 
PARAMETRIC_REPRESENTATION_CONTEXT() REPRESENTATION_CONTEXT('2D SPACE',''
  ) );
#7033 = ADVANCED_FACE('',(#7034),#6903,.T.);
#7034 = FACE_BOUND('',#7035,.T.);
#7035 = EDGE_LOOP('',(#7036,#7037,#7060,#7088));
#7036 = ORIENTED_EDGE('',*,*,#6885,.T.);
#7037 = ORIENTED_EDGE('',*,*,#7038,.T.);
#7038 = EDGE_CURVE('',#6888,#7039,#7041,.T.);
#7039 = VERTEX_POINT('',#7040);
#7040 = CARTESIAN_POINT('',(12.7,136.6774,31.75));
#7041 = SURFACE_CURVE('',#7042,(#7046,#7053),.PCURVE_S1.);
#7042 = LINE('',#7043,#7044);
#7043 = CARTESIAN_POINT('',(12.7,136.6774,32.54375));
#7044 = VECTOR('',#7045,1.);
#7045 = DIRECTION('',(0.,0.,1.));
#7046 = PCURVE('',#6903,#7047);
#7047 = DEFINITIONAL_REPRESENTATION('',(#7048),#7052);
#7048 = LINE('',#7049,#7050);
#7049 = CARTESIAN_POINT('',(19.84375,-12.7));
#7050 = VECTOR('',#7051,1.);
#7051 = DIRECTION('',(1.,0.));
#7052 = ( GEOMETRIC_REPRESENTATION_CONTEXT(2) 
PARAMETRIC_REPRESENTATION_CONTEXT() REPRESENTATION_CONTEXT('2D SPACE',''
  ) );
#7053 = PCURVE('',#4840,#7054);
#7054 = DEFINITIONAL_REPRESENTATION('',(#7055),#7059);
#7055 = LINE('',#7056,#7057);
#7056 = CARTESIAN_POINT('',(19.675116658616,-65.82805987573));
#7057 = VECTOR('',#7058,1.);
#7058 = DIRECTION('',(0.,1.));
#7059 = ( GEOMETRIC_REPRESENTATION_CONTEXT(2) 
PARAMETRIC_REPRESENTATION_CONTEXT() REPRESENTATION_CONTEXT('2D SPACE',''
  ) );
#7060 = ORIENTED_EDGE('',*,*,#7061,.F.);
#7061 = EDGE_CURVE('',#7062,#7039,#7064,.T.);
#7062 = VERTEX_POINT('',#7063);
#7063 = CARTESIAN_POINT('',(0.,136.6774,31.75));
#7064 = SURFACE_CURVE('',#7065,(#7069,#7076),.PCURVE_S1.);
#7065 = LINE('',#7066,#7067);
#7066 = CARTESIAN_POINT('',(0.,136.6774,31.75));
#7067 = VECTOR('',#7068,1.);
#7068 = DIRECTION('',(1.,0.,0.));
#7069 = PCURVE('',#6903,#7070);
#7070 = DEFINITIONAL_REPRESENTATION('',(#7071),#7075);
#7071 = LINE('',#7072,#7073);
#7072 = CARTESIAN_POINT('',(19.05,0.));
#7073 = VECTOR('',#7074,1.);
#7074 = DIRECTION('',(0.,-1.));
#7075 = ( GEOMETRIC_REPRESENTATION_CONTEXT(2) 
PARAMETRIC_REPRESENTATION_CONTEXT() REPRESENTATION_CONTEXT('2D SPACE',''
  ) );
#7076 = PCURVE('',#7077,#7082);
#7077 = PLANE('',#7078);
#7078 = AXIS2_PLACEMENT_3D('',#7079,#7080,#7081);
#7079 = CARTESIAN_POINT('',(0.,136.6774,31.75));
#7080 = DIRECTION('',(0.,0.,1.));
#7081 = DIRECTION('',(0.,1.,0.));
#7082 = DEFINITIONAL_REPRESENTATION('',(#7083),#7087);
#7083 = LINE('',#7084,#7085);
#7084 = CARTESIAN_POINT('',(0.,0.));
#7085 = VECTOR('',#7086,1.);
#7086 = DIRECTION('',(0.,-1.));
#7087 = ( GEOMETRIC_REPRESENTATION_CONTEXT(2) 
PARAMETRIC_REPRESENTATION_CONTEXT() REPRESENTATION_CONTEXT('2D SPACE',''
  ) );
#7088 = ORIENTED_EDGE('',*,*,#7089,.F.);
#7089 = EDGE_CURVE('',#6886,#7062,#7090,.T.);
#7090 = SURFACE_CURVE('',#7091,(#7095,#7102),.PCURVE_S1.);
#7091 = LINE('',#7092,#7093);
#7092 = CARTESIAN_POINT('',(0.,136.6774,32.54375));
#7093 = VECTOR('',#7094,1.);
#7094 = DIRECTION('',(0.,0.,1.));
#7095 = PCURVE('',#6903,#7096);
#7096 = DEFINITIONAL_REPRESENTATION('',(#7097),#7101);
#7097 = LINE('',#7098,#7099);
#7098 = CARTESIAN_POINT('',(19.84375,0.));
#7099 = VECTOR('',#7100,1.);
#7100 = DIRECTION('',(1.,0.));
#7101 = ( GEOMETRIC_REPRESENTATION_CONTEXT(2) 
PARAMETRIC_REPRESENTATION_CONTEXT() REPRESENTATION_CONTEXT('2D SPACE',''
  ) );
#7102 = PCURVE('',#4894,#7103);
#7103 = DEFINITIONAL_REPRESENTATION('',(#7104),#7108);
#7104 = LINE('',#7105,#7106);
#7105 = CARTESIAN_POINT('',(19.675116658616,-65.82805987573));
#7106 = VECTOR('',#7107,1.);
#7107 = DIRECTION('',(0.,1.));
#7108 = ( GEOMETRIC_REPRESENTATION_CONTEXT(2) 
PARAMETRIC_REPRESENTATION_CONTEXT() REPRESENTATION_CONTEXT('2D SPACE',''
  ) );
#7109 = ADVANCED_FACE('',(#7110),#6979,.F.);
#7110 = FACE_BOUND('',#7111,.F.);
#7111 = EDGE_LOOP('',(#7112,#7113,#7136,#7164));
#7112 = ORIENTED_EDGE('',*,*,#6961,.T.);
#7113 = ORIENTED_EDGE('',*,*,#7114,.T.);
#7114 = EDGE_CURVE('',#6964,#7115,#7117,.T.);
#7115 = VERTEX_POINT('',#7116);
#7116 = CARTESIAN_POINT('',(12.7,130.0226,12.7));
#7117 = SURFACE_CURVE('',#7118,(#7122,#7129),.PCURVE_S1.);
#7118 = LINE('',#7119,#7120);
#7119 = CARTESIAN_POINT('',(12.7,0.,12.7));
#7120 = VECTOR('',#7121,1.);
#7121 = DIRECTION('',(0.,1.,0.));
#7122 = PCURVE('',#6979,#7123);
#7123 = DEFINITIONAL_REPRESENTATION('',(#7124),#7128);
#7124 = LINE('',#7125,#7126);
#7125 = CARTESIAN_POINT('',(-54.1274,-12.7));
#7126 = VECTOR('',#7127,1.);
#7127 = DIRECTION('',(1.,0.));
#7128 = ( GEOMETRIC_REPRESENTATION_CONTEXT(2) 
PARAMETRIC_REPRESENTATION_CONTEXT() REPRESENTATION_CONTEXT('2D SPACE',''
  ) );
#7129 = PCURVE('',#4840,#7130);
#7130 = DEFINITIONAL_REPRESENTATION('',(#7131),#7135);
#7131 = LINE('',#7132,#7133);
#7132 = CARTESIAN_POINT('',(-117.0022833413,-85.67180987573));
#7133 = VECTOR('',#7134,1.);
#7134 = DIRECTION('',(1.,0.));
#7135 = ( GEOMETRIC_REPRESENTATION_CONTEXT(2) 
PARAMETRIC_REPRESENTATION_CONTEXT() REPRESENTATION_CONTEXT('2D SPACE',''
  ) );
#7136 = ORIENTED_EDGE('',*,*,#7137,.F.);
#7137 = EDGE_CURVE('',#7138,#7115,#7140,.T.);
#7138 = VERTEX_POINT('',#7139);
#7139 = CARTESIAN_POINT('',(0.,130.0226,12.7));
#7140 = SURFACE_CURVE('',#7141,(#7145,#7152),.PCURVE_S1.);
#7141 = LINE('',#7142,#7143);
#7142 = CARTESIAN_POINT('',(0.,130.0226,12.7));
#7143 = VECTOR('',#7144,1.);
#7144 = DIRECTION('',(1.,0.,0.));
#7145 = PCURVE('',#6979,#7146);
#7146 = DEFINITIONAL_REPRESENTATION('',(#7147),#7151);
#7147 = LINE('',#7148,#7149);
#7148 = CARTESIAN_POINT('',(75.8952,0.));
#7149 = VECTOR('',#7150,1.);
#7150 = DIRECTION('',(0.,-1.));
#7151 = ( GEOMETRIC_REPRESENTATION_CONTEXT(2) 
PARAMETRIC_REPRESENTATION_CONTEXT() REPRESENTATION_CONTEXT('2D SPACE',''
  ) );
#7152 = PCURVE('',#7153,#7158);
#7153 = PLANE('',#7154);
#7154 = AXIS2_PLACEMENT_3D('',#7155,#7156,#7157);
#7155 = CARTESIAN_POINT('',(0.,130.0226,12.7));
#7156 = DIRECTION('',(0.,-1.,0.));
#7157 = DIRECTION('',(0.,0.,1.));
#7158 = DEFINITIONAL_REPRESENTATION('',(#7159),#7163);
#7159 = LINE('',#7160,#7161);
#7160 = CARTESIAN_POINT('',(0.,0.));
#7161 = VECTOR('',#7162,1.);
#7162 = DIRECTION('',(0.,-1.));
#7163 = ( GEOMETRIC_REPRESENTATION_CONTEXT(2) 
PARAMETRIC_REPRESENTATION_CONTEXT() REPRESENTATION_CONTEXT('2D SPACE',''
  ) );
#7164 = ORIENTED_EDGE('',*,*,#7165,.F.);
#7165 = EDGE_CURVE('',#6962,#7138,#7166,.T.);
#7166 = SURFACE_CURVE('',#7167,(#7171,#7178),.PCURVE_S1.);
#7167 = LINE('',#7168,#7169);
#7168 = CARTESIAN_POINT('',(0.,0.,12.7));
#7169 = VECTOR('',#7170,1.);
#7170 = DIRECTION('',(0.,1.,0.));
#7171 = PCURVE('',#6979,#7172);
#7172 = DEFINITIONAL_REPRESENTATION('',(#7173),#7177);
#7173 = LINE('',#7174,#7175);
#7174 = CARTESIAN_POINT('',(-54.1274,0.));
#7175 = VECTOR('',#7176,1.);
#7176 = DIRECTION('',(1.,0.));
#7177 = ( GEOMETRIC_REPRESENTATION_CONTEXT(2) 
PARAMETRIC_REPRESENTATION_CONTEXT() REPRESENTATION_CONTEXT('2D SPACE',''
  ) );
#7178 = PCURVE('',#4894,#7179);
#7179 = DEFINITIONAL_REPRESENTATION('',(#7180),#7184);
#7180 = LINE('',#7181,#7182);
#7181 = CARTESIAN_POINT('',(-117.0022833413,-85.67180987573));
#7182 = VECTOR('',#7183,1.);
#7183 = DIRECTION('',(1.,0.));
#7184 = ( GEOMETRIC_REPRESENTATION_CONTEXT(2) 
PARAMETRIC_REPRESENTATION_CONTEXT() REPRESENTATION_CONTEXT('2D SPACE',''
  ) );
#7185 = ADVANCED_FACE('',(#7186),#7077,.T.);
#7186 = FACE_BOUND('',#7187,.T.);
#7187 = EDGE_LOOP('',(#7188,#7189,#7212,#7240));
#7188 = ORIENTED_EDGE('',*,*,#7061,.T.);
#7189 = ORIENTED_EDGE('',*,*,#7190,.T.);
#7190 = EDGE_CURVE('',#7039,#7191,#7193,.T.);
#7191 = VERTEX_POINT('',#7192);
#7192 = CARTESIAN_POINT('',(12.7,139.05865,31.75));
#7193 = SURFACE_CURVE('',#7194,(#7198,#7205),.PCURVE_S1.);
#7194 = LINE('',#7195,#7196);
#7195 = CARTESIAN_POINT('',(12.7,133.35,31.75));
#7196 = VECTOR('',#7197,1.);
#7197 = DIRECTION('',(0.,1.,0.));
#7198 = PCURVE('',#7077,#7199);
#7199 = DEFINITIONAL_REPRESENTATION('',(#7200),#7204);
#7200 = LINE('',#7201,#7202);
#7201 = CARTESIAN_POINT('',(-3.3274,-12.7));
#7202 = VECTOR('',#7203,1.);
#7203 = DIRECTION('',(1.,0.));
#7204 = ( GEOMETRIC_REPRESENTATION_CONTEXT(2) 
PARAMETRIC_REPRESENTATION_CONTEXT() REPRESENTATION_CONTEXT('2D SPACE',''
  ) );
#7205 = PCURVE('',#4840,#7206);
#7206 = DEFINITIONAL_REPRESENTATION('',(#7207),#7211);
#7207 = LINE('',#7208,#7209);
#7208 = CARTESIAN_POINT('',(16.347716658616,-66.62180987573));
#7209 = VECTOR('',#7210,1.);
#7210 = DIRECTION('',(1.,0.));
#7211 = ( GEOMETRIC_REPRESENTATION_CONTEXT(2) 
PARAMETRIC_REPRESENTATION_CONTEXT() REPRESENTATION_CONTEXT('2D SPACE',''
  ) );
#7212 = ORIENTED_EDGE('',*,*,#7213,.F.);
#7213 = EDGE_CURVE('',#7214,#7191,#7216,.T.);
#7214 = VERTEX_POINT('',#7215);
#7215 = CARTESIAN_POINT('',(0.,139.05865,31.75));
#7216 = SURFACE_CURVE('',#7217,(#7221,#7228),.PCURVE_S1.);
#7217 = LINE('',#7218,#7219);
#7218 = CARTESIAN_POINT('',(0.,139.05865,31.75));
#7219 = VECTOR('',#7220,1.);
#7220 = DIRECTION('',(1.,0.,0.));
#7221 = PCURVE('',#7077,#7222);
#7222 = DEFINITIONAL_REPRESENTATION('',(#7223),#7227);
#7223 = LINE('',#7224,#7225);
#7224 = CARTESIAN_POINT('',(2.38125,0.));
#7225 = VECTOR('',#7226,1.);
#7226 = DIRECTION('',(0.,-1.));
#7227 = ( GEOMETRIC_REPRESENTATION_CONTEXT(2) 
PARAMETRIC_REPRESENTATION_CONTEXT() REPRESENTATION_CONTEXT('2D SPACE',''
  ) );
#7228 = PCURVE('',#7229,#7234);
#7229 = PLANE('',#7230);
#7230 = AXIS2_PLACEMENT_3D('',#7231,#7232,#7233);
#7231 = CARTESIAN_POINT('',(0.,139.05865,31.75));
#7232 = DIRECTION('',(0.,-1.,0.));
#7233 = DIRECTION('',(0.,0.,1.));
#7234 = DEFINITIONAL_REPRESENTATION('',(#7235),#7239);
#7235 = LINE('',#7236,#7237);
#7236 = CARTESIAN_POINT('',(0.,0.));
#7237 = VECTOR('',#7238,1.);
#7238 = DIRECTION('',(0.,-1.));
#7239 = ( GEOMETRIC_REPRESENTATION_CONTEXT(2) 
PARAMETRIC_REPRESENTATION_CONTEXT() REPRESENTATION_CONTEXT('2D SPACE',''
  ) );
#7240 = ORIENTED_EDGE('',*,*,#7241,.F.);
#7241 = EDGE_CURVE('',#7062,#7214,#7242,.T.);
#7242 = SURFACE_CURVE('',#7243,(#7247,#7254),.PCURVE_S1.);
#7243 = LINE('',#7244,#7245);
#7244 = CARTESIAN_POINT('',(0.,133.35,31.75));
#7245 = VECTOR('',#7246,1.);
#7246 = DIRECTION('',(0.,1.,0.));
#7247 = PCURVE('',#7077,#7248);
#7248 = DEFINITIONAL_REPRESENTATION('',(#7249),#7253);
#7249 = LINE('',#7250,#7251);
#7250 = CARTESIAN_POINT('',(-3.3274,0.));
#7251 = VECTOR('',#7252,1.);
#7252 = DIRECTION('',(1.,0.));
#7253 = ( GEOMETRIC_REPRESENTATION_CONTEXT(2) 
PARAMETRIC_REPRESENTATION_CONTEXT() REPRESENTATION_CONTEXT('2D SPACE',''
  ) );
#7254 = PCURVE('',#4894,#7255);
#7255 = DEFINITIONAL_REPRESENTATION('',(#7256),#7260);
#7256 = LINE('',#7257,#7258);
#7257 = CARTESIAN_POINT('',(16.347716658616,-66.62180987573));
#7258 = VECTOR('',#7259,1.);
#7259 = DIRECTION('',(1.,0.));
#7260 = ( GEOMETRIC_REPRESENTATION_CONTEXT(2) 
PARAMETRIC_REPRESENTATION_CONTEXT() REPRESENTATION_CONTEXT('2D SPACE',''
  ) );
#7261 = ADVANCED_FACE('',(#7262),#7153,.F.);
#7262 = FACE_BOUND('',#7263,.F.);
#7263 = EDGE_LOOP('',(#7264,#7265,#7288,#7316));
#7264 = ORIENTED_EDGE('',*,*,#7137,.T.);
#7265 = ORIENTED_EDGE('',*,*,#7266,.T.);
#7266 = EDGE_CURVE('',#7115,#7267,#7269,.T.);
#7267 = VERTEX_POINT('',#7268);
#7268 = CARTESIAN_POINT('',(12.7,130.0226,31.75));
#7269 = SURFACE_CURVE('',#7270,(#7274,#7281),.PCURVE_S1.);
#7270 = LINE('',#7271,#7272);
#7271 = CARTESIAN_POINT('',(12.7,130.0226,32.54375));
#7272 = VECTOR('',#7273,1.);
#7273 = DIRECTION('',(0.,0.,1.));
#7274 = PCURVE('',#7153,#7275);
#7275 = DEFINITIONAL_REPRESENTATION('',(#7276),#7280);
#7276 = LINE('',#7277,#7278);
#7277 = CARTESIAN_POINT('',(19.84375,-12.7));
#7278 = VECTOR('',#7279,1.);
#7279 = DIRECTION('',(1.,0.));
#7280 = ( GEOMETRIC_REPRESENTATION_CONTEXT(2) 
PARAMETRIC_REPRESENTATION_CONTEXT() REPRESENTATION_CONTEXT('2D SPACE',''
  ) );
#7281 = PCURVE('',#4840,#7282);
#7282 = DEFINITIONAL_REPRESENTATION('',(#7283),#7287);
#7283 = LINE('',#7284,#7285);
#7284 = CARTESIAN_POINT('',(13.020316658616,-65.82805987573));
#7285 = VECTOR('',#7286,1.);
#7286 = DIRECTION('',(0.,1.));
#7287 = ( GEOMETRIC_REPRESENTATION_CONTEXT(2) 
PARAMETRIC_REPRESENTATION_CONTEXT() REPRESENTATION_CONTEXT('2D SPACE',''
  ) );
#7288 = ORIENTED_EDGE('',*,*,#7289,.F.);
#7289 = EDGE_CURVE('',#7290,#7267,#7292,.T.);
#7290 = VERTEX_POINT('',#7291);
#7291 = CARTESIAN_POINT('',(0.,130.0226,31.75));
#7292 = SURFACE_CURVE('',#7293,(#7297,#7304),.PCURVE_S1.);
#7293 = LINE('',#7294,#7295);
#7294 = CARTESIAN_POINT('',(0.,130.0226,31.75));
#7295 = VECTOR('',#7296,1.);
#7296 = DIRECTION('',(1.,0.,0.));
#7297 = PCURVE('',#7153,#7298);
#7298 = DEFINITIONAL_REPRESENTATION('',(#7299),#7303);
#7299 = LINE('',#7300,#7301);
#7300 = CARTESIAN_POINT('',(19.05,0.));
#7301 = VECTOR('',#7302,1.);
#7302 = DIRECTION('',(0.,-1.));
#7303 = ( GEOMETRIC_REPRESENTATION_CONTEXT(2) 
PARAMETRIC_REPRESENTATION_CONTEXT() REPRESENTATION_CONTEXT('2D SPACE',''
  ) );
#7304 = PCURVE('',#7305,#7310);
#7305 = PLANE('',#7306);
#7306 = AXIS2_PLACEMENT_3D('',#7307,#7308,#7309);
#7307 = CARTESIAN_POINT('',(0.,127.64135,31.75));
#7308 = DIRECTION('',(0.,0.,1.));
#7309 = DIRECTION('',(0.,1.,0.));
#7310 = DEFINITIONAL_REPRESENTATION('',(#7311),#7315);
#7311 = LINE('',#7312,#7313);
#7312 = CARTESIAN_POINT('',(2.38125,0.));
#7313 = VECTOR('',#7314,1.);
#7314 = DIRECTION('',(0.,-1.));
#7315 = ( GEOMETRIC_REPRESENTATION_CONTEXT(2) 
PARAMETRIC_REPRESENTATION_CONTEXT() REPRESENTATION_CONTEXT('2D SPACE',''
  ) );
#7316 = ORIENTED_EDGE('',*,*,#7317,.F.);
#7317 = EDGE_CURVE('',#7138,#7290,#7318,.T.);
#7318 = SURFACE_CURVE('',#7319,(#7323,#7330),.PCURVE_S1.);
#7319 = LINE('',#7320,#7321);
#7320 = CARTESIAN_POINT('',(0.,130.0226,32.54375));
#7321 = VECTOR('',#7322,1.);
#7322 = DIRECTION('',(0.,0.,1.));
#7323 = PCURVE('',#7153,#7324);
#7324 = DEFINITIONAL_REPRESENTATION('',(#7325),#7329);
#7325 = LINE('',#7326,#7327);
#7326 = CARTESIAN_POINT('',(19.84375,0.));
#7327 = VECTOR('',#7328,1.);
#7328 = DIRECTION('',(1.,0.));
#7329 = ( GEOMETRIC_REPRESENTATION_CONTEXT(2) 
PARAMETRIC_REPRESENTATION_CONTEXT() REPRESENTATION_CONTEXT('2D SPACE',''
  ) );
#7330 = PCURVE('',#4894,#7331);
#7331 = DEFINITIONAL_REPRESENTATION('',(#7332),#7336);
#7332 = LINE('',#7333,#7334);
#7333 = CARTESIAN_POINT('',(13.020316658616,-65.82805987573));
#7334 = VECTOR('',#7335,1.);
#7335 = DIRECTION('',(0.,1.));
#7336 = ( GEOMETRIC_REPRESENTATION_CONTEXT(2) 
PARAMETRIC_REPRESENTATION_CONTEXT() REPRESENTATION_CONTEXT('2D SPACE',''
  ) );
#7337 = ADVANCED_FACE('',(#7338),#7229,.T.);
#7338 = FACE_BOUND('',#7339,.T.);
#7339 = EDGE_LOOP('',(#7340,#7341,#7364,#7392));
#7340 = ORIENTED_EDGE('',*,*,#7213,.T.);
#7341 = ORIENTED_EDGE('',*,*,#7342,.T.);
#7342 = EDGE_CURVE('',#7191,#7343,#7345,.T.);
#7343 = VERTEX_POINT('',#7344);
#7344 = CARTESIAN_POINT('',(12.7,139.05865,37.6174));
#7345 = SURFACE_CURVE('',#7346,(#7350,#7357),.PCURVE_S1.);
#7346 = LINE('',#7347,#7348);
#7347 = CARTESIAN_POINT('',(12.7,139.05865,34.6837));
#7348 = VECTOR('',#7349,1.);
#7349 = DIRECTION('',(0.,0.,1.));
#7350 = PCURVE('',#7229,#7351);
#7351 = DEFINITIONAL_REPRESENTATION('',(#7352),#7356);
#7352 = LINE('',#7353,#7354);
#7353 = CARTESIAN_POINT('',(2.9337,-12.7));
#7354 = VECTOR('',#7355,1.);
#7355 = DIRECTION('',(1.,0.));
#7356 = ( GEOMETRIC_REPRESENTATION_CONTEXT(2) 
PARAMETRIC_REPRESENTATION_CONTEXT() REPRESENTATION_CONTEXT('2D SPACE',''
  ) );
#7357 = PCURVE('',#4840,#7358);
#7358 = DEFINITIONAL_REPRESENTATION('',(#7359),#7363);
#7359 = LINE('',#7360,#7361);
#7360 = CARTESIAN_POINT('',(22.056366658616,-63.68810987573));
#7361 = VECTOR('',#7362,1.);
#7362 = DIRECTION('',(0.,1.));
#7363 = ( GEOMETRIC_REPRESENTATION_CONTEXT(2) 
PARAMETRIC_REPRESENTATION_CONTEXT() REPRESENTATION_CONTEXT('2D SPACE',''
  ) );
#7364 = ORIENTED_EDGE('',*,*,#7365,.F.);
#7365 = EDGE_CURVE('',#7366,#7343,#7368,.T.);
#7366 = VERTEX_POINT('',#7367);
#7367 = CARTESIAN_POINT('',(0.,139.05865,37.6174));
#7368 = SURFACE_CURVE('',#7369,(#7373,#7380),.PCURVE_S1.);
#7369 = LINE('',#7370,#7371);
#7370 = CARTESIAN_POINT('',(0.,139.05865,37.6174));
#7371 = VECTOR('',#7372,1.);
#7372 = DIRECTION('',(1.,0.,0.));
#7373 = PCURVE('',#7229,#7374);
#7374 = DEFINITIONAL_REPRESENTATION('',(#7375),#7379);
#7375 = LINE('',#7376,#7377);
#7376 = CARTESIAN_POINT('',(5.8674,0.));
#7377 = VECTOR('',#7378,1.);
#7378 = DIRECTION('',(0.,-1.));
#7379 = ( GEOMETRIC_REPRESENTATION_CONTEXT(2) 
PARAMETRIC_REPRESENTATION_CONTEXT() REPRESENTATION_CONTEXT('2D SPACE',''
  ) );
#7380 = PCURVE('',#7381,#7386);
#7381 = PLANE('',#7382);
#7382 = AXIS2_PLACEMENT_3D('',#7383,#7384,#7385);
#7383 = CARTESIAN_POINT('',(0.,136.6774,37.6174));
#7384 = DIRECTION('',(0.,0.,1.));
#7385 = DIRECTION('',(0.,1.,0.));
#7386 = DEFINITIONAL_REPRESENTATION('',(#7387),#7391);
#7387 = LINE('',#7388,#7389);
#7388 = CARTESIAN_POINT('',(2.38125,0.));
#7389 = VECTOR('',#7390,1.);
#7390 = DIRECTION('',(0.,-1.));
#7391 = ( GEOMETRIC_REPRESENTATION_CONTEXT(2) 
PARAMETRIC_REPRESENTATION_CONTEXT() REPRESENTATION_CONTEXT('2D SPACE',''
  ) );
#7392 = ORIENTED_EDGE('',*,*,#7393,.F.);
#7393 = EDGE_CURVE('',#7214,#7366,#7394,.T.);
#7394 = SURFACE_CURVE('',#7395,(#7399,#7406),.PCURVE_S1.);
#7395 = LINE('',#7396,#7397);
#7396 = CARTESIAN_POINT('',(0.,139.05865,34.6837));
#7397 = VECTOR('',#7398,1.);
#7398 = DIRECTION('',(0.,0.,1.));
#7399 = PCURVE('',#7229,#7400);
#7400 = DEFINITIONAL_REPRESENTATION('',(#7401),#7405);
#7401 = LINE('',#7402,#7403);
#7402 = CARTESIAN_POINT('',(2.9337,0.));
#7403 = VECTOR('',#7404,1.);
#7404 = DIRECTION('',(1.,0.));
#7405 = ( GEOMETRIC_REPRESENTATION_CONTEXT(2) 
PARAMETRIC_REPRESENTATION_CONTEXT() REPRESENTATION_CONTEXT('2D SPACE',''
  ) );
#7406 = PCURVE('',#4894,#7407);
#7407 = DEFINITIONAL_REPRESENTATION('',(#7408),#7412);
#7408 = LINE('',#7409,#7410);
#7409 = CARTESIAN_POINT('',(22.056366658616,-63.68810987573));
#7410 = VECTOR('',#7411,1.);
#7411 = DIRECTION('',(0.,1.));
#7412 = ( GEOMETRIC_REPRESENTATION_CONTEXT(2) 
PARAMETRIC_REPRESENTATION_CONTEXT() REPRESENTATION_CONTEXT('2D SPACE',''
  ) );
#7413 = ADVANCED_FACE('',(#7414),#7305,.T.);
#7414 = FACE_BOUND('',#7415,.T.);
#7415 = EDGE_LOOP('',(#7416,#7446,#7467,#7468));
#7416 = ORIENTED_EDGE('',*,*,#7417,.T.);
#7417 = EDGE_CURVE('',#7418,#7420,#7422,.T.);
#7418 = VERTEX_POINT('',#7419);
#7419 = CARTESIAN_POINT('',(0.,127.64135,31.75));
#7420 = VERTEX_POINT('',#7421);
#7421 = CARTESIAN_POINT('',(12.7,127.64135,31.75));
#7422 = SURFACE_CURVE('',#7423,(#7427,#7434),.PCURVE_S1.);
#7423 = LINE('',#7424,#7425);
#7424 = CARTESIAN_POINT('',(0.,127.64135,31.75));
#7425 = VECTOR('',#7426,1.);
#7426 = DIRECTION('',(1.,0.,0.));
#7427 = PCURVE('',#7305,#7428);
#7428 = DEFINITIONAL_REPRESENTATION('',(#7429),#7433);
#7429 = LINE('',#7430,#7431);
#7430 = CARTESIAN_POINT('',(0.,0.));
#7431 = VECTOR('',#7432,1.);
#7432 = DIRECTION('',(0.,-1.));
#7433 = ( GEOMETRIC_REPRESENTATION_CONTEXT(2) 
PARAMETRIC_REPRESENTATION_CONTEXT() REPRESENTATION_CONTEXT('2D SPACE',''
  ) );
#7434 = PCURVE('',#7435,#7440);
#7435 = PLANE('',#7436);
#7436 = AXIS2_PLACEMENT_3D('',#7437,#7438,#7439);
#7437 = CARTESIAN_POINT('',(0.,127.64135,31.75));
#7438 = DIRECTION('',(0.,-1.,0.));
#7439 = DIRECTION('',(0.,0.,1.));
#7440 = DEFINITIONAL_REPRESENTATION('',(#7441),#7445);
#7441 = LINE('',#7442,#7443);
#7442 = CARTESIAN_POINT('',(0.,0.));
#7443 = VECTOR('',#7444,1.);
#7444 = DIRECTION('',(0.,-1.));
#7445 = ( GEOMETRIC_REPRESENTATION_CONTEXT(2) 
PARAMETRIC_REPRESENTATION_CONTEXT() REPRESENTATION_CONTEXT('2D SPACE',''
  ) );
#7446 = ORIENTED_EDGE('',*,*,#7447,.T.);
#7447 = EDGE_CURVE('',#7420,#7267,#7448,.T.);
#7448 = SURFACE_CURVE('',#7449,(#7453,#7460),.PCURVE_S1.);
#7449 = LINE('',#7450,#7451);
#7450 = CARTESIAN_POINT('',(12.7,133.35,31.75));
#7451 = VECTOR('',#7452,1.);
#7452 = DIRECTION('',(0.,1.,0.));
#7453 = PCURVE('',#7305,#7454);
#7454 = DEFINITIONAL_REPRESENTATION('',(#7455),#7459);
#7455 = LINE('',#7456,#7457);
#7456 = CARTESIAN_POINT('',(5.70865,-12.7));
#7457 = VECTOR('',#7458,1.);
#7458 = DIRECTION('',(1.,0.));
#7459 = ( GEOMETRIC_REPRESENTATION_CONTEXT(2) 
PARAMETRIC_REPRESENTATION_CONTEXT() REPRESENTATION_CONTEXT('2D SPACE',''
  ) );
#7460 = PCURVE('',#4840,#7461);
#7461 = DEFINITIONAL_REPRESENTATION('',(#7462),#7466);
#7462 = LINE('',#7463,#7464);
#7463 = CARTESIAN_POINT('',(16.347716658616,-66.62180987573));
#7464 = VECTOR('',#7465,1.);
#7465 = DIRECTION('',(1.,0.));
#7466 = ( GEOMETRIC_REPRESENTATION_CONTEXT(2) 
PARAMETRIC_REPRESENTATION_CONTEXT() REPRESENTATION_CONTEXT('2D SPACE',''
  ) );
#7467 = ORIENTED_EDGE('',*,*,#7289,.F.);
#7468 = ORIENTED_EDGE('',*,*,#7469,.F.);
#7469 = EDGE_CURVE('',#7418,#7290,#7470,.T.);
#7470 = SURFACE_CURVE('',#7471,(#7475,#7482),.PCURVE_S1.);
#7471 = LINE('',#7472,#7473);
#7472 = CARTESIAN_POINT('',(0.,133.35,31.75));
#7473 = VECTOR('',#7474,1.);
#7474 = DIRECTION('',(0.,1.,0.));
#7475 = PCURVE('',#7305,#7476);
#7476 = DEFINITIONAL_REPRESENTATION('',(#7477),#7481);
#7477 = LINE('',#7478,#7479);
#7478 = CARTESIAN_POINT('',(5.70865,0.));
#7479 = VECTOR('',#7480,1.);
#7480 = DIRECTION('',(1.,0.));
#7481 = ( GEOMETRIC_REPRESENTATION_CONTEXT(2) 
PARAMETRIC_REPRESENTATION_CONTEXT() REPRESENTATION_CONTEXT('2D SPACE',''
  ) );
#7482 = PCURVE('',#4894,#7483);
#7483 = DEFINITIONAL_REPRESENTATION('',(#7484),#7488);
#7484 = LINE('',#7485,#7486);
#7485 = CARTESIAN_POINT('',(16.347716658616,-66.62180987573));
#7486 = VECTOR('',#7487,1.);
#7487 = DIRECTION('',(1.,0.));
#7488 = ( GEOMETRIC_REPRESENTATION_CONTEXT(2) 
PARAMETRIC_REPRESENTATION_CONTEXT() REPRESENTATION_CONTEXT('2D SPACE',''
  ) );
#7489 = ADVANCED_FACE('',(#7490),#7381,.F.);
#7490 = FACE_BOUND('',#7491,.F.);
#7491 = EDGE_LOOP('',(#7492,#7522,#7543,#7544));
#7492 = ORIENTED_EDGE('',*,*,#7493,.T.);
#7493 = EDGE_CURVE('',#7494,#7496,#7498,.T.);
#7494 = VERTEX_POINT('',#7495);
#7495 = CARTESIAN_POINT('',(0.,136.6774,37.6174));
#7496 = VERTEX_POINT('',#7497);
#7497 = CARTESIAN_POINT('',(12.7,136.6774,37.6174));
#7498 = SURFACE_CURVE('',#7499,(#7503,#7510),.PCURVE_S1.);
#7499 = LINE('',#7500,#7501);
#7500 = CARTESIAN_POINT('',(0.,136.6774,37.6174));
#7501 = VECTOR('',#7502,1.);
#7502 = DIRECTION('',(1.,0.,0.));
#7503 = PCURVE('',#7381,#7504);
#7504 = DEFINITIONAL_REPRESENTATION('',(#7505),#7509);
#7505 = LINE('',#7506,#7507);
#7506 = CARTESIAN_POINT('',(0.,0.));
#7507 = VECTOR('',#7508,1.);
#7508 = DIRECTION('',(0.,-1.));
#7509 = ( GEOMETRIC_REPRESENTATION_CONTEXT(2) 
PARAMETRIC_REPRESENTATION_CONTEXT() REPRESENTATION_CONTEXT('2D SPACE',''
  ) );
#7510 = PCURVE('',#7511,#7516);
#7511 = PLANE('',#7512);
#7512 = AXIS2_PLACEMENT_3D('',#7513,#7514,#7515);
#7513 = CARTESIAN_POINT('',(0.,136.6774,37.6174));
#7514 = DIRECTION('',(0.,-1.,0.));
#7515 = DIRECTION('',(0.,0.,1.));
#7516 = DEFINITIONAL_REPRESENTATION('',(#7517),#7521);
#7517 = LINE('',#7518,#7519);
#7518 = CARTESIAN_POINT('',(0.,0.));
#7519 = VECTOR('',#7520,1.);
#7520 = DIRECTION('',(0.,-1.));
#7521 = ( GEOMETRIC_REPRESENTATION_CONTEXT(2) 
PARAMETRIC_REPRESENTATION_CONTEXT() REPRESENTATION_CONTEXT('2D SPACE',''
  ) );
#7522 = ORIENTED_EDGE('',*,*,#7523,.T.);
#7523 = EDGE_CURVE('',#7496,#7343,#7524,.T.);
#7524 = SURFACE_CURVE('',#7525,(#7529,#7536),.PCURVE_S1.);
#7525 = LINE('',#7526,#7527);
#7526 = CARTESIAN_POINT('',(12.7,133.35,37.6174));
#7527 = VECTOR('',#7528,1.);
#7528 = DIRECTION('',(0.,1.,0.));
#7529 = PCURVE('',#7381,#7530);
#7530 = DEFINITIONAL_REPRESENTATION('',(#7531),#7535);
#7531 = LINE('',#7532,#7533);
#7532 = CARTESIAN_POINT('',(-3.3274,-12.7));
#7533 = VECTOR('',#7534,1.);
#7534 = DIRECTION('',(1.,0.));
#7535 = ( GEOMETRIC_REPRESENTATION_CONTEXT(2) 
PARAMETRIC_REPRESENTATION_CONTEXT() REPRESENTATION_CONTEXT('2D SPACE',''
  ) );
#7536 = PCURVE('',#4840,#7537);
#7537 = DEFINITIONAL_REPRESENTATION('',(#7538),#7542);
#7538 = LINE('',#7539,#7540);
#7539 = CARTESIAN_POINT('',(16.347716658616,-60.75440987573));
#7540 = VECTOR('',#7541,1.);
#7541 = DIRECTION('',(1.,0.));
#7542 = ( GEOMETRIC_REPRESENTATION_CONTEXT(2) 
PARAMETRIC_REPRESENTATION_CONTEXT() REPRESENTATION_CONTEXT('2D SPACE',''
  ) );
#7543 = ORIENTED_EDGE('',*,*,#7365,.F.);
#7544 = ORIENTED_EDGE('',*,*,#7545,.F.);
#7545 = EDGE_CURVE('',#7494,#7366,#7546,.T.);
#7546 = SURFACE_CURVE('',#7547,(#7551,#7558),.PCURVE_S1.);
#7547 = LINE('',#7548,#7549);
#7548 = CARTESIAN_POINT('',(0.,133.35,37.6174));
#7549 = VECTOR('',#7550,1.);
#7550 = DIRECTION('',(0.,1.,0.));
#7551 = PCURVE('',#7381,#7552);
#7552 = DEFINITIONAL_REPRESENTATION('',(#7553),#7557);
#7553 = LINE('',#7554,#7555);
#7554 = CARTESIAN_POINT('',(-3.3274,0.));
#7555 = VECTOR('',#7556,1.);
#7556 = DIRECTION('',(1.,0.));
#7557 = ( GEOMETRIC_REPRESENTATION_CONTEXT(2) 
PARAMETRIC_REPRESENTATION_CONTEXT() REPRESENTATION_CONTEXT('2D SPACE',''
  ) );
#7558 = PCURVE('',#4894,#7559);
#7559 = DEFINITIONAL_REPRESENTATION('',(#7560),#7564);
#7560 = LINE('',#7561,#7562);
#7561 = CARTESIAN_POINT('',(16.347716658616,-60.75440987573));
#7562 = VECTOR('',#7563,1.);
#7563 = DIRECTION('',(1.,0.));
#7564 = ( GEOMETRIC_REPRESENTATION_CONTEXT(2) 
PARAMETRIC_REPRESENTATION_CONTEXT() REPRESENTATION_CONTEXT('2D SPACE',''
  ) );
#7565 = ADVANCED_FACE('',(#7566),#7435,.F.);
#7566 = FACE_BOUND('',#7567,.F.);
#7567 = EDGE_LOOP('',(#7568,#7569,#7592,#7620));
#7568 = ORIENTED_EDGE('',*,*,#7417,.T.);
#7569 = ORIENTED_EDGE('',*,*,#7570,.T.);
#7570 = EDGE_CURVE('',#7420,#7571,#7573,.T.);
#7571 = VERTEX_POINT('',#7572);
#7572 = CARTESIAN_POINT('',(12.7,127.64135,37.6174));
#7573 = SURFACE_CURVE('',#7574,(#7578,#7585),.PCURVE_S1.);
#7574 = LINE('',#7575,#7576);
#7575 = CARTESIAN_POINT('',(12.7,127.64135,34.6837));
#7576 = VECTOR('',#7577,1.);
#7577 = DIRECTION('',(0.,0.,1.));
#7578 = PCURVE('',#7435,#7579);
#7579 = DEFINITIONAL_REPRESENTATION('',(#7580),#7584);
#7580 = LINE('',#7581,#7582);
#7581 = CARTESIAN_POINT('',(2.9337,-12.7));
#7582 = VECTOR('',#7583,1.);
#7583 = DIRECTION('',(1.,0.));
#7584 = ( GEOMETRIC_REPRESENTATION_CONTEXT(2) 
PARAMETRIC_REPRESENTATION_CONTEXT() REPRESENTATION_CONTEXT('2D SPACE',''
  ) );
#7585 = PCURVE('',#4840,#7586);
#7586 = DEFINITIONAL_REPRESENTATION('',(#7587),#7591);
#7587 = LINE('',#7588,#7589);
#7588 = CARTESIAN_POINT('',(10.639066658616,-63.68810987573));
#7589 = VECTOR('',#7590,1.);
#7590 = DIRECTION('',(0.,1.));
#7591 = ( GEOMETRIC_REPRESENTATION_CONTEXT(2) 
PARAMETRIC_REPRESENTATION_CONTEXT() REPRESENTATION_CONTEXT('2D SPACE',''
  ) );
#7592 = ORIENTED_EDGE('',*,*,#7593,.F.);
#7593 = EDGE_CURVE('',#7594,#7571,#7596,.T.);
#7594 = VERTEX_POINT('',#7595);
#7595 = CARTESIAN_POINT('',(0.,127.64135,37.6174));
#7596 = SURFACE_CURVE('',#7597,(#7601,#7608),.PCURVE_S1.);
#7597 = LINE('',#7598,#7599);
#7598 = CARTESIAN_POINT('',(0.,127.64135,37.6174));
#7599 = VECTOR('',#7600,1.);
#7600 = DIRECTION('',(1.,0.,0.));
#7601 = PCURVE('',#7435,#7602);
#7602 = DEFINITIONAL_REPRESENTATION('',(#7603),#7607);
#7603 = LINE('',#7604,#7605);
#7604 = CARTESIAN_POINT('',(5.8674,0.));
#7605 = VECTOR('',#7606,1.);
#7606 = DIRECTION('',(0.,-1.));
#7607 = ( GEOMETRIC_REPRESENTATION_CONTEXT(2) 
PARAMETRIC_REPRESENTATION_CONTEXT() REPRESENTATION_CONTEXT('2D SPACE',''
  ) );
#7608 = PCURVE('',#7609,#7614);
#7609 = PLANE('',#7610);
#7610 = AXIS2_PLACEMENT_3D('',#7611,#7612,#7613);
#7611 = CARTESIAN_POINT('',(0.,127.64135,37.6174));
#7612 = DIRECTION('',(0.,0.,1.));
#7613 = DIRECTION('',(0.,1.,0.));
#7614 = DEFINITIONAL_REPRESENTATION('',(#7615),#7619);
#7615 = LINE('',#7616,#7617);
#7616 = CARTESIAN_POINT('',(0.,0.));
#7617 = VECTOR('',#7618,1.);
#7618 = DIRECTION('',(0.,-1.));
#7619 = ( GEOMETRIC_REPRESENTATION_CONTEXT(2) 
PARAMETRIC_REPRESENTATION_CONTEXT() REPRESENTATION_CONTEXT('2D SPACE',''
  ) );
#7620 = ORIENTED_EDGE('',*,*,#7621,.F.);
#7621 = EDGE_CURVE('',#7418,#7594,#7622,.T.);
#7622 = SURFACE_CURVE('',#7623,(#7627,#7634),.PCURVE_S1.);
#7623 = LINE('',#7624,#7625);
#7624 = CARTESIAN_POINT('',(0.,127.64135,34.6837));
#7625 = VECTOR('',#7626,1.);
#7626 = DIRECTION('',(0.,0.,1.));
#7627 = PCURVE('',#7435,#7628);
#7628 = DEFINITIONAL_REPRESENTATION('',(#7629),#7633);
#7629 = LINE('',#7630,#7631);
#7630 = CARTESIAN_POINT('',(2.9337,0.));
#7631 = VECTOR('',#7632,1.);
#7632 = DIRECTION('',(1.,0.));
#7633 = ( GEOMETRIC_REPRESENTATION_CONTEXT(2) 
PARAMETRIC_REPRESENTATION_CONTEXT() REPRESENTATION_CONTEXT('2D SPACE',''
  ) );
#7634 = PCURVE('',#4894,#7635);
#7635 = DEFINITIONAL_REPRESENTATION('',(#7636),#7640);
#7636 = LINE('',#7637,#7638);
#7637 = CARTESIAN_POINT('',(10.639066658616,-63.68810987573));
#7638 = VECTOR('',#7639,1.);
#7639 = DIRECTION('',(0.,1.));
#7640 = ( GEOMETRIC_REPRESENTATION_CONTEXT(2) 
PARAMETRIC_REPRESENTATION_CONTEXT() REPRESENTATION_CONTEXT('2D SPACE',''
  ) );
#7641 = ADVANCED_FACE('',(#7642),#7511,.T.);
#7642 = FACE_BOUND('',#7643,.T.);
#7643 = EDGE_LOOP('',(#7644,#7645,#7668,#7696));
#7644 = ORIENTED_EDGE('',*,*,#7493,.T.);
#7645 = ORIENTED_EDGE('',*,*,#7646,.T.);
#7646 = EDGE_CURVE('',#7496,#7647,#7649,.T.);
#7647 = VERTEX_POINT('',#7648);
#7648 = CARTESIAN_POINT('',(12.7,136.6774,52.3875));
#7649 = SURFACE_CURVE('',#7650,(#7654,#7661),.PCURVE_S1.);
#7650 = LINE('',#7651,#7652);
#7651 = CARTESIAN_POINT('',(12.7,136.6774,32.54375));
#7652 = VECTOR('',#7653,1.);
#7653 = DIRECTION('',(0.,0.,1.));
#7654 = PCURVE('',#7511,#7655);
#7655 = DEFINITIONAL_REPRESENTATION('',(#7656),#7660);
#7656 = LINE('',#7657,#7658);
#7657 = CARTESIAN_POINT('',(-5.07365,-12.7));
#7658 = VECTOR('',#7659,1.);
#7659 = DIRECTION('',(1.,0.));
#7660 = ( GEOMETRIC_REPRESENTATION_CONTEXT(2) 
PARAMETRIC_REPRESENTATION_CONTEXT() REPRESENTATION_CONTEXT('2D SPACE',''
  ) );
#7661 = PCURVE('',#4840,#7662);
#7662 = DEFINITIONAL_REPRESENTATION('',(#7663),#7667);
#7663 = LINE('',#7664,#7665);
#7664 = CARTESIAN_POINT('',(19.675116658616,-65.82805987573));
#7665 = VECTOR('',#7666,1.);
#7666 = DIRECTION('',(0.,1.));
#7667 = ( GEOMETRIC_REPRESENTATION_CONTEXT(2) 
PARAMETRIC_REPRESENTATION_CONTEXT() REPRESENTATION_CONTEXT('2D SPACE',''
  ) );
#7668 = ORIENTED_EDGE('',*,*,#7669,.F.);
#7669 = EDGE_CURVE('',#7670,#7647,#7672,.T.);
#7670 = VERTEX_POINT('',#7671);
#7671 = CARTESIAN_POINT('',(0.,136.6774,52.3875));
#7672 = SURFACE_CURVE('',#7673,(#7677,#7684),.PCURVE_S1.);
#7673 = LINE('',#7674,#7675);
#7674 = CARTESIAN_POINT('',(0.,136.6774,52.3875));
#7675 = VECTOR('',#7676,1.);
#7676 = DIRECTION('',(1.,0.,0.));
#7677 = PCURVE('',#7511,#7678);
#7678 = DEFINITIONAL_REPRESENTATION('',(#7679),#7683);
#7679 = LINE('',#7680,#7681);
#7680 = CARTESIAN_POINT('',(14.7701,0.));
#7681 = VECTOR('',#7682,1.);
#7682 = DIRECTION('',(0.,-1.));
#7683 = ( GEOMETRIC_REPRESENTATION_CONTEXT(2) 
PARAMETRIC_REPRESENTATION_CONTEXT() REPRESENTATION_CONTEXT('2D SPACE',''
  ) );
#7684 = PCURVE('',#7685,#7690);
#7685 = PLANE('',#7686);
#7686 = AXIS2_PLACEMENT_3D('',#7687,#7688,#7689);
#7687 = CARTESIAN_POINT('',(0.,130.0226,52.3875));
#7688 = DIRECTION('',(0.,0.,1.));
#7689 = DIRECTION('',(0.,1.,0.));
#7690 = DEFINITIONAL_REPRESENTATION('',(#7691),#7695);
#7691 = LINE('',#7692,#7693);
#7692 = CARTESIAN_POINT('',(6.6548,0.));
#7693 = VECTOR('',#7694,1.);
#7694 = DIRECTION('',(0.,-1.));
#7695 = ( GEOMETRIC_REPRESENTATION_CONTEXT(2) 
PARAMETRIC_REPRESENTATION_CONTEXT() REPRESENTATION_CONTEXT('2D SPACE',''
  ) );
#7696 = ORIENTED_EDGE('',*,*,#7697,.F.);
#7697 = EDGE_CURVE('',#7494,#7670,#7698,.T.);
#7698 = SURFACE_CURVE('',#7699,(#7703,#7710),.PCURVE_S1.);
#7699 = LINE('',#7700,#7701);
#7700 = CARTESIAN_POINT('',(0.,136.6774,32.54375));
#7701 = VECTOR('',#7702,1.);
#7702 = DIRECTION('',(0.,0.,1.));
#7703 = PCURVE('',#7511,#7704);
#7704 = DEFINITIONAL_REPRESENTATION('',(#7705),#7709);
#7705 = LINE('',#7706,#7707);
#7706 = CARTESIAN_POINT('',(-5.07365,0.));
#7707 = VECTOR('',#7708,1.);
#7708 = DIRECTION('',(1.,0.));
#7709 = ( GEOMETRIC_REPRESENTATION_CONTEXT(2) 
PARAMETRIC_REPRESENTATION_CONTEXT() REPRESENTATION_CONTEXT('2D SPACE',''
  ) );
#7710 = PCURVE('',#4894,#7711);
#7711 = DEFINITIONAL_REPRESENTATION('',(#7712),#7716);
#7712 = LINE('',#7713,#7714);
#7713 = CARTESIAN_POINT('',(19.675116658616,-65.82805987573));
#7714 = VECTOR('',#7715,1.);
#7715 = DIRECTION('',(0.,1.));
#7716 = ( GEOMETRIC_REPRESENTATION_CONTEXT(2) 
PARAMETRIC_REPRESENTATION_CONTEXT() REPRESENTATION_CONTEXT('2D SPACE',''
  ) );
#7717 = ADVANCED_FACE('',(#7718),#7609,.F.);
#7718 = FACE_BOUND('',#7719,.F.);
#7719 = EDGE_LOOP('',(#7720,#7721,#7744,#7772));
#7720 = ORIENTED_EDGE('',*,*,#7593,.T.);
#7721 = ORIENTED_EDGE('',*,*,#7722,.T.);
#7722 = EDGE_CURVE('',#7571,#7723,#7725,.T.);
#7723 = VERTEX_POINT('',#7724);
#7724 = CARTESIAN_POINT('',(12.7,130.0226,37.6174));
#7725 = SURFACE_CURVE('',#7726,(#7730,#7737),.PCURVE_S1.);
#7726 = LINE('',#7727,#7728);
#7727 = CARTESIAN_POINT('',(12.7,133.35,37.6174));
#7728 = VECTOR('',#7729,1.);
#7729 = DIRECTION('',(0.,1.,0.));
#7730 = PCURVE('',#7609,#7731);
#7731 = DEFINITIONAL_REPRESENTATION('',(#7732),#7736);
#7732 = LINE('',#7733,#7734);
#7733 = CARTESIAN_POINT('',(5.70865,-12.7));
#7734 = VECTOR('',#7735,1.);
#7735 = DIRECTION('',(1.,0.));
#7736 = ( GEOMETRIC_REPRESENTATION_CONTEXT(2) 
PARAMETRIC_REPRESENTATION_CONTEXT() REPRESENTATION_CONTEXT('2D SPACE',''
  ) );
#7737 = PCURVE('',#4840,#7738);
#7738 = DEFINITIONAL_REPRESENTATION('',(#7739),#7743);
#7739 = LINE('',#7740,#7741);
#7740 = CARTESIAN_POINT('',(16.347716658616,-60.75440987573));
#7741 = VECTOR('',#7742,1.);
#7742 = DIRECTION('',(1.,0.));
#7743 = ( GEOMETRIC_REPRESENTATION_CONTEXT(2) 
PARAMETRIC_REPRESENTATION_CONTEXT() REPRESENTATION_CONTEXT('2D SPACE',''
  ) );
#7744 = ORIENTED_EDGE('',*,*,#7745,.F.);
#7745 = EDGE_CURVE('',#7746,#7723,#7748,.T.);
#7746 = VERTEX_POINT('',#7747);
#7747 = CARTESIAN_POINT('',(0.,130.0226,37.6174));
#7748 = SURFACE_CURVE('',#7749,(#7753,#7760),.PCURVE_S1.);
#7749 = LINE('',#7750,#7751);
#7750 = CARTESIAN_POINT('',(0.,130.0226,37.6174));
#7751 = VECTOR('',#7752,1.);
#7752 = DIRECTION('',(1.,0.,0.));
#7753 = PCURVE('',#7609,#7754);
#7754 = DEFINITIONAL_REPRESENTATION('',(#7755),#7759);
#7755 = LINE('',#7756,#7757);
#7756 = CARTESIAN_POINT('',(2.38125,0.));
#7757 = VECTOR('',#7758,1.);
#7758 = DIRECTION('',(0.,-1.));
#7759 = ( GEOMETRIC_REPRESENTATION_CONTEXT(2) 
PARAMETRIC_REPRESENTATION_CONTEXT() REPRESENTATION_CONTEXT('2D SPACE',''
  ) );
#7760 = PCURVE('',#7761,#7766);
#7761 = PLANE('',#7762);
#7762 = AXIS2_PLACEMENT_3D('',#7763,#7764,#7765);
#7763 = CARTESIAN_POINT('',(0.,130.0226,37.6174));
#7764 = DIRECTION('',(0.,-1.,0.));
#7765 = DIRECTION('',(0.,0.,1.));
#7766 = DEFINITIONAL_REPRESENTATION('',(#7767),#7771);
#7767 = LINE('',#7768,#7769);
#7768 = CARTESIAN_POINT('',(0.,0.));
#7769 = VECTOR('',#7770,1.);
#7770 = DIRECTION('',(0.,-1.));
#7771 = ( GEOMETRIC_REPRESENTATION_CONTEXT(2) 
PARAMETRIC_REPRESENTATION_CONTEXT() REPRESENTATION_CONTEXT('2D SPACE',''
  ) );
#7772 = ORIENTED_EDGE('',*,*,#7773,.F.);
#7773 = EDGE_CURVE('',#7594,#7746,#7774,.T.);
#7774 = SURFACE_CURVE('',#7775,(#7779,#7786),.PCURVE_S1.);
#7775 = LINE('',#7776,#7777);
#7776 = CARTESIAN_POINT('',(0.,133.35,37.6174));
#7777 = VECTOR('',#7778,1.);
#7778 = DIRECTION('',(0.,1.,0.));
#7779 = PCURVE('',#7609,#7780);
#7780 = DEFINITIONAL_REPRESENTATION('',(#7781),#7785);
#7781 = LINE('',#7782,#7783);
#7782 = CARTESIAN_POINT('',(5.70865,0.));
#7783 = VECTOR('',#7784,1.);
#7784 = DIRECTION('',(1.,0.));
#7785 = ( GEOMETRIC_REPRESENTATION_CONTEXT(2) 
PARAMETRIC_REPRESENTATION_CONTEXT() REPRESENTATION_CONTEXT('2D SPACE',''
  ) );
#7786 = PCURVE('',#4894,#7787);
#7787 = DEFINITIONAL_REPRESENTATION('',(#7788),#7792);
#7788 = LINE('',#7789,#7790);
#7789 = CARTESIAN_POINT('',(16.347716658616,-60.75440987573));
#7790 = VECTOR('',#7791,1.);
#7791 = DIRECTION('',(1.,0.));
#7792 = ( GEOMETRIC_REPRESENTATION_CONTEXT(2) 
PARAMETRIC_REPRESENTATION_CONTEXT() REPRESENTATION_CONTEXT('2D SPACE',''
  ) );
#7793 = ADVANCED_FACE('',(#7794),#7685,.F.);
#7794 = FACE_BOUND('',#7795,.F.);
#7795 = EDGE_LOOP('',(#7796,#7821,#7842,#7843));
#7796 = ORIENTED_EDGE('',*,*,#7797,.T.);
#7797 = EDGE_CURVE('',#7798,#7800,#7802,.T.);
#7798 = VERTEX_POINT('',#7799);
#7799 = CARTESIAN_POINT('',(0.,130.0226,52.3875));
#7800 = VERTEX_POINT('',#7801);
#7801 = CARTESIAN_POINT('',(12.7,130.0226,52.3875));
#7802 = SURFACE_CURVE('',#7803,(#7807,#7814),.PCURVE_S1.);
#7803 = LINE('',#7804,#7805);
#7804 = CARTESIAN_POINT('',(0.,130.0226,52.3875));
#7805 = VECTOR('',#7806,1.);
#7806 = DIRECTION('',(1.,0.,0.));
#7807 = PCURVE('',#7685,#7808);
#7808 = DEFINITIONAL_REPRESENTATION('',(#7809),#7813);
#7809 = LINE('',#7810,#7811);
#7810 = CARTESIAN_POINT('',(0.,0.));
#7811 = VECTOR('',#7812,1.);
#7812 = DIRECTION('',(0.,-1.));
#7813 = ( GEOMETRIC_REPRESENTATION_CONTEXT(2) 
PARAMETRIC_REPRESENTATION_CONTEXT() REPRESENTATION_CONTEXT('2D SPACE',''
  ) );
#7814 = PCURVE('',#7761,#7815);
#7815 = DEFINITIONAL_REPRESENTATION('',(#7816),#7820);
#7816 = LINE('',#7817,#7818);
#7817 = CARTESIAN_POINT('',(14.7701,0.));
#7818 = VECTOR('',#7819,1.);
#7819 = DIRECTION('',(0.,-1.));
#7820 = ( GEOMETRIC_REPRESENTATION_CONTEXT(2) 
PARAMETRIC_REPRESENTATION_CONTEXT() REPRESENTATION_CONTEXT('2D SPACE',''
  ) );
#7821 = ORIENTED_EDGE('',*,*,#7822,.T.);
#7822 = EDGE_CURVE('',#7800,#7647,#7823,.T.);
#7823 = SURFACE_CURVE('',#7824,(#7828,#7835),.PCURVE_S1.);
#7824 = LINE('',#7825,#7826);
#7825 = CARTESIAN_POINT('',(12.7,133.35,52.3875));
#7826 = VECTOR('',#7827,1.);
#7827 = DIRECTION('',(0.,1.,0.));
#7828 = PCURVE('',#7685,#7829);
#7829 = DEFINITIONAL_REPRESENTATION('',(#7830),#7834);
#7830 = LINE('',#7831,#7832);
#7831 = CARTESIAN_POINT('',(3.3274,-12.7));
#7832 = VECTOR('',#7833,1.);
#7833 = DIRECTION('',(1.,0.));
#7834 = ( GEOMETRIC_REPRESENTATION_CONTEXT(2) 
PARAMETRIC_REPRESENTATION_CONTEXT() REPRESENTATION_CONTEXT('2D SPACE',''
  ) );
#7835 = PCURVE('',#4840,#7836);
#7836 = DEFINITIONAL_REPRESENTATION('',(#7837),#7841);
#7837 = LINE('',#7838,#7839);
#7838 = CARTESIAN_POINT('',(16.347716658616,-45.98430987573));
#7839 = VECTOR('',#7840,1.);
#7840 = DIRECTION('',(1.,0.));
#7841 = ( GEOMETRIC_REPRESENTATION_CONTEXT(2) 
PARAMETRIC_REPRESENTATION_CONTEXT() REPRESENTATION_CONTEXT('2D SPACE',''
  ) );
#7842 = ORIENTED_EDGE('',*,*,#7669,.F.);
#7843 = ORIENTED_EDGE('',*,*,#7844,.F.);
#7844 = EDGE_CURVE('',#7798,#7670,#7845,.T.);
#7845 = SURFACE_CURVE('',#7846,(#7850,#7857),.PCURVE_S1.);
#7846 = LINE('',#7847,#7848);
#7847 = CARTESIAN_POINT('',(0.,133.35,52.3875));
#7848 = VECTOR('',#7849,1.);
#7849 = DIRECTION('',(0.,1.,0.));
#7850 = PCURVE('',#7685,#7851);
#7851 = DEFINITIONAL_REPRESENTATION('',(#7852),#7856);
#7852 = LINE('',#7853,#7854);
#7853 = CARTESIAN_POINT('',(3.3274,0.));
#7854 = VECTOR('',#7855,1.);
#7855 = DIRECTION('',(1.,0.));
#7856 = ( GEOMETRIC_REPRESENTATION_CONTEXT(2) 
PARAMETRIC_REPRESENTATION_CONTEXT() REPRESENTATION_CONTEXT('2D SPACE',''
  ) );
#7857 = PCURVE('',#4894,#7858);
#7858 = DEFINITIONAL_REPRESENTATION('',(#7859),#7863);
#7859 = LINE('',#7860,#7861);
#7860 = CARTESIAN_POINT('',(16.347716658616,-45.98430987573));
#7861 = VECTOR('',#7862,1.);
#7862 = DIRECTION('',(1.,0.));
#7863 = ( GEOMETRIC_REPRESENTATION_CONTEXT(2) 
PARAMETRIC_REPRESENTATION_CONTEXT() REPRESENTATION_CONTEXT('2D SPACE',''
  ) );
#7864 = ADVANCED_FACE('',(#7865),#7761,.F.);
#7865 = FACE_BOUND('',#7866,.F.);
#7866 = EDGE_LOOP('',(#7867,#7868,#7889,#7890));
#7867 = ORIENTED_EDGE('',*,*,#7745,.T.);
#7868 = ORIENTED_EDGE('',*,*,#7869,.T.);
#7869 = EDGE_CURVE('',#7723,#7800,#7870,.T.);
#7870 = SURFACE_CURVE('',#7871,(#7875,#7882),.PCURVE_S1.);
#7871 = LINE('',#7872,#7873);
#7872 = CARTESIAN_POINT('',(12.7,130.0226,32.54375));
#7873 = VECTOR('',#7874,1.);
#7874 = DIRECTION('',(0.,0.,1.));
#7875 = PCURVE('',#7761,#7876);
#7876 = DEFINITIONAL_REPRESENTATION('',(#7877),#7881);
#7877 = LINE('',#7878,#7879);
#7878 = CARTESIAN_POINT('',(-5.07365,-12.7));
#7879 = VECTOR('',#7880,1.);
#7880 = DIRECTION('',(1.,0.));
#7881 = ( GEOMETRIC_REPRESENTATION_CONTEXT(2) 
PARAMETRIC_REPRESENTATION_CONTEXT() REPRESENTATION_CONTEXT('2D SPACE',''
  ) );
#7882 = PCURVE('',#4840,#7883);
#7883 = DEFINITIONAL_REPRESENTATION('',(#7884),#7888);
#7884 = LINE('',#7885,#7886);
#7885 = CARTESIAN_POINT('',(13.020316658616,-65.82805987573));
#7886 = VECTOR('',#7887,1.);
#7887 = DIRECTION('',(0.,1.));
#7888 = ( GEOMETRIC_REPRESENTATION_CONTEXT(2) 
PARAMETRIC_REPRESENTATION_CONTEXT() REPRESENTATION_CONTEXT('2D SPACE',''
  ) );
#7889 = ORIENTED_EDGE('',*,*,#7797,.F.);
#7890 = ORIENTED_EDGE('',*,*,#7891,.F.);
#7891 = EDGE_CURVE('',#7746,#7798,#7892,.T.);
#7892 = SURFACE_CURVE('',#7893,(#7897,#7904),.PCURVE_S1.);
#7893 = LINE('',#7894,#7895);
#7894 = CARTESIAN_POINT('',(0.,130.0226,32.54375));
#7895 = VECTOR('',#7896,1.);
#7896 = DIRECTION('',(0.,0.,1.));
#7897 = PCURVE('',#7761,#7898);
#7898 = DEFINITIONAL_REPRESENTATION('',(#7899),#7903);
#7899 = LINE('',#7900,#7901);
#7900 = CARTESIAN_POINT('',(-5.07365,0.));
#7901 = VECTOR('',#7902,1.);
#7902 = DIRECTION('',(1.,0.));
#7903 = ( GEOMETRIC_REPRESENTATION_CONTEXT(2) 
PARAMETRIC_REPRESENTATION_CONTEXT() REPRESENTATION_CONTEXT('2D SPACE',''
  ) );
#7904 = PCURVE('',#4894,#7905);
#7905 = DEFINITIONAL_REPRESENTATION('',(#7906),#7910);
#7906 = LINE('',#7907,#7908);
#7907 = CARTESIAN_POINT('',(13.020316658616,-65.82805987573));
#7908 = VECTOR('',#7909,1.);
#7909 = DIRECTION('',(0.,1.));
#7910 = ( GEOMETRIC_REPRESENTATION_CONTEXT(2) 
PARAMETRIC_REPRESENTATION_CONTEXT() REPRESENTATION_CONTEXT('2D SPACE',''
  ) );
#7911 = ADVANCED_FACE('',(#7912),#7926,.F.);
#7912 = FACE_BOUND('',#7913,.T.);
#7913 = EDGE_LOOP('',(#7914,#7942,#7963,#7964));
#7914 = ORIENTED_EDGE('',*,*,#7915,.T.);
#7915 = EDGE_CURVE('',#7916,#7918,#7920,.T.);
#7916 = VERTEX_POINT('',#7917);
#7917 = CARTESIAN_POINT('',(0.,35.941,31.75));
#7918 = VERTEX_POINT('',#7919);
#7919 = CARTESIAN_POINT('',(12.7,35.941,31.75));
#7920 = SEAM_CURVE('',#7921,(#7925,#7936),.PCURVE_S1.);
#7921 = LINE('',#7922,#7923);
#7922 = CARTESIAN_POINT('',(0.,35.941,31.75));
#7923 = VECTOR('',#7924,1.);
#7924 = DIRECTION('',(1.,0.,0.));
#7925 = PCURVE('',#7926,#7931);
#7926 = CYLINDRICAL_SURFACE('',#7927,4.191);
#7927 = AXIS2_PLACEMENT_3D('',#7928,#7929,#7930);
#7928 = CARTESIAN_POINT('',(0.,31.75,31.75));
#7929 = DIRECTION('',(-1.,-0.,-0.));
#7930 = DIRECTION('',(0.,1.,0.));
#7931 = DEFINITIONAL_REPRESENTATION('',(#7932),#7935);
#7932 = B_SPLINE_CURVE_WITH_KNOTS('',1,(#7933,#7934),.UNSPECIFIED.,.F.,
  .F.,(2,2),(0.,12.7),.PIECEWISE_BEZIER_KNOTS.);
#7933 = CARTESIAN_POINT('',(0.,0.));
#7934 = CARTESIAN_POINT('',(0.,-12.7));
#7935 = ( GEOMETRIC_REPRESENTATION_CONTEXT(2) 
PARAMETRIC_REPRESENTATION_CONTEXT() REPRESENTATION_CONTEXT('2D SPACE',''
  ) );
#7936 = PCURVE('',#7926,#7937);
#7937 = DEFINITIONAL_REPRESENTATION('',(#7938),#7941);
#7938 = B_SPLINE_CURVE_WITH_KNOTS('',1,(#7939,#7940),.UNSPECIFIED.,.F.,
  .F.,(2,2),(0.,12.7),.PIECEWISE_BEZIER_KNOTS.);
#7939 = CARTESIAN_POINT('',(-6.28318530718,0.));
#7940 = CARTESIAN_POINT('',(-6.28318530718,-12.7));
#7941 = ( GEOMETRIC_REPRESENTATION_CONTEXT(2) 
PARAMETRIC_REPRESENTATION_CONTEXT() REPRESENTATION_CONTEXT('2D SPACE',''
  ) );
#7942 = ORIENTED_EDGE('',*,*,#7943,.T.);
#7943 = EDGE_CURVE('',#7918,#7918,#7944,.T.);
#7944 = SURFACE_CURVE('',#7945,(#7950,#7956),.PCURVE_S1.);
#7945 = CIRCLE('',#7946,4.191);
#7946 = AXIS2_PLACEMENT_3D('',#7947,#7948,#7949);
#7947 = CARTESIAN_POINT('',(12.7,31.75,31.75));
#7948 = DIRECTION('',(1.,0.,0.));
#7949 = DIRECTION('',(0.,1.,0.));
#7950 = PCURVE('',#7926,#7951);
#7951 = DEFINITIONAL_REPRESENTATION('',(#7952),#7955);
#7952 = B_SPLINE_CURVE_WITH_KNOTS('',1,(#7953,#7954),.UNSPECIFIED.,.F.,
  .F.,(2,2),(0.,6.28318530718),.PIECEWISE_BEZIER_KNOTS.);
#7953 = CARTESIAN_POINT('',(0.,-12.7));
#7954 = CARTESIAN_POINT('',(-6.28318530718,-12.7));
#7955 = ( GEOMETRIC_REPRESENTATION_CONTEXT(2) 
PARAMETRIC_REPRESENTATION_CONTEXT() REPRESENTATION_CONTEXT('2D SPACE',''
  ) );
#7956 = PCURVE('',#4840,#7957);
#7957 = DEFINITIONAL_REPRESENTATION('',(#7958),#7962);
#7958 = CIRCLE('',#7959,4.191);
#7959 = AXIS2_PLACEMENT_2D('',#7960,#7961);
#7960 = CARTESIAN_POINT('',(-85.25228334138,-66.62180987573));
#7961 = DIRECTION('',(1.,0.));
#7962 = ( GEOMETRIC_REPRESENTATION_CONTEXT(2) 
PARAMETRIC_REPRESENTATION_CONTEXT() REPRESENTATION_CONTEXT('2D SPACE',''
  ) );
#7963 = ORIENTED_EDGE('',*,*,#7915,.F.);
#7964 = ORIENTED_EDGE('',*,*,#7965,.F.);
#7965 = EDGE_CURVE('',#7916,#7916,#7966,.T.);
#7966 = SURFACE_CURVE('',#7967,(#7972,#7978),.PCURVE_S1.);
#7967 = CIRCLE('',#7968,4.191);
#7968 = AXIS2_PLACEMENT_3D('',#7969,#7970,#7971);
#7969 = CARTESIAN_POINT('',(0.,31.75,31.75));
#7970 = DIRECTION('',(1.,0.,0.));
#7971 = DIRECTION('',(0.,1.,0.));
#7972 = PCURVE('',#7926,#7973);
#7973 = DEFINITIONAL_REPRESENTATION('',(#7974),#7977);
#7974 = B_SPLINE_CURVE_WITH_KNOTS('',1,(#7975,#7976),.UNSPECIFIED.,.F.,
  .F.,(2,2),(0.,6.28318530718),.PIECEWISE_BEZIER_KNOTS.);
#7975 = CARTESIAN_POINT('',(0.,0.));
#7976 = CARTESIAN_POINT('',(-6.28318530718,0.));
#7977 = ( GEOMETRIC_REPRESENTATION_CONTEXT(2) 
PARAMETRIC_REPRESENTATION_CONTEXT() REPRESENTATION_CONTEXT('2D SPACE',''
  ) );
#7978 = PCURVE('',#4894,#7979);
#7979 = DEFINITIONAL_REPRESENTATION('',(#7980),#7984);
#7980 = CIRCLE('',#7981,4.191);
#7981 = AXIS2_PLACEMENT_2D('',#7982,#7983);
#7982 = CARTESIAN_POINT('',(-85.25228334138,-66.62180987573));
#7983 = DIRECTION('',(1.,0.));
#7984 = ( GEOMETRIC_REPRESENTATION_CONTEXT(2) 
PARAMETRIC_REPRESENTATION_CONTEXT() REPRESENTATION_CONTEXT('2D SPACE',''
  ) );
#7985 = ADVANCED_FACE('',(#7986),#8000,.F.);
#7986 = FACE_BOUND('',#7987,.F.);
#7987 = EDGE_LOOP('',(#7988,#8016,#8041,#8042));
#7988 = ORIENTED_EDGE('',*,*,#7989,.T.);
#7989 = EDGE_CURVE('',#7990,#7992,#7994,.T.);
#7990 = VERTEX_POINT('',#7991);
#7991 = CARTESIAN_POINT('',(0.,6.35,54.1274));
#7992 = VERTEX_POINT('',#7993);
#7993 = CARTESIAN_POINT('',(12.7,6.35,54.1274));
#7994 = SEAM_CURVE('',#7995,(#7999,#8010),.PCURVE_S1.);
#7995 = LINE('',#7996,#7997);
#7996 = CARTESIAN_POINT('',(0.,6.35,54.1274));
#7997 = VECTOR('',#7998,1.);
#7998 = DIRECTION('',(1.,0.,0.));
#7999 = PCURVE('',#8000,#8005);
#8000 = CYLINDRICAL_SURFACE('',#8001,3.3274);
#8001 = AXIS2_PLACEMENT_3D('',#8002,#8003,#8004);
#8002 = CARTESIAN_POINT('',(0.,6.35,50.8));
#8003 = DIRECTION('',(-1.,0.,0.));
#8004 = DIRECTION('',(0.,-2.22044604925E-16,1.));
#8005 = DEFINITIONAL_REPRESENTATION('',(#8006),#8009);
#8006 = B_SPLINE_CURVE_WITH_KNOTS('',1,(#8007,#8008),.UNSPECIFIED.,.F.,
  .F.,(2,2),(0.,12.7),.PIECEWISE_BEZIER_KNOTS.);
#8007 = CARTESIAN_POINT('',(0.,0.));
#8008 = CARTESIAN_POINT('',(0.,-12.7));
#8009 = ( GEOMETRIC_REPRESENTATION_CONTEXT(2) 
PARAMETRIC_REPRESENTATION_CONTEXT() REPRESENTATION_CONTEXT('2D SPACE',''
  ) );
#8010 = PCURVE('',#8000,#8011);
#8011 = DEFINITIONAL_REPRESENTATION('',(#8012),#8015);
#8012 = B_SPLINE_CURVE_WITH_KNOTS('',1,(#8013,#8014),.UNSPECIFIED.,.F.,
  .F.,(2,2),(0.,12.7),.PIECEWISE_BEZIER_KNOTS.);
#8013 = CARTESIAN_POINT('',(6.28318530718,0.));
#8014 = CARTESIAN_POINT('',(6.28318530718,-12.7));
#8015 = ( GEOMETRIC_REPRESENTATION_CONTEXT(2) 
PARAMETRIC_REPRESENTATION_CONTEXT() REPRESENTATION_CONTEXT('2D SPACE',''
  ) );
#8016 = ORIENTED_EDGE('',*,*,#8017,.T.);
#8017 = EDGE_CURVE('',#7992,#7992,#8018,.T.);
#8018 = SURFACE_CURVE('',#8019,(#8024,#8030),.PCURVE_S1.);
#8019 = CIRCLE('',#8020,3.3274);
#8020 = AXIS2_PLACEMENT_3D('',#8021,#8022,#8023);
#8021 = CARTESIAN_POINT('',(12.7,6.35,50.8));
#8022 = DIRECTION('',(-1.,0.,0.));
#8023 = DIRECTION('',(0.,-2.22044604925E-16,1.));
#8024 = PCURVE('',#8000,#8025);
#8025 = DEFINITIONAL_REPRESENTATION('',(#8026),#8029);
#8026 = B_SPLINE_CURVE_WITH_KNOTS('',1,(#8027,#8028),.UNSPECIFIED.,.F.,
  .F.,(2,2),(0.,6.28318530718),.PIECEWISE_BEZIER_KNOTS.);
#8027 = CARTESIAN_POINT('',(0.,-12.7));
#8028 = CARTESIAN_POINT('',(6.28318530718,-12.7));
#8029 = ( GEOMETRIC_REPRESENTATION_CONTEXT(2) 
PARAMETRIC_REPRESENTATION_CONTEXT() REPRESENTATION_CONTEXT('2D SPACE',''
  ) );
#8030 = PCURVE('',#4840,#8031);
#8031 = DEFINITIONAL_REPRESENTATION('',(#8032),#8040);
#8032 = ( BOUNDED_CURVE() B_SPLINE_CURVE(2,(#8033,#8034,#8035,#8036,
#8037,#8038,#8039),.UNSPECIFIED.,.T.,.F.) B_SPLINE_CURVE_WITH_KNOTS((1,2
    ,2,2,2,1),(-2.094395102393,0.,2.094395102393,4.188790204786,
6.28318530718,8.377580409573),.UNSPECIFIED.) CURVE() 
GEOMETRIC_REPRESENTATION_ITEM() RATIONAL_B_SPLINE_CURVE((1.,0.5,1.,0.5,
1.,0.5,1.)) REPRESENTATION_ITEM('') );
#8033 = CARTESIAN_POINT('',(-110.6522833413,-44.24440987573));
#8034 = CARTESIAN_POINT('',(-104.8890574842,-44.24440987573));
#8035 = CARTESIAN_POINT('',(-107.7706704128,-49.23550987573));
#8036 = CARTESIAN_POINT('',(-110.6522833413,-54.22660987573));
#8037 = CARTESIAN_POINT('',(-113.5338962699,-49.23550987573));
#8038 = CARTESIAN_POINT('',(-116.4155091984,-44.24440987573));
#8039 = CARTESIAN_POINT('',(-110.6522833413,-44.24440987573));
#8040 = ( GEOMETRIC_REPRESENTATION_CONTEXT(2) 
PARAMETRIC_REPRESENTATION_CONTEXT() REPRESENTATION_CONTEXT('2D SPACE',''
  ) );
#8041 = ORIENTED_EDGE('',*,*,#7989,.F.);
#8042 = ORIENTED_EDGE('',*,*,#8043,.F.);
#8043 = EDGE_CURVE('',#7990,#7990,#8044,.T.);
#8044 = SURFACE_CURVE('',#8045,(#8050,#8056),.PCURVE_S1.);
#8045 = CIRCLE('',#8046,3.3274);
#8046 = AXIS2_PLACEMENT_3D('',#8047,#8048,#8049);
#8047 = CARTESIAN_POINT('',(0.,6.35,50.8));
#8048 = DIRECTION('',(-1.,0.,0.));
#8049 = DIRECTION('',(0.,-2.22044604925E-16,1.));
#8050 = PCURVE('',#8000,#8051);
#8051 = DEFINITIONAL_REPRESENTATION('',(#8052),#8055);
#8052 = B_SPLINE_CURVE_WITH_KNOTS('',1,(#8053,#8054),.UNSPECIFIED.,.F.,
  .F.,(2,2),(0.,6.28318530718),.PIECEWISE_BEZIER_KNOTS.);
#8053 = CARTESIAN_POINT('',(0.,0.));
#8054 = CARTESIAN_POINT('',(6.28318530718,0.));
#8055 = ( GEOMETRIC_REPRESENTATION_CONTEXT(2) 
PARAMETRIC_REPRESENTATION_CONTEXT() REPRESENTATION_CONTEXT('2D SPACE',''
  ) );
#8056 = PCURVE('',#4894,#8057);
#8057 = DEFINITIONAL_REPRESENTATION('',(#8058),#8066);
#8058 = ( BOUNDED_CURVE() B_SPLINE_CURVE(2,(#8059,#8060,#8061,#8062,
#8063,#8064,#8065),.UNSPECIFIED.,.T.,.F.) B_SPLINE_CURVE_WITH_KNOTS((1,2
    ,2,2,2,1),(-2.094395102393,0.,2.094395102393,4.188790204786,
6.28318530718,8.377580409573),.UNSPECIFIED.) CURVE() 
GEOMETRIC_REPRESENTATION_ITEM() RATIONAL_B_SPLINE_CURVE((1.,0.5,1.,0.5,
1.,0.5,1.)) REPRESENTATION_ITEM('') );
#8059 = CARTESIAN_POINT('',(-110.6522833413,-44.24440987573));
#8060 = CARTESIAN_POINT('',(-104.8890574842,-44.24440987573));
#8061 = CARTESIAN_POINT('',(-107.7706704128,-49.23550987573));
#8062 = CARTESIAN_POINT('',(-110.6522833413,-54.22660987573));
#8063 = CARTESIAN_POINT('',(-113.5338962699,-49.23550987573));
#8064 = CARTESIAN_POINT('',(-116.4155091984,-44.24440987573));
#8065 = CARTESIAN_POINT('',(-110.6522833413,-44.24440987573));
#8066 = ( GEOMETRIC_REPRESENTATION_CONTEXT(2) 
PARAMETRIC_REPRESENTATION_CONTEXT() REPRESENTATION_CONTEXT('2D SPACE',''
  ) );
#8067 = ADVANCED_FACE('',(#8068),#8082,.F.);
#8068 = FACE_BOUND('',#8069,.T.);
#8069 = EDGE_LOOP('',(#8070,#8098,#8119,#8120));
#8070 = ORIENTED_EDGE('',*,*,#8071,.T.);
#8071 = EDGE_CURVE('',#8072,#8074,#8076,.T.);
#8072 = VERTEX_POINT('',#8073);
#8073 = CARTESIAN_POINT('',(0.,74.041,31.75));
#8074 = VERTEX_POINT('',#8075);
#8075 = CARTESIAN_POINT('',(12.7,74.041,31.75));
#8076 = SEAM_CURVE('',#8077,(#8081,#8092),.PCURVE_S1.);
#8077 = LINE('',#8078,#8079);
#8078 = CARTESIAN_POINT('',(0.,74.041,31.75));
#8079 = VECTOR('',#8080,1.);
#8080 = DIRECTION('',(1.,0.,0.));
#8081 = PCURVE('',#8082,#8087);
#8082 = CYLINDRICAL_SURFACE('',#8083,4.191);
#8083 = AXIS2_PLACEMENT_3D('',#8084,#8085,#8086);
#8084 = CARTESIAN_POINT('',(0.,69.85,31.75));
#8085 = DIRECTION('',(-1.,-0.,-0.));
#8086 = DIRECTION('',(0.,1.,0.));
#8087 = DEFINITIONAL_REPRESENTATION('',(#8088),#8091);
#8088 = B_SPLINE_CURVE_WITH_KNOTS('',1,(#8089,#8090),.UNSPECIFIED.,.F.,
  .F.,(2,2),(0.,12.7),.PIECEWISE_BEZIER_KNOTS.);
#8089 = CARTESIAN_POINT('',(0.,0.));
#8090 = CARTESIAN_POINT('',(0.,-12.7));
#8091 = ( GEOMETRIC_REPRESENTATION_CONTEXT(2) 
PARAMETRIC_REPRESENTATION_CONTEXT() REPRESENTATION_CONTEXT('2D SPACE',''
  ) );
#8092 = PCURVE('',#8082,#8093);
#8093 = DEFINITIONAL_REPRESENTATION('',(#8094),#8097);
#8094 = B_SPLINE_CURVE_WITH_KNOTS('',1,(#8095,#8096),.UNSPECIFIED.,.F.,
  .F.,(2,2),(0.,12.7),.PIECEWISE_BEZIER_KNOTS.);
#8095 = CARTESIAN_POINT('',(-6.28318530718,0.));
#8096 = CARTESIAN_POINT('',(-6.28318530718,-12.7));
#8097 = ( GEOMETRIC_REPRESENTATION_CONTEXT(2) 
PARAMETRIC_REPRESENTATION_CONTEXT() REPRESENTATION_CONTEXT('2D SPACE',''
  ) );
#8098 = ORIENTED_EDGE('',*,*,#8099,.T.);
#8099 = EDGE_CURVE('',#8074,#8074,#8100,.T.);
#8100 = SURFACE_CURVE('',#8101,(#8106,#8112),.PCURVE_S1.);
#8101 = CIRCLE('',#8102,4.191);
#8102 = AXIS2_PLACEMENT_3D('',#8103,#8104,#8105);
#8103 = CARTESIAN_POINT('',(12.7,69.85,31.75));
#8104 = DIRECTION('',(1.,0.,0.));
#8105 = DIRECTION('',(0.,1.,0.));
#8106 = PCURVE('',#8082,#8107);
#8107 = DEFINITIONAL_REPRESENTATION('',(#8108),#8111);
#8108 = B_SPLINE_CURVE_WITH_KNOTS('',1,(#8109,#8110),.UNSPECIFIED.,.F.,
  .F.,(2,2),(0.,6.28318530718),.PIECEWISE_BEZIER_KNOTS.);
#8109 = CARTESIAN_POINT('',(0.,-12.7));
#8110 = CARTESIAN_POINT('',(-6.28318530718,-12.7));
#8111 = ( GEOMETRIC_REPRESENTATION_CONTEXT(2) 
PARAMETRIC_REPRESENTATION_CONTEXT() REPRESENTATION_CONTEXT('2D SPACE',''
  ) );
#8112 = PCURVE('',#4840,#8113);
#8113 = DEFINITIONAL_REPRESENTATION('',(#8114),#8118);
#8114 = CIRCLE('',#8115,4.191);
#8115 = AXIS2_PLACEMENT_2D('',#8116,#8117);
#8116 = CARTESIAN_POINT('',(-47.15228334138,-66.62180987573));
#8117 = DIRECTION('',(1.,0.));
#8118 = ( GEOMETRIC_REPRESENTATION_CONTEXT(2) 
PARAMETRIC_REPRESENTATION_CONTEXT() REPRESENTATION_CONTEXT('2D SPACE',''
  ) );
#8119 = ORIENTED_EDGE('',*,*,#8071,.F.);
#8120 = ORIENTED_EDGE('',*,*,#8121,.F.);
#8121 = EDGE_CURVE('',#8072,#8072,#8122,.T.);
#8122 = SURFACE_CURVE('',#8123,(#8128,#8134),.PCURVE_S1.);
#8123 = CIRCLE('',#8124,4.191);
#8124 = AXIS2_PLACEMENT_3D('',#8125,#8126,#8127);
#8125 = CARTESIAN_POINT('',(0.,69.85,31.75));
#8126 = DIRECTION('',(1.,0.,0.));
#8127 = DIRECTION('',(0.,1.,0.));
#8128 = PCURVE('',#8082,#8129);
#8129 = DEFINITIONAL_REPRESENTATION('',(#8130),#8133);
#8130 = B_SPLINE_CURVE_WITH_KNOTS('',1,(#8131,#8132),.UNSPECIFIED.,.F.,
  .F.,(2,2),(0.,6.28318530718),.PIECEWISE_BEZIER_KNOTS.);
#8131 = CARTESIAN_POINT('',(0.,0.));
#8132 = CARTESIAN_POINT('',(-6.28318530718,0.));
#8133 = ( GEOMETRIC_REPRESENTATION_CONTEXT(2) 
PARAMETRIC_REPRESENTATION_CONTEXT() REPRESENTATION_CONTEXT('2D SPACE',''
  ) );
#8134 = PCURVE('',#4894,#8135);
#8135 = DEFINITIONAL_REPRESENTATION('',(#8136),#8140);
#8136 = CIRCLE('',#8137,4.191);
#8137 = AXIS2_PLACEMENT_2D('',#8138,#8139);
#8138 = CARTESIAN_POINT('',(-47.15228334138,-66.62180987573));
#8139 = DIRECTION('',(1.,0.));
#8140 = ( GEOMETRIC_REPRESENTATION_CONTEXT(2) 
PARAMETRIC_REPRESENTATION_CONTEXT() REPRESENTATION_CONTEXT('2D SPACE',''
  ) );
#8141 = ADVANCED_FACE('',(#8142),#8156,.F.);
#8142 = FACE_BOUND('',#8143,.T.);
#8143 = EDGE_LOOP('',(#8144,#8172,#8193,#8194));
#8144 = ORIENTED_EDGE('',*,*,#8145,.T.);
#8145 = EDGE_CURVE('',#8146,#8148,#8150,.T.);
#8146 = VERTEX_POINT('',#8147);
#8147 = CARTESIAN_POINT('',(0.,35.941,69.85));
#8148 = VERTEX_POINT('',#8149);
#8149 = CARTESIAN_POINT('',(12.7,35.941,69.85));
#8150 = SEAM_CURVE('',#8151,(#8155,#8166),.PCURVE_S1.);
#8151 = LINE('',#8152,#8153);
#8152 = CARTESIAN_POINT('',(0.,35.941,69.85));
#8153 = VECTOR('',#8154,1.);
#8154 = DIRECTION('',(1.,0.,0.));
#8155 = PCURVE('',#8156,#8161);
#8156 = CYLINDRICAL_SURFACE('',#8157,4.191);
#8157 = AXIS2_PLACEMENT_3D('',#8158,#8159,#8160);
#8158 = CARTESIAN_POINT('',(0.,31.75,69.85));
#8159 = DIRECTION('',(-1.,-0.,-0.));
#8160 = DIRECTION('',(0.,1.,0.));
#8161 = DEFINITIONAL_REPRESENTATION('',(#8162),#8165);
#8162 = B_SPLINE_CURVE_WITH_KNOTS('',1,(#8163,#8164),.UNSPECIFIED.,.F.,
  .F.,(2,2),(0.,12.7),.PIECEWISE_BEZIER_KNOTS.);
#8163 = CARTESIAN_POINT('',(0.,0.));
#8164 = CARTESIAN_POINT('',(0.,-12.7));
#8165 = ( GEOMETRIC_REPRESENTATION_CONTEXT(2) 
PARAMETRIC_REPRESENTATION_CONTEXT() REPRESENTATION_CONTEXT('2D SPACE',''
  ) );
#8166 = PCURVE('',#8156,#8167);
#8167 = DEFINITIONAL_REPRESENTATION('',(#8168),#8171);
#8168 = B_SPLINE_CURVE_WITH_KNOTS('',1,(#8169,#8170),.UNSPECIFIED.,.F.,
  .F.,(2,2),(0.,12.7),.PIECEWISE_BEZIER_KNOTS.);
#8169 = CARTESIAN_POINT('',(-6.28318530718,0.));
#8170 = CARTESIAN_POINT('',(-6.28318530718,-12.7));
#8171 = ( GEOMETRIC_REPRESENTATION_CONTEXT(2) 
PARAMETRIC_REPRESENTATION_CONTEXT() REPRESENTATION_CONTEXT('2D SPACE',''
  ) );
#8172 = ORIENTED_EDGE('',*,*,#8173,.T.);
#8173 = EDGE_CURVE('',#8148,#8148,#8174,.T.);
#8174 = SURFACE_CURVE('',#8175,(#8180,#8186),.PCURVE_S1.);
#8175 = CIRCLE('',#8176,4.191);
#8176 = AXIS2_PLACEMENT_3D('',#8177,#8178,#8179);
#8177 = CARTESIAN_POINT('',(12.7,31.75,69.85));
#8178 = DIRECTION('',(1.,0.,0.));
#8179 = DIRECTION('',(0.,1.,0.));
#8180 = PCURVE('',#8156,#8181);
#8181 = DEFINITIONAL_REPRESENTATION('',(#8182),#8185);
#8182 = B_SPLINE_CURVE_WITH_KNOTS('',1,(#8183,#8184),.UNSPECIFIED.,.F.,
  .F.,(2,2),(0.,6.28318530718),.PIECEWISE_BEZIER_KNOTS.);
#8183 = CARTESIAN_POINT('',(0.,-12.7));
#8184 = CARTESIAN_POINT('',(-6.28318530718,-12.7));
#8185 = ( GEOMETRIC_REPRESENTATION_CONTEXT(2) 
PARAMETRIC_REPRESENTATION_CONTEXT() REPRESENTATION_CONTEXT('2D SPACE',''
  ) );
#8186 = PCURVE('',#4840,#8187);
#8187 = DEFINITIONAL_REPRESENTATION('',(#8188),#8192);
#8188 = CIRCLE('',#8189,4.191);
#8189 = AXIS2_PLACEMENT_2D('',#8190,#8191);
#8190 = CARTESIAN_POINT('',(-85.25228334138,-28.52180987573));
#8191 = DIRECTION('',(1.,0.));
#8192 = ( GEOMETRIC_REPRESENTATION_CONTEXT(2) 
PARAMETRIC_REPRESENTATION_CONTEXT() REPRESENTATION_CONTEXT('2D SPACE',''
  ) );
#8193 = ORIENTED_EDGE('',*,*,#8145,.F.);
#8194 = ORIENTED_EDGE('',*,*,#8195,.F.);
#8195 = EDGE_CURVE('',#8146,#8146,#8196,.T.);
#8196 = SURFACE_CURVE('',#8197,(#8202,#8208),.PCURVE_S1.);
#8197 = CIRCLE('',#8198,4.191);
#8198 = AXIS2_PLACEMENT_3D('',#8199,#8200,#8201);
#8199 = CARTESIAN_POINT('',(0.,31.75,69.85));
#8200 = DIRECTION('',(1.,0.,0.));
#8201 = DIRECTION('',(0.,1.,0.));
#8202 = PCURVE('',#8156,#8203);
#8203 = DEFINITIONAL_REPRESENTATION('',(#8204),#8207);
#8204 = B_SPLINE_CURVE_WITH_KNOTS('',1,(#8205,#8206),.UNSPECIFIED.,.F.,
  .F.,(2,2),(0.,6.28318530718),.PIECEWISE_BEZIER_KNOTS.);
#8205 = CARTESIAN_POINT('',(0.,0.));
#8206 = CARTESIAN_POINT('',(-6.28318530718,0.));
#8207 = ( GEOMETRIC_REPRESENTATION_CONTEXT(2) 
PARAMETRIC_REPRESENTATION_CONTEXT() REPRESENTATION_CONTEXT('2D SPACE',''
  ) );
#8208 = PCURVE('',#4894,#8209);
#8209 = DEFINITIONAL_REPRESENTATION('',(#8210),#8214);
#8210 = CIRCLE('',#8211,4.191);
#8211 = AXIS2_PLACEMENT_2D('',#8212,#8213);
#8212 = CARTESIAN_POINT('',(-85.25228334138,-28.52180987573));
#8213 = DIRECTION('',(1.,0.));
#8214 = ( GEOMETRIC_REPRESENTATION_CONTEXT(2) 
PARAMETRIC_REPRESENTATION_CONTEXT() REPRESENTATION_CONTEXT('2D SPACE',''
  ) );
#8215 = ADVANCED_FACE('',(#8216),#8230,.F.);
#8216 = FACE_BOUND('',#8217,.T.);
#8217 = EDGE_LOOP('',(#8218,#8246,#8267,#8268));
#8218 = ORIENTED_EDGE('',*,*,#8219,.T.);
#8219 = EDGE_CURVE('',#8220,#8222,#8224,.T.);
#8220 = VERTEX_POINT('',#8221);
#8221 = CARTESIAN_POINT('',(0.,74.041,69.85));
#8222 = VERTEX_POINT('',#8223);
#8223 = CARTESIAN_POINT('',(12.7,74.041,69.85));
#8224 = SEAM_CURVE('',#8225,(#8229,#8240),.PCURVE_S1.);
#8225 = LINE('',#8226,#8227);
#8226 = CARTESIAN_POINT('',(0.,74.041,69.85));
#8227 = VECTOR('',#8228,1.);
#8228 = DIRECTION('',(1.,0.,0.));
#8229 = PCURVE('',#8230,#8235);
#8230 = CYLINDRICAL_SURFACE('',#8231,4.191);
#8231 = AXIS2_PLACEMENT_3D('',#8232,#8233,#8234);
#8232 = CARTESIAN_POINT('',(0.,69.85,69.85));
#8233 = DIRECTION('',(-1.,-0.,-0.));
#8234 = DIRECTION('',(0.,1.,0.));
#8235 = DEFINITIONAL_REPRESENTATION('',(#8236),#8239);
#8236 = B_SPLINE_CURVE_WITH_KNOTS('',1,(#8237,#8238),.UNSPECIFIED.,.F.,
  .F.,(2,2),(0.,12.7),.PIECEWISE_BEZIER_KNOTS.);
#8237 = CARTESIAN_POINT('',(0.,0.));
#8238 = CARTESIAN_POINT('',(0.,-12.7));
#8239 = ( GEOMETRIC_REPRESENTATION_CONTEXT(2) 
PARAMETRIC_REPRESENTATION_CONTEXT() REPRESENTATION_CONTEXT('2D SPACE',''
  ) );
#8240 = PCURVE('',#8230,#8241);
#8241 = DEFINITIONAL_REPRESENTATION('',(#8242),#8245);
#8242 = B_SPLINE_CURVE_WITH_KNOTS('',1,(#8243,#8244),.UNSPECIFIED.,.F.,
  .F.,(2,2),(0.,12.7),.PIECEWISE_BEZIER_KNOTS.);
#8243 = CARTESIAN_POINT('',(-6.28318530718,0.));
#8244 = CARTESIAN_POINT('',(-6.28318530718,-12.7));
#8245 = ( GEOMETRIC_REPRESENTATION_CONTEXT(2) 
PARAMETRIC_REPRESENTATION_CONTEXT() REPRESENTATION_CONTEXT('2D SPACE',''
  ) );
#8246 = ORIENTED_EDGE('',*,*,#8247,.T.);
#8247 = EDGE_CURVE('',#8222,#8222,#8248,.T.);
#8248 = SURFACE_CURVE('',#8249,(#8254,#8260),.PCURVE_S1.);
#8249 = CIRCLE('',#8250,4.191);
#8250 = AXIS2_PLACEMENT_3D('',#8251,#8252,#8253);
#8251 = CARTESIAN_POINT('',(12.7,69.85,69.85));
#8252 = DIRECTION('',(1.,0.,0.));
#8253 = DIRECTION('',(0.,1.,0.));
#8254 = PCURVE('',#8230,#8255);
#8255 = DEFINITIONAL_REPRESENTATION('',(#8256),#8259);
#8256 = B_SPLINE_CURVE_WITH_KNOTS('',1,(#8257,#8258),.UNSPECIFIED.,.F.,
  .F.,(2,2),(0.,6.28318530718),.PIECEWISE_BEZIER_KNOTS.);
#8257 = CARTESIAN_POINT('',(0.,-12.7));
#8258 = CARTESIAN_POINT('',(-6.28318530718,-12.7));
#8259 = ( GEOMETRIC_REPRESENTATION_CONTEXT(2) 
PARAMETRIC_REPRESENTATION_CONTEXT() REPRESENTATION_CONTEXT('2D SPACE',''
  ) );
#8260 = PCURVE('',#4840,#8261);
#8261 = DEFINITIONAL_REPRESENTATION('',(#8262),#8266);
#8262 = CIRCLE('',#8263,4.191);
#8263 = AXIS2_PLACEMENT_2D('',#8264,#8265);
#8264 = CARTESIAN_POINT('',(-47.15228334138,-28.52180987573));
#8265 = DIRECTION('',(1.,0.));
#8266 = ( GEOMETRIC_REPRESENTATION_CONTEXT(2) 
PARAMETRIC_REPRESENTATION_CONTEXT() REPRESENTATION_CONTEXT('2D SPACE',''
  ) );
#8267 = ORIENTED_EDGE('',*,*,#8219,.F.);
#8268 = ORIENTED_EDGE('',*,*,#8269,.F.);
#8269 = EDGE_CURVE('',#8220,#8220,#8270,.T.);
#8270 = SURFACE_CURVE('',#8271,(#8276,#8282),.PCURVE_S1.);
#8271 = CIRCLE('',#8272,4.191);
#8272 = AXIS2_PLACEMENT_3D('',#8273,#8274,#8275);
#8273 = CARTESIAN_POINT('',(0.,69.85,69.85));
#8274 = DIRECTION('',(1.,0.,0.));
#8275 = DIRECTION('',(0.,1.,0.));
#8276 = PCURVE('',#8230,#8277);
#8277 = DEFINITIONAL_REPRESENTATION('',(#8278),#8281);
#8278 = B_SPLINE_CURVE_WITH_KNOTS('',1,(#8279,#8280),.UNSPECIFIED.,.F.,
  .F.,(2,2),(0.,6.28318530718),.PIECEWISE_BEZIER_KNOTS.);
#8279 = CARTESIAN_POINT('',(0.,0.));
#8280 = CARTESIAN_POINT('',(-6.28318530718,0.));
#8281 = ( GEOMETRIC_REPRESENTATION_CONTEXT(2) 
PARAMETRIC_REPRESENTATION_CONTEXT() REPRESENTATION_CONTEXT('2D SPACE',''
  ) );
#8282 = PCURVE('',#4894,#8283);
#8283 = DEFINITIONAL_REPRESENTATION('',(#8284),#8288);
#8284 = CIRCLE('',#8285,4.191);
#8285 = AXIS2_PLACEMENT_2D('',#8286,#8287);
#8286 = CARTESIAN_POINT('',(-47.15228334138,-28.52180987573));
#8287 = DIRECTION('',(1.,0.));
#8288 = ( GEOMETRIC_REPRESENTATION_CONTEXT(2) 
PARAMETRIC_REPRESENTATION_CONTEXT() REPRESENTATION_CONTEXT('2D SPACE',''
  ) );
#8289 = ADVANCED_FACE('',(#8290),#8304,.F.);
#8290 = FACE_BOUND('',#8291,.T.);
#8291 = EDGE_LOOP('',(#8292,#8320,#8341,#8342));
#8292 = ORIENTED_EDGE('',*,*,#8293,.T.);
#8293 = EDGE_CURVE('',#8294,#8296,#8298,.T.);
#8294 = VERTEX_POINT('',#8295);
#8295 = CARTESIAN_POINT('',(0.,201.041,31.75));
#8296 = VERTEX_POINT('',#8297);
#8297 = CARTESIAN_POINT('',(12.7,201.041,31.75));
#8298 = SEAM_CURVE('',#8299,(#8303,#8314),.PCURVE_S1.);
#8299 = LINE('',#8300,#8301);
#8300 = CARTESIAN_POINT('',(0.,201.041,31.75));
#8301 = VECTOR('',#8302,1.);
#8302 = DIRECTION('',(1.,0.,0.));
#8303 = PCURVE('',#8304,#8309);
#8304 = CYLINDRICAL_SURFACE('',#8305,4.191);
#8305 = AXIS2_PLACEMENT_3D('',#8306,#8307,#8308);
#8306 = CARTESIAN_POINT('',(0.,196.85,31.75));
#8307 = DIRECTION('',(-1.,-0.,-0.));
#8308 = DIRECTION('',(0.,1.,0.));
#8309 = DEFINITIONAL_REPRESENTATION('',(#8310),#8313);
#8310 = B_SPLINE_CURVE_WITH_KNOTS('',1,(#8311,#8312),.UNSPECIFIED.,.F.,
  .F.,(2,2),(0.,12.7),.PIECEWISE_BEZIER_KNOTS.);
#8311 = CARTESIAN_POINT('',(0.,0.));
#8312 = CARTESIAN_POINT('',(0.,-12.7));
#8313 = ( GEOMETRIC_REPRESENTATION_CONTEXT(2) 
PARAMETRIC_REPRESENTATION_CONTEXT() REPRESENTATION_CONTEXT('2D SPACE',''
  ) );
#8314 = PCURVE('',#8304,#8315);
#8315 = DEFINITIONAL_REPRESENTATION('',(#8316),#8319);
#8316 = B_SPLINE_CURVE_WITH_KNOTS('',1,(#8317,#8318),.UNSPECIFIED.,.F.,
  .F.,(2,2),(0.,12.7),.PIECEWISE_BEZIER_KNOTS.);
#8317 = CARTESIAN_POINT('',(-6.28318530718,0.));
#8318 = CARTESIAN_POINT('',(-6.28318530718,-12.7));
#8319 = ( GEOMETRIC_REPRESENTATION_CONTEXT(2) 
PARAMETRIC_REPRESENTATION_CONTEXT() REPRESENTATION_CONTEXT('2D SPACE',''
  ) );
#8320 = ORIENTED_EDGE('',*,*,#8321,.T.);
#8321 = EDGE_CURVE('',#8296,#8296,#8322,.T.);
#8322 = SURFACE_CURVE('',#8323,(#8328,#8334),.PCURVE_S1.);
#8323 = CIRCLE('',#8324,4.191);
#8324 = AXIS2_PLACEMENT_3D('',#8325,#8326,#8327);
#8325 = CARTESIAN_POINT('',(12.7,196.85,31.75));
#8326 = DIRECTION('',(1.,0.,0.));
#8327 = DIRECTION('',(0.,1.,0.));
#8328 = PCURVE('',#8304,#8329);
#8329 = DEFINITIONAL_REPRESENTATION('',(#8330),#8333);
#8330 = B_SPLINE_CURVE_WITH_KNOTS('',1,(#8331,#8332),.UNSPECIFIED.,.F.,
  .F.,(2,2),(0.,6.28318530718),.PIECEWISE_BEZIER_KNOTS.);
#8331 = CARTESIAN_POINT('',(0.,-12.7));
#8332 = CARTESIAN_POINT('',(-6.28318530718,-12.7));
#8333 = ( GEOMETRIC_REPRESENTATION_CONTEXT(2) 
PARAMETRIC_REPRESENTATION_CONTEXT() REPRESENTATION_CONTEXT('2D SPACE',''
  ) );
#8334 = PCURVE('',#4840,#8335);
#8335 = DEFINITIONAL_REPRESENTATION('',(#8336),#8340);
#8336 = CIRCLE('',#8337,4.191);
#8337 = AXIS2_PLACEMENT_2D('',#8338,#8339);
#8338 = CARTESIAN_POINT('',(79.847716658616,-66.62180987573));
#8339 = DIRECTION('',(1.,0.));
#8340 = ( GEOMETRIC_REPRESENTATION_CONTEXT(2) 
PARAMETRIC_REPRESENTATION_CONTEXT() REPRESENTATION_CONTEXT('2D SPACE',''
  ) );
#8341 = ORIENTED_EDGE('',*,*,#8293,.F.);
#8342 = ORIENTED_EDGE('',*,*,#8343,.F.);
#8343 = EDGE_CURVE('',#8294,#8294,#8344,.T.);
#8344 = SURFACE_CURVE('',#8345,(#8350,#8356),.PCURVE_S1.);
#8345 = CIRCLE('',#8346,4.191);
#8346 = AXIS2_PLACEMENT_3D('',#8347,#8348,#8349);
#8347 = CARTESIAN_POINT('',(0.,196.85,31.75));
#8348 = DIRECTION('',(1.,0.,0.));
#8349 = DIRECTION('',(0.,1.,0.));
#8350 = PCURVE('',#8304,#8351);
#8351 = DEFINITIONAL_REPRESENTATION('',(#8352),#8355);
#8352 = B_SPLINE_CURVE_WITH_KNOTS('',1,(#8353,#8354),.UNSPECIFIED.,.F.,
  .F.,(2,2),(0.,6.28318530718),.PIECEWISE_BEZIER_KNOTS.);
#8353 = CARTESIAN_POINT('',(0.,0.));
#8354 = CARTESIAN_POINT('',(-6.28318530718,0.));
#8355 = ( GEOMETRIC_REPRESENTATION_CONTEXT(2) 
PARAMETRIC_REPRESENTATION_CONTEXT() REPRESENTATION_CONTEXT('2D SPACE',''
  ) );
#8356 = PCURVE('',#4894,#8357);
#8357 = DEFINITIONAL_REPRESENTATION('',(#8358),#8362);
#8358 = CIRCLE('',#8359,4.191);
#8359 = AXIS2_PLACEMENT_2D('',#8360,#8361);
#8360 = CARTESIAN_POINT('',(79.847716658616,-66.62180987573));
#8361 = DIRECTION('',(1.,0.));
#8362 = ( GEOMETRIC_REPRESENTATION_CONTEXT(2) 
PARAMETRIC_REPRESENTATION_CONTEXT() REPRESENTATION_CONTEXT('2D SPACE',''
  ) );
#8363 = ADVANCED_FACE('',(#8364),#8378,.F.);
#8364 = FACE_BOUND('',#8365,.T.);
#8365 = EDGE_LOOP('',(#8366,#8394,#8415,#8416));
#8366 = ORIENTED_EDGE('',*,*,#8367,.T.);
#8367 = EDGE_CURVE('',#8368,#8370,#8372,.T.);
#8368 = VERTEX_POINT('',#8369);
#8369 = CARTESIAN_POINT('',(0.,239.141,31.75));
#8370 = VERTEX_POINT('',#8371);
#8371 = CARTESIAN_POINT('',(12.7,239.141,31.75));
#8372 = SEAM_CURVE('',#8373,(#8377,#8388),.PCURVE_S1.);
#8373 = LINE('',#8374,#8375);
#8374 = CARTESIAN_POINT('',(0.,239.141,31.75));
#8375 = VECTOR('',#8376,1.);
#8376 = DIRECTION('',(1.,0.,0.));
#8377 = PCURVE('',#8378,#8383);
#8378 = CYLINDRICAL_SURFACE('',#8379,4.191);
#8379 = AXIS2_PLACEMENT_3D('',#8380,#8381,#8382);
#8380 = CARTESIAN_POINT('',(0.,234.95,31.75));
#8381 = DIRECTION('',(-1.,-0.,-0.));
#8382 = DIRECTION('',(0.,1.,0.));
#8383 = DEFINITIONAL_REPRESENTATION('',(#8384),#8387);
#8384 = B_SPLINE_CURVE_WITH_KNOTS('',1,(#8385,#8386),.UNSPECIFIED.,.F.,
  .F.,(2,2),(0.,12.7),.PIECEWISE_BEZIER_KNOTS.);
#8385 = CARTESIAN_POINT('',(0.,0.));
#8386 = CARTESIAN_POINT('',(0.,-12.7));
#8387 = ( GEOMETRIC_REPRESENTATION_CONTEXT(2) 
PARAMETRIC_REPRESENTATION_CONTEXT() REPRESENTATION_CONTEXT('2D SPACE',''
  ) );
#8388 = PCURVE('',#8378,#8389);
#8389 = DEFINITIONAL_REPRESENTATION('',(#8390),#8393);
#8390 = B_SPLINE_CURVE_WITH_KNOTS('',1,(#8391,#8392),.UNSPECIFIED.,.F.,
  .F.,(2,2),(0.,12.7),.PIECEWISE_BEZIER_KNOTS.);
#8391 = CARTESIAN_POINT('',(-6.28318530718,0.));
#8392 = CARTESIAN_POINT('',(-6.28318530718,-12.7));
#8393 = ( GEOMETRIC_REPRESENTATION_CONTEXT(2) 
PARAMETRIC_REPRESENTATION_CONTEXT() REPRESENTATION_CONTEXT('2D SPACE',''
  ) );
#8394 = ORIENTED_EDGE('',*,*,#8395,.T.);
#8395 = EDGE_CURVE('',#8370,#8370,#8396,.T.);
#8396 = SURFACE_CURVE('',#8397,(#8402,#8408),.PCURVE_S1.);
#8397 = CIRCLE('',#8398,4.191);
#8398 = AXIS2_PLACEMENT_3D('',#8399,#8400,#8401);
#8399 = CARTESIAN_POINT('',(12.7,234.95,31.75));
#8400 = DIRECTION('',(1.,0.,0.));
#8401 = DIRECTION('',(0.,1.,0.));
#8402 = PCURVE('',#8378,#8403);
#8403 = DEFINITIONAL_REPRESENTATION('',(#8404),#8407);
#8404 = B_SPLINE_CURVE_WITH_KNOTS('',1,(#8405,#8406),.UNSPECIFIED.,.F.,
  .F.,(2,2),(0.,6.28318530718),.PIECEWISE_BEZIER_KNOTS.);
#8405 = CARTESIAN_POINT('',(0.,-12.7));
#8406 = CARTESIAN_POINT('',(-6.28318530718,-12.7));
#8407 = ( GEOMETRIC_REPRESENTATION_CONTEXT(2) 
PARAMETRIC_REPRESENTATION_CONTEXT() REPRESENTATION_CONTEXT('2D SPACE',''
  ) );
#8408 = PCURVE('',#4840,#8409);
#8409 = DEFINITIONAL_REPRESENTATION('',(#8410),#8414);
#8410 = CIRCLE('',#8411,4.191);
#8411 = AXIS2_PLACEMENT_2D('',#8412,#8413);
#8412 = CARTESIAN_POINT('',(117.94771665861,-66.62180987573));
#8413 = DIRECTION('',(1.,0.));
#8414 = ( GEOMETRIC_REPRESENTATION_CONTEXT(2) 
PARAMETRIC_REPRESENTATION_CONTEXT() REPRESENTATION_CONTEXT('2D SPACE',''
  ) );
#8415 = ORIENTED_EDGE('',*,*,#8367,.F.);
#8416 = ORIENTED_EDGE('',*,*,#8417,.F.);
#8417 = EDGE_CURVE('',#8368,#8368,#8418,.T.);
#8418 = SURFACE_CURVE('',#8419,(#8424,#8430),.PCURVE_S1.);
#8419 = CIRCLE('',#8420,4.191);
#8420 = AXIS2_PLACEMENT_3D('',#8421,#8422,#8423);
#8421 = CARTESIAN_POINT('',(0.,234.95,31.75));
#8422 = DIRECTION('',(1.,0.,0.));
#8423 = DIRECTION('',(0.,1.,0.));
#8424 = PCURVE('',#8378,#8425);
#8425 = DEFINITIONAL_REPRESENTATION('',(#8426),#8429);
#8426 = B_SPLINE_CURVE_WITH_KNOTS('',1,(#8427,#8428),.UNSPECIFIED.,.F.,
  .F.,(2,2),(0.,6.28318530718),.PIECEWISE_BEZIER_KNOTS.);
#8427 = CARTESIAN_POINT('',(0.,0.));
#8428 = CARTESIAN_POINT('',(-6.28318530718,0.));
#8429 = ( GEOMETRIC_REPRESENTATION_CONTEXT(2) 
PARAMETRIC_REPRESENTATION_CONTEXT() REPRESENTATION_CONTEXT('2D SPACE',''
  ) );
#8430 = PCURVE('',#4894,#8431);
#8431 = DEFINITIONAL_REPRESENTATION('',(#8432),#8436);
#8432 = CIRCLE('',#8433,4.191);
#8433 = AXIS2_PLACEMENT_2D('',#8434,#8435);
#8434 = CARTESIAN_POINT('',(117.94771665861,-66.62180987573));
#8435 = DIRECTION('',(1.,0.));
#8436 = ( GEOMETRIC_REPRESENTATION_CONTEXT(2) 
PARAMETRIC_REPRESENTATION_CONTEXT() REPRESENTATION_CONTEXT('2D SPACE',''
  ) );
#8437 = ADVANCED_FACE('',(#8438),#8452,.F.);
#8438 = FACE_BOUND('',#8439,.T.);
#8439 = EDGE_LOOP('',(#8440,#8468,#8489,#8490));
#8440 = ORIENTED_EDGE('',*,*,#8441,.T.);
#8441 = EDGE_CURVE('',#8442,#8444,#8446,.T.);
#8442 = VERTEX_POINT('',#8443);
#8443 = CARTESIAN_POINT('',(0.,201.041,69.85));
#8444 = VERTEX_POINT('',#8445);
#8445 = CARTESIAN_POINT('',(12.7,201.041,69.85));
#8446 = SEAM_CURVE('',#8447,(#8451,#8462),.PCURVE_S1.);
#8447 = LINE('',#8448,#8449);
#8448 = CARTESIAN_POINT('',(0.,201.041,69.85));
#8449 = VECTOR('',#8450,1.);
#8450 = DIRECTION('',(1.,0.,0.));
#8451 = PCURVE('',#8452,#8457);
#8452 = CYLINDRICAL_SURFACE('',#8453,4.191);
#8453 = AXIS2_PLACEMENT_3D('',#8454,#8455,#8456);
#8454 = CARTESIAN_POINT('',(0.,196.85,69.85));
#8455 = DIRECTION('',(-1.,-0.,-0.));
#8456 = DIRECTION('',(0.,1.,0.));
#8457 = DEFINITIONAL_REPRESENTATION('',(#8458),#8461);
#8458 = B_SPLINE_CURVE_WITH_KNOTS('',1,(#8459,#8460),.UNSPECIFIED.,.F.,
  .F.,(2,2),(0.,12.7),.PIECEWISE_BEZIER_KNOTS.);
#8459 = CARTESIAN_POINT('',(0.,0.));
#8460 = CARTESIAN_POINT('',(0.,-12.7));
#8461 = ( GEOMETRIC_REPRESENTATION_CONTEXT(2) 
PARAMETRIC_REPRESENTATION_CONTEXT() REPRESENTATION_CONTEXT('2D SPACE',''
  ) );
#8462 = PCURVE('',#8452,#8463);
#8463 = DEFINITIONAL_REPRESENTATION('',(#8464),#8467);
#8464 = B_SPLINE_CURVE_WITH_KNOTS('',1,(#8465,#8466),.UNSPECIFIED.,.F.,
  .F.,(2,2),(0.,12.7),.PIECEWISE_BEZIER_KNOTS.);
#8465 = CARTESIAN_POINT('',(-6.28318530718,0.));
#8466 = CARTESIAN_POINT('',(-6.28318530718,-12.7));
#8467 = ( GEOMETRIC_REPRESENTATION_CONTEXT(2) 
PARAMETRIC_REPRESENTATION_CONTEXT() REPRESENTATION_CONTEXT('2D SPACE',''
  ) );
#8468 = ORIENTED_EDGE('',*,*,#8469,.T.);
#8469 = EDGE_CURVE('',#8444,#8444,#8470,.T.);
#8470 = SURFACE_CURVE('',#8471,(#8476,#8482),.PCURVE_S1.);
#8471 = CIRCLE('',#8472,4.191);
#8472 = AXIS2_PLACEMENT_3D('',#8473,#8474,#8475);
#8473 = CARTESIAN_POINT('',(12.7,196.85,69.85));
#8474 = DIRECTION('',(1.,0.,0.));
#8475 = DIRECTION('',(0.,1.,0.));
#8476 = PCURVE('',#8452,#8477);
#8477 = DEFINITIONAL_REPRESENTATION('',(#8478),#8481);
#8478 = B_SPLINE_CURVE_WITH_KNOTS('',1,(#8479,#8480),.UNSPECIFIED.,.F.,
  .F.,(2,2),(0.,6.28318530718),.PIECEWISE_BEZIER_KNOTS.);
#8479 = CARTESIAN_POINT('',(0.,-12.7));
#8480 = CARTESIAN_POINT('',(-6.28318530718,-12.7));
#8481 = ( GEOMETRIC_REPRESENTATION_CONTEXT(2) 
PARAMETRIC_REPRESENTATION_CONTEXT() REPRESENTATION_CONTEXT('2D SPACE',''
  ) );
#8482 = PCURVE('',#4840,#8483);
#8483 = DEFINITIONAL_REPRESENTATION('',(#8484),#8488);
#8484 = CIRCLE('',#8485,4.191);
#8485 = AXIS2_PLACEMENT_2D('',#8486,#8487);
#8486 = CARTESIAN_POINT('',(79.847716658616,-28.52180987573));
#8487 = DIRECTION('',(1.,0.));
#8488 = ( GEOMETRIC_REPRESENTATION_CONTEXT(2) 
PARAMETRIC_REPRESENTATION_CONTEXT() REPRESENTATION_CONTEXT('2D SPACE',''
  ) );
#8489 = ORIENTED_EDGE('',*,*,#8441,.F.);
#8490 = ORIENTED_EDGE('',*,*,#8491,.F.);
#8491 = EDGE_CURVE('',#8442,#8442,#8492,.T.);
#8492 = SURFACE_CURVE('',#8493,(#8498,#8504),.PCURVE_S1.);
#8493 = CIRCLE('',#8494,4.191);
#8494 = AXIS2_PLACEMENT_3D('',#8495,#8496,#8497);
#8495 = CARTESIAN_POINT('',(0.,196.85,69.85));
#8496 = DIRECTION('',(1.,0.,0.));
#8497 = DIRECTION('',(0.,1.,0.));
#8498 = PCURVE('',#8452,#8499);
#8499 = DEFINITIONAL_REPRESENTATION('',(#8500),#8503);
#8500 = B_SPLINE_CURVE_WITH_KNOTS('',1,(#8501,#8502),.UNSPECIFIED.,.F.,
  .F.,(2,2),(0.,6.28318530718),.PIECEWISE_BEZIER_KNOTS.);
#8501 = CARTESIAN_POINT('',(0.,0.));
#8502 = CARTESIAN_POINT('',(-6.28318530718,0.));
#8503 = ( GEOMETRIC_REPRESENTATION_CONTEXT(2) 
PARAMETRIC_REPRESENTATION_CONTEXT() REPRESENTATION_CONTEXT('2D SPACE',''
  ) );
#8504 = PCURVE('',#4894,#8505);
#8505 = DEFINITIONAL_REPRESENTATION('',(#8506),#8510);
#8506 = CIRCLE('',#8507,4.191);
#8507 = AXIS2_PLACEMENT_2D('',#8508,#8509);
#8508 = CARTESIAN_POINT('',(79.847716658616,-28.52180987573));
#8509 = DIRECTION('',(1.,0.));
#8510 = ( GEOMETRIC_REPRESENTATION_CONTEXT(2) 
PARAMETRIC_REPRESENTATION_CONTEXT() REPRESENTATION_CONTEXT('2D SPACE',''
  ) );
#8511 = ADVANCED_FACE('',(#8512),#8526,.F.);
#8512 = FACE_BOUND('',#8513,.T.);
#8513 = EDGE_LOOP('',(#8514,#8542,#8563,#8564));
#8514 = ORIENTED_EDGE('',*,*,#8515,.T.);
#8515 = EDGE_CURVE('',#8516,#8518,#8520,.T.);
#8516 = VERTEX_POINT('',#8517);
#8517 = CARTESIAN_POINT('',(0.,239.141,69.85));
#8518 = VERTEX_POINT('',#8519);
#8519 = CARTESIAN_POINT('',(12.7,239.141,69.85));
#8520 = SEAM_CURVE('',#8521,(#8525,#8536),.PCURVE_S1.);
#8521 = LINE('',#8522,#8523);
#8522 = CARTESIAN_POINT('',(0.,239.141,69.85));
#8523 = VECTOR('',#8524,1.);
#8524 = DIRECTION('',(1.,0.,0.));
#8525 = PCURVE('',#8526,#8531);
#8526 = CYLINDRICAL_SURFACE('',#8527,4.191);
#8527 = AXIS2_PLACEMENT_3D('',#8528,#8529,#8530);
#8528 = CARTESIAN_POINT('',(0.,234.95,69.85));
#8529 = DIRECTION('',(-1.,-0.,-0.));
#8530 = DIRECTION('',(0.,1.,0.));
#8531 = DEFINITIONAL_REPRESENTATION('',(#8532),#8535);
#8532 = B_SPLINE_CURVE_WITH_KNOTS('',1,(#8533,#8534),.UNSPECIFIED.,.F.,
  .F.,(2,2),(0.,12.7),.PIECEWISE_BEZIER_KNOTS.);
#8533 = CARTESIAN_POINT('',(0.,0.));
#8534 = CARTESIAN_POINT('',(0.,-12.7));
#8535 = ( GEOMETRIC_REPRESENTATION_CONTEXT(2) 
PARAMETRIC_REPRESENTATION_CONTEXT() REPRESENTATION_CONTEXT('2D SPACE',''
  ) );
#8536 = PCURVE('',#8526,#8537);
#8537 = DEFINITIONAL_REPRESENTATION('',(#8538),#8541);
#8538 = B_SPLINE_CURVE_WITH_KNOTS('',1,(#8539,#8540),.UNSPECIFIED.,.F.,
  .F.,(2,2),(0.,12.7),.PIECEWISE_BEZIER_KNOTS.);
#8539 = CARTESIAN_POINT('',(-6.28318530718,0.));
#8540 = CARTESIAN_POINT('',(-6.28318530718,-12.7));
#8541 = ( GEOMETRIC_REPRESENTATION_CONTEXT(2) 
PARAMETRIC_REPRESENTATION_CONTEXT() REPRESENTATION_CONTEXT('2D SPACE',''
  ) );
#8542 = ORIENTED_EDGE('',*,*,#8543,.T.);
#8543 = EDGE_CURVE('',#8518,#8518,#8544,.T.);
#8544 = SURFACE_CURVE('',#8545,(#8550,#8556),.PCURVE_S1.);
#8545 = CIRCLE('',#8546,4.191);
#8546 = AXIS2_PLACEMENT_3D('',#8547,#8548,#8549);
#8547 = CARTESIAN_POINT('',(12.7,234.95,69.85));
#8548 = DIRECTION('',(1.,0.,0.));
#8549 = DIRECTION('',(0.,1.,0.));
#8550 = PCURVE('',#8526,#8551);
#8551 = DEFINITIONAL_REPRESENTATION('',(#8552),#8555);
#8552 = B_SPLINE_CURVE_WITH_KNOTS('',1,(#8553,#8554),.UNSPECIFIED.,.F.,
  .F.,(2,2),(0.,6.28318530718),.PIECEWISE_BEZIER_KNOTS.);
#8553 = CARTESIAN_POINT('',(0.,-12.7));
#8554 = CARTESIAN_POINT('',(-6.28318530718,-12.7));
#8555 = ( GEOMETRIC_REPRESENTATION_CONTEXT(2) 
PARAMETRIC_REPRESENTATION_CONTEXT() REPRESENTATION_CONTEXT('2D SPACE',''
  ) );
#8556 = PCURVE('',#4840,#8557);
#8557 = DEFINITIONAL_REPRESENTATION('',(#8558),#8562);
#8558 = CIRCLE('',#8559,4.191);
#8559 = AXIS2_PLACEMENT_2D('',#8560,#8561);
#8560 = CARTESIAN_POINT('',(117.94771665861,-28.52180987573));
#8561 = DIRECTION('',(1.,0.));
#8562 = ( GEOMETRIC_REPRESENTATION_CONTEXT(2) 
PARAMETRIC_REPRESENTATION_CONTEXT() REPRESENTATION_CONTEXT('2D SPACE',''
  ) );
#8563 = ORIENTED_EDGE('',*,*,#8515,.F.);
#8564 = ORIENTED_EDGE('',*,*,#8565,.F.);
#8565 = EDGE_CURVE('',#8516,#8516,#8566,.T.);
#8566 = SURFACE_CURVE('',#8567,(#8572,#8578),.PCURVE_S1.);
#8567 = CIRCLE('',#8568,4.191);
#8568 = AXIS2_PLACEMENT_3D('',#8569,#8570,#8571);
#8569 = CARTESIAN_POINT('',(0.,234.95,69.85));
#8570 = DIRECTION('',(1.,0.,0.));
#8571 = DIRECTION('',(0.,1.,0.));
#8572 = PCURVE('',#8526,#8573);
#8573 = DEFINITIONAL_REPRESENTATION('',(#8574),#8577);
#8574 = B_SPLINE_CURVE_WITH_KNOTS('',1,(#8575,#8576),.UNSPECIFIED.,.F.,
  .F.,(2,2),(0.,6.28318530718),.PIECEWISE_BEZIER_KNOTS.);
#8575 = CARTESIAN_POINT('',(0.,0.));
#8576 = CARTESIAN_POINT('',(-6.28318530718,0.));
#8577 = ( GEOMETRIC_REPRESENTATION_CONTEXT(2) 
PARAMETRIC_REPRESENTATION_CONTEXT() REPRESENTATION_CONTEXT('2D SPACE',''
  ) );
#8578 = PCURVE('',#4894,#8579);
#8579 = DEFINITIONAL_REPRESENTATION('',(#8580),#8584);
#8580 = CIRCLE('',#8581,4.191);
#8581 = AXIS2_PLACEMENT_2D('',#8582,#8583);
#8582 = CARTESIAN_POINT('',(117.94771665861,-28.52180987573));
#8583 = DIRECTION('',(1.,0.));
#8584 = ( GEOMETRIC_REPRESENTATION_CONTEXT(2) 
PARAMETRIC_REPRESENTATION_CONTEXT() REPRESENTATION_CONTEXT('2D SPACE',''
  ) );
#8585 = ADVANCED_FACE('',(#8586),#8600,.F.);
#8586 = FACE_BOUND('',#8587,.F.);
#8587 = EDGE_LOOP('',(#8588,#8616,#8641,#8642));
#8588 = ORIENTED_EDGE('',*,*,#8589,.T.);
#8589 = EDGE_CURVE('',#8590,#8592,#8594,.T.);
#8590 = VERTEX_POINT('',#8591);
#8591 = CARTESIAN_POINT('',(0.,6.35,111.2774));
#8592 = VERTEX_POINT('',#8593);
#8593 = CARTESIAN_POINT('',(12.7,6.35,111.2774));
#8594 = SEAM_CURVE('',#8595,(#8599,#8610),.PCURVE_S1.);
#8595 = LINE('',#8596,#8597);
#8596 = CARTESIAN_POINT('',(0.,6.35,111.2774));
#8597 = VECTOR('',#8598,1.);
#8598 = DIRECTION('',(1.,0.,0.));
#8599 = PCURVE('',#8600,#8605);
#8600 = CYLINDRICAL_SURFACE('',#8601,3.3274);
#8601 = AXIS2_PLACEMENT_3D('',#8602,#8603,#8604);
#8602 = CARTESIAN_POINT('',(0.,6.35,107.95));
#8603 = DIRECTION('',(-1.,0.,0.));
#8604 = DIRECTION('',(0.,-2.22044604925E-16,1.));
#8605 = DEFINITIONAL_REPRESENTATION('',(#8606),#8609);
#8606 = B_SPLINE_CURVE_WITH_KNOTS('',1,(#8607,#8608),.UNSPECIFIED.,.F.,
  .F.,(2,2),(0.,12.7),.PIECEWISE_BEZIER_KNOTS.);
#8607 = CARTESIAN_POINT('',(0.,0.));
#8608 = CARTESIAN_POINT('',(0.,-12.7));
#8609 = ( GEOMETRIC_REPRESENTATION_CONTEXT(2) 
PARAMETRIC_REPRESENTATION_CONTEXT() REPRESENTATION_CONTEXT('2D SPACE',''
  ) );
#8610 = PCURVE('',#8600,#8611);
#8611 = DEFINITIONAL_REPRESENTATION('',(#8612),#8615);
#8612 = B_SPLINE_CURVE_WITH_KNOTS('',1,(#8613,#8614),.UNSPECIFIED.,.F.,
  .F.,(2,2),(0.,12.7),.PIECEWISE_BEZIER_KNOTS.);
#8613 = CARTESIAN_POINT('',(6.28318530718,0.));
#8614 = CARTESIAN_POINT('',(6.28318530718,-12.7));
#8615 = ( GEOMETRIC_REPRESENTATION_CONTEXT(2) 
PARAMETRIC_REPRESENTATION_CONTEXT() REPRESENTATION_CONTEXT('2D SPACE',''
  ) );
#8616 = ORIENTED_EDGE('',*,*,#8617,.T.);
#8617 = EDGE_CURVE('',#8592,#8592,#8618,.T.);
#8618 = SURFACE_CURVE('',#8619,(#8624,#8630),.PCURVE_S1.);
#8619 = CIRCLE('',#8620,3.3274);
#8620 = AXIS2_PLACEMENT_3D('',#8621,#8622,#8623);
#8621 = CARTESIAN_POINT('',(12.7,6.35,107.95));
#8622 = DIRECTION('',(-1.,0.,0.));
#8623 = DIRECTION('',(0.,-2.22044604925E-16,1.));
#8624 = PCURVE('',#8600,#8625);
#8625 = DEFINITIONAL_REPRESENTATION('',(#8626),#8629);
#8626 = B_SPLINE_CURVE_WITH_KNOTS('',1,(#8627,#8628),.UNSPECIFIED.,.F.,
  .F.,(2,2),(0.,6.28318530718),.PIECEWISE_BEZIER_KNOTS.);
#8627 = CARTESIAN_POINT('',(0.,-12.7));
#8628 = CARTESIAN_POINT('',(6.28318530718,-12.7));
#8629 = ( GEOMETRIC_REPRESENTATION_CONTEXT(2) 
PARAMETRIC_REPRESENTATION_CONTEXT() REPRESENTATION_CONTEXT('2D SPACE',''
  ) );
#8630 = PCURVE('',#4840,#8631);
#8631 = DEFINITIONAL_REPRESENTATION('',(#8632),#8640);
#8632 = ( BOUNDED_CURVE() B_SPLINE_CURVE(2,(#8633,#8634,#8635,#8636,
#8637,#8638,#8639),.UNSPECIFIED.,.T.,.F.) B_SPLINE_CURVE_WITH_KNOTS((1,2
    ,2,2,2,1),(-2.094395102393,0.,2.094395102393,4.188790204786,
6.28318530718,8.377580409573),.UNSPECIFIED.) CURVE() 
GEOMETRIC_REPRESENTATION_ITEM() RATIONAL_B_SPLINE_CURVE((1.,0.5,1.,0.5,
1.,0.5,1.)) REPRESENTATION_ITEM('') );
#8633 = CARTESIAN_POINT('',(-110.6522833413,12.90559012427));
#8634 = CARTESIAN_POINT('',(-104.8890574842,12.90559012427));
#8635 = CARTESIAN_POINT('',(-107.7706704128,7.91449012427));
#8636 = CARTESIAN_POINT('',(-110.6522833413,2.92339012427));
#8637 = CARTESIAN_POINT('',(-113.5338962699,7.91449012427));
#8638 = CARTESIAN_POINT('',(-116.4155091984,12.90559012427));
#8639 = CARTESIAN_POINT('',(-110.6522833413,12.90559012427));
#8640 = ( GEOMETRIC_REPRESENTATION_CONTEXT(2) 
PARAMETRIC_REPRESENTATION_CONTEXT() REPRESENTATION_CONTEXT('2D SPACE',''
  ) );
#8641 = ORIENTED_EDGE('',*,*,#8589,.F.);
#8642 = ORIENTED_EDGE('',*,*,#8643,.F.);
#8643 = EDGE_CURVE('',#8590,#8590,#8644,.T.);
#8644 = SURFACE_CURVE('',#8645,(#8650,#8656),.PCURVE_S1.);
#8645 = CIRCLE('',#8646,3.3274);
#8646 = AXIS2_PLACEMENT_3D('',#8647,#8648,#8649);
#8647 = CARTESIAN_POINT('',(0.,6.35,107.95));
#8648 = DIRECTION('',(-1.,0.,0.));
#8649 = DIRECTION('',(0.,-2.22044604925E-16,1.));
#8650 = PCURVE('',#8600,#8651);
#8651 = DEFINITIONAL_REPRESENTATION('',(#8652),#8655);
#8652 = B_SPLINE_CURVE_WITH_KNOTS('',1,(#8653,#8654),.UNSPECIFIED.,.F.,
  .F.,(2,2),(0.,6.28318530718),.PIECEWISE_BEZIER_KNOTS.);
#8653 = CARTESIAN_POINT('',(0.,0.));
#8654 = CARTESIAN_POINT('',(6.28318530718,0.));
#8655 = ( GEOMETRIC_REPRESENTATION_CONTEXT(2) 
PARAMETRIC_REPRESENTATION_CONTEXT() REPRESENTATION_CONTEXT('2D SPACE',''
  ) );
#8656 = PCURVE('',#4894,#8657);
#8657 = DEFINITIONAL_REPRESENTATION('',(#8658),#8666);
#8658 = ( BOUNDED_CURVE() B_SPLINE_CURVE(2,(#8659,#8660,#8661,#8662,
#8663,#8664,#8665),.UNSPECIFIED.,.T.,.F.) B_SPLINE_CURVE_WITH_KNOTS((1,2
    ,2,2,2,1),(-2.094395102393,0.,2.094395102393,4.188790204786,
6.28318530718,8.377580409573),.UNSPECIFIED.) CURVE() 
GEOMETRIC_REPRESENTATION_ITEM() RATIONAL_B_SPLINE_CURVE((1.,0.5,1.,0.5,
1.,0.5,1.)) REPRESENTATION_ITEM('') );
#8659 = CARTESIAN_POINT('',(-110.6522833413,12.90559012427));
#8660 = CARTESIAN_POINT('',(-104.8890574842,12.90559012427));
#8661 = CARTESIAN_POINT('',(-107.7706704128,7.91449012427));
#8662 = CARTESIAN_POINT('',(-110.6522833413,2.92339012427));
#8663 = CARTESIAN_POINT('',(-113.5338962699,7.91449012427));
#8664 = CARTESIAN_POINT('',(-116.4155091984,12.90559012427));
#8665 = CARTESIAN_POINT('',(-110.6522833413,12.90559012427));
#8666 = ( GEOMETRIC_REPRESENTATION_CONTEXT(2) 
PARAMETRIC_REPRESENTATION_CONTEXT() REPRESENTATION_CONTEXT('2D SPACE',''
  ) );
#8667 = ADVANCED_FACE('',(#8668),#8682,.F.);
#8668 = FACE_BOUND('',#8669,.T.);
#8669 = EDGE_LOOP('',(#8670,#8698,#8719,#8720));
#8670 = ORIENTED_EDGE('',*,*,#8671,.T.);
#8671 = EDGE_CURVE('',#8672,#8674,#8676,.T.);
#8672 = VERTEX_POINT('',#8673);
#8673 = CARTESIAN_POINT('',(0.,35.941,146.05));
#8674 = VERTEX_POINT('',#8675);
#8675 = CARTESIAN_POINT('',(12.7,35.941,146.05));
#8676 = SEAM_CURVE('',#8677,(#8681,#8692),.PCURVE_S1.);
#8677 = LINE('',#8678,#8679);
#8678 = CARTESIAN_POINT('',(0.,35.941,146.05));
#8679 = VECTOR('',#8680,1.);
#8680 = DIRECTION('',(1.,0.,0.));
#8681 = PCURVE('',#8682,#8687);
#8682 = CYLINDRICAL_SURFACE('',#8683,4.191);
#8683 = AXIS2_PLACEMENT_3D('',#8684,#8685,#8686);
#8684 = CARTESIAN_POINT('',(0.,31.75,146.05));
#8685 = DIRECTION('',(-1.,-0.,-0.));
#8686 = DIRECTION('',(0.,1.,0.));
#8687 = DEFINITIONAL_REPRESENTATION('',(#8688),#8691);
#8688 = B_SPLINE_CURVE_WITH_KNOTS('',1,(#8689,#8690),.UNSPECIFIED.,.F.,
  .F.,(2,2),(0.,12.7),.PIECEWISE_BEZIER_KNOTS.);
#8689 = CARTESIAN_POINT('',(0.,0.));
#8690 = CARTESIAN_POINT('',(0.,-12.7));
#8691 = ( GEOMETRIC_REPRESENTATION_CONTEXT(2) 
PARAMETRIC_REPRESENTATION_CONTEXT() REPRESENTATION_CONTEXT('2D SPACE',''
  ) );
#8692 = PCURVE('',#8682,#8693);
#8693 = DEFINITIONAL_REPRESENTATION('',(#8694),#8697);
#8694 = B_SPLINE_CURVE_WITH_KNOTS('',1,(#8695,#8696),.UNSPECIFIED.,.F.,
  .F.,(2,2),(0.,12.7),.PIECEWISE_BEZIER_KNOTS.);
#8695 = CARTESIAN_POINT('',(-6.28318530718,0.));
#8696 = CARTESIAN_POINT('',(-6.28318530718,-12.7));
#8697 = ( GEOMETRIC_REPRESENTATION_CONTEXT(2) 
PARAMETRIC_REPRESENTATION_CONTEXT() REPRESENTATION_CONTEXT('2D SPACE',''
  ) );
#8698 = ORIENTED_EDGE('',*,*,#8699,.T.);
#8699 = EDGE_CURVE('',#8674,#8674,#8700,.T.);
#8700 = SURFACE_CURVE('',#8701,(#8706,#8712),.PCURVE_S1.);
#8701 = CIRCLE('',#8702,4.191);
#8702 = AXIS2_PLACEMENT_3D('',#8703,#8704,#8705);
#8703 = CARTESIAN_POINT('',(12.7,31.75,146.05));
#8704 = DIRECTION('',(1.,0.,0.));
#8705 = DIRECTION('',(0.,1.,0.));
#8706 = PCURVE('',#8682,#8707);
#8707 = DEFINITIONAL_REPRESENTATION('',(#8708),#8711);
#8708 = B_SPLINE_CURVE_WITH_KNOTS('',1,(#8709,#8710),.UNSPECIFIED.,.F.,
  .F.,(2,2),(0.,6.28318530718),.PIECEWISE_BEZIER_KNOTS.);
#8709 = CARTESIAN_POINT('',(0.,-12.7));
#8710 = CARTESIAN_POINT('',(-6.28318530718,-12.7));
#8711 = ( GEOMETRIC_REPRESENTATION_CONTEXT(2) 
PARAMETRIC_REPRESENTATION_CONTEXT() REPRESENTATION_CONTEXT('2D SPACE',''
  ) );
#8712 = PCURVE('',#4840,#8713);
#8713 = DEFINITIONAL_REPRESENTATION('',(#8714),#8718);
#8714 = CIRCLE('',#8715,4.191);
#8715 = AXIS2_PLACEMENT_2D('',#8716,#8717);
#8716 = CARTESIAN_POINT('',(-85.25228334138,47.67819012427));
#8717 = DIRECTION('',(1.,0.));
#8718 = ( GEOMETRIC_REPRESENTATION_CONTEXT(2) 
PARAMETRIC_REPRESENTATION_CONTEXT() REPRESENTATION_CONTEXT('2D SPACE',''
  ) );
#8719 = ORIENTED_EDGE('',*,*,#8671,.F.);
#8720 = ORIENTED_EDGE('',*,*,#8721,.F.);
#8721 = EDGE_CURVE('',#8672,#8672,#8722,.T.);
#8722 = SURFACE_CURVE('',#8723,(#8728,#8734),.PCURVE_S1.);
#8723 = CIRCLE('',#8724,4.191);
#8724 = AXIS2_PLACEMENT_3D('',#8725,#8726,#8727);
#8725 = CARTESIAN_POINT('',(0.,31.75,146.05));
#8726 = DIRECTION('',(1.,0.,0.));
#8727 = DIRECTION('',(0.,1.,0.));
#8728 = PCURVE('',#8682,#8729);
#8729 = DEFINITIONAL_REPRESENTATION('',(#8730),#8733);
#8730 = B_SPLINE_CURVE_WITH_KNOTS('',1,(#8731,#8732),.UNSPECIFIED.,.F.,
  .F.,(2,2),(0.,6.28318530718),.PIECEWISE_BEZIER_KNOTS.);
#8731 = CARTESIAN_POINT('',(0.,0.));
#8732 = CARTESIAN_POINT('',(-6.28318530718,0.));
#8733 = ( GEOMETRIC_REPRESENTATION_CONTEXT(2) 
PARAMETRIC_REPRESENTATION_CONTEXT() REPRESENTATION_CONTEXT('2D SPACE',''
  ) );
#8734 = PCURVE('',#4894,#8735);
#8735 = DEFINITIONAL_REPRESENTATION('',(#8736),#8740);
#8736 = CIRCLE('',#8737,4.191);
#8737 = AXIS2_PLACEMENT_2D('',#8738,#8739);
#8738 = CARTESIAN_POINT('',(-85.25228334138,47.67819012427));
#8739 = DIRECTION('',(1.,0.));
#8740 = ( GEOMETRIC_REPRESENTATION_CONTEXT(2) 
PARAMETRIC_REPRESENTATION_CONTEXT() REPRESENTATION_CONTEXT('2D SPACE',''
  ) );
#8741 = ADVANCED_FACE('',(#8742),#8756,.F.);
#8742 = FACE_BOUND('',#8743,.T.);
#8743 = EDGE_LOOP('',(#8744,#8772,#8793,#8794));
#8744 = ORIENTED_EDGE('',*,*,#8745,.T.);
#8745 = EDGE_CURVE('',#8746,#8748,#8750,.T.);
#8746 = VERTEX_POINT('',#8747);
#8747 = CARTESIAN_POINT('',(0.,74.041,146.05));
#8748 = VERTEX_POINT('',#8749);
#8749 = CARTESIAN_POINT('',(12.7,74.041,146.05));
#8750 = SEAM_CURVE('',#8751,(#8755,#8766),.PCURVE_S1.);
#8751 = LINE('',#8752,#8753);
#8752 = CARTESIAN_POINT('',(0.,74.041,146.05));
#8753 = VECTOR('',#8754,1.);
#8754 = DIRECTION('',(1.,0.,0.));
#8755 = PCURVE('',#8756,#8761);
#8756 = CYLINDRICAL_SURFACE('',#8757,4.191);
#8757 = AXIS2_PLACEMENT_3D('',#8758,#8759,#8760);
#8758 = CARTESIAN_POINT('',(0.,69.85,146.05));
#8759 = DIRECTION('',(-1.,-0.,-0.));
#8760 = DIRECTION('',(0.,1.,0.));
#8761 = DEFINITIONAL_REPRESENTATION('',(#8762),#8765);
#8762 = B_SPLINE_CURVE_WITH_KNOTS('',1,(#8763,#8764),.UNSPECIFIED.,.F.,
  .F.,(2,2),(0.,12.7),.PIECEWISE_BEZIER_KNOTS.);
#8763 = CARTESIAN_POINT('',(0.,0.));
#8764 = CARTESIAN_POINT('',(0.,-12.7));
#8765 = ( GEOMETRIC_REPRESENTATION_CONTEXT(2) 
PARAMETRIC_REPRESENTATION_CONTEXT() REPRESENTATION_CONTEXT('2D SPACE',''
  ) );
#8766 = PCURVE('',#8756,#8767);
#8767 = DEFINITIONAL_REPRESENTATION('',(#8768),#8771);
#8768 = B_SPLINE_CURVE_WITH_KNOTS('',1,(#8769,#8770),.UNSPECIFIED.,.F.,
  .F.,(2,2),(0.,12.7),.PIECEWISE_BEZIER_KNOTS.);
#8769 = CARTESIAN_POINT('',(-6.28318530718,0.));
#8770 = CARTESIAN_POINT('',(-6.28318530718,-12.7));
#8771 = ( GEOMETRIC_REPRESENTATION_CONTEXT(2) 
PARAMETRIC_REPRESENTATION_CONTEXT() REPRESENTATION_CONTEXT('2D SPACE',''
  ) );
#8772 = ORIENTED_EDGE('',*,*,#8773,.T.);
#8773 = EDGE_CURVE('',#8748,#8748,#8774,.T.);
#8774 = SURFACE_CURVE('',#8775,(#8780,#8786),.PCURVE_S1.);
#8775 = CIRCLE('',#8776,4.191);
#8776 = AXIS2_PLACEMENT_3D('',#8777,#8778,#8779);
#8777 = CARTESIAN_POINT('',(12.7,69.85,146.05));
#8778 = DIRECTION('',(1.,0.,0.));
#8779 = DIRECTION('',(0.,1.,0.));
#8780 = PCURVE('',#8756,#8781);
#8781 = DEFINITIONAL_REPRESENTATION('',(#8782),#8785);
#8782 = B_SPLINE_CURVE_WITH_KNOTS('',1,(#8783,#8784),.UNSPECIFIED.,.F.,
  .F.,(2,2),(0.,6.28318530718),.PIECEWISE_BEZIER_KNOTS.);
#8783 = CARTESIAN_POINT('',(0.,-12.7));
#8784 = CARTESIAN_POINT('',(-6.28318530718,-12.7));
#8785 = ( GEOMETRIC_REPRESENTATION_CONTEXT(2) 
PARAMETRIC_REPRESENTATION_CONTEXT() REPRESENTATION_CONTEXT('2D SPACE',''
  ) );
#8786 = PCURVE('',#4840,#8787);
#8787 = DEFINITIONAL_REPRESENTATION('',(#8788),#8792);
#8788 = CIRCLE('',#8789,4.191);
#8789 = AXIS2_PLACEMENT_2D('',#8790,#8791);
#8790 = CARTESIAN_POINT('',(-47.15228334138,47.67819012427));
#8791 = DIRECTION('',(1.,0.));
#8792 = ( GEOMETRIC_REPRESENTATION_CONTEXT(2) 
PARAMETRIC_REPRESENTATION_CONTEXT() REPRESENTATION_CONTEXT('2D SPACE',''
  ) );
#8793 = ORIENTED_EDGE('',*,*,#8745,.F.);
#8794 = ORIENTED_EDGE('',*,*,#8795,.F.);
#8795 = EDGE_CURVE('',#8746,#8746,#8796,.T.);
#8796 = SURFACE_CURVE('',#8797,(#8802,#8808),.PCURVE_S1.);
#8797 = CIRCLE('',#8798,4.191);
#8798 = AXIS2_PLACEMENT_3D('',#8799,#8800,#8801);
#8799 = CARTESIAN_POINT('',(0.,69.85,146.05));
#8800 = DIRECTION('',(1.,0.,0.));
#8801 = DIRECTION('',(0.,1.,0.));
#8802 = PCURVE('',#8756,#8803);
#8803 = DEFINITIONAL_REPRESENTATION('',(#8804),#8807);
#8804 = B_SPLINE_CURVE_WITH_KNOTS('',1,(#8805,#8806),.UNSPECIFIED.,.F.,
  .F.,(2,2),(0.,6.28318530718),.PIECEWISE_BEZIER_KNOTS.);
#8805 = CARTESIAN_POINT('',(0.,0.));
#8806 = CARTESIAN_POINT('',(-6.28318530718,0.));
#8807 = ( GEOMETRIC_REPRESENTATION_CONTEXT(2) 
PARAMETRIC_REPRESENTATION_CONTEXT() REPRESENTATION_CONTEXT('2D SPACE',''
  ) );
#8808 = PCURVE('',#4894,#8809);
#8809 = DEFINITIONAL_REPRESENTATION('',(#8810),#8814);
#8810 = CIRCLE('',#8811,4.191);
#8811 = AXIS2_PLACEMENT_2D('',#8812,#8813);
#8812 = CARTESIAN_POINT('',(-47.15228334138,47.67819012427));
#8813 = DIRECTION('',(1.,0.));
#8814 = ( GEOMETRIC_REPRESENTATION_CONTEXT(2) 
PARAMETRIC_REPRESENTATION_CONTEXT() REPRESENTATION_CONTEXT('2D SPACE',''
  ) );
#8815 = ADVANCED_FACE('',(#8816),#8830,.F.);
#8816 = FACE_BOUND('',#8817,.F.);
#8817 = EDGE_LOOP('',(#8818,#8846,#8871,#8872));
#8818 = ORIENTED_EDGE('',*,*,#8819,.T.);
#8819 = EDGE_CURVE('',#8820,#8822,#8824,.T.);
#8820 = VERTEX_POINT('',#8821);
#8821 = CARTESIAN_POINT('',(0.,6.35,168.4274));
#8822 = VERTEX_POINT('',#8823);
#8823 = CARTESIAN_POINT('',(12.7,6.35,168.4274));
#8824 = SEAM_CURVE('',#8825,(#8829,#8840),.PCURVE_S1.);
#8825 = LINE('',#8826,#8827);
#8826 = CARTESIAN_POINT('',(0.,6.35,168.4274));
#8827 = VECTOR('',#8828,1.);
#8828 = DIRECTION('',(1.,0.,0.));
#8829 = PCURVE('',#8830,#8835);
#8830 = CYLINDRICAL_SURFACE('',#8831,3.3274);
#8831 = AXIS2_PLACEMENT_3D('',#8832,#8833,#8834);
#8832 = CARTESIAN_POINT('',(0.,6.35,165.1));
#8833 = DIRECTION('',(-1.,0.,0.));
#8834 = DIRECTION('',(0.,-2.22044604925E-16,1.));
#8835 = DEFINITIONAL_REPRESENTATION('',(#8836),#8839);
#8836 = B_SPLINE_CURVE_WITH_KNOTS('',1,(#8837,#8838),.UNSPECIFIED.,.F.,
  .F.,(2,2),(0.,12.7),.PIECEWISE_BEZIER_KNOTS.);
#8837 = CARTESIAN_POINT('',(0.,0.));
#8838 = CARTESIAN_POINT('',(0.,-12.7));
#8839 = ( GEOMETRIC_REPRESENTATION_CONTEXT(2) 
PARAMETRIC_REPRESENTATION_CONTEXT() REPRESENTATION_CONTEXT('2D SPACE',''
  ) );
#8840 = PCURVE('',#8830,#8841);
#8841 = DEFINITIONAL_REPRESENTATION('',(#8842),#8845);
#8842 = B_SPLINE_CURVE_WITH_KNOTS('',1,(#8843,#8844),.UNSPECIFIED.,.F.,
  .F.,(2,2),(0.,12.7),.PIECEWISE_BEZIER_KNOTS.);
#8843 = CARTESIAN_POINT('',(6.28318530718,0.));
#8844 = CARTESIAN_POINT('',(6.28318530718,-12.7));
#8845 = ( GEOMETRIC_REPRESENTATION_CONTEXT(2) 
PARAMETRIC_REPRESENTATION_CONTEXT() REPRESENTATION_CONTEXT('2D SPACE',''
  ) );
#8846 = ORIENTED_EDGE('',*,*,#8847,.T.);
#8847 = EDGE_CURVE('',#8822,#8822,#8848,.T.);
#8848 = SURFACE_CURVE('',#8849,(#8854,#8860),.PCURVE_S1.);
#8849 = CIRCLE('',#8850,3.3274);
#8850 = AXIS2_PLACEMENT_3D('',#8851,#8852,#8853);
#8851 = CARTESIAN_POINT('',(12.7,6.35,165.1));
#8852 = DIRECTION('',(-1.,0.,0.));
#8853 = DIRECTION('',(0.,-2.22044604925E-16,1.));
#8854 = PCURVE('',#8830,#8855);
#8855 = DEFINITIONAL_REPRESENTATION('',(#8856),#8859);
#8856 = B_SPLINE_CURVE_WITH_KNOTS('',1,(#8857,#8858),.UNSPECIFIED.,.F.,
  .F.,(2,2),(0.,6.28318530718),.PIECEWISE_BEZIER_KNOTS.);
#8857 = CARTESIAN_POINT('',(0.,-12.7));
#8858 = CARTESIAN_POINT('',(6.28318530718,-12.7));
#8859 = ( GEOMETRIC_REPRESENTATION_CONTEXT(2) 
PARAMETRIC_REPRESENTATION_CONTEXT() REPRESENTATION_CONTEXT('2D SPACE',''
  ) );
#8860 = PCURVE('',#4840,#8861);
#8861 = DEFINITIONAL_REPRESENTATION('',(#8862),#8870);
#8862 = ( BOUNDED_CURVE() B_SPLINE_CURVE(2,(#8863,#8864,#8865,#8866,
#8867,#8868,#8869),.UNSPECIFIED.,.T.,.F.) B_SPLINE_CURVE_WITH_KNOTS((1,2
    ,2,2,2,1),(-2.094395102393,0.,2.094395102393,4.188790204786,
6.28318530718,8.377580409573),.UNSPECIFIED.) CURVE() 
GEOMETRIC_REPRESENTATION_ITEM() RATIONAL_B_SPLINE_CURVE((1.,0.5,1.,0.5,
1.,0.5,1.)) REPRESENTATION_ITEM('') );
#8863 = CARTESIAN_POINT('',(-110.6522833413,70.05559012427));
#8864 = CARTESIAN_POINT('',(-104.8890574842,70.05559012427));
#8865 = CARTESIAN_POINT('',(-107.7706704128,65.06449012427));
#8866 = CARTESIAN_POINT('',(-110.6522833413,60.07339012427));
#8867 = CARTESIAN_POINT('',(-113.5338962699,65.06449012427));
#8868 = CARTESIAN_POINT('',(-116.4155091984,70.05559012427));
#8869 = CARTESIAN_POINT('',(-110.6522833413,70.05559012427));
#8870 = ( GEOMETRIC_REPRESENTATION_CONTEXT(2) 
PARAMETRIC_REPRESENTATION_CONTEXT() REPRESENTATION_CONTEXT('2D SPACE',''
  ) );
#8871 = ORIENTED_EDGE('',*,*,#8819,.F.);
#8872 = ORIENTED_EDGE('',*,*,#8873,.F.);
#8873 = EDGE_CURVE('',#8820,#8820,#8874,.T.);
#8874 = SURFACE_CURVE('',#8875,(#8880,#8886),.PCURVE_S1.);
#8875 = CIRCLE('',#8876,3.3274);
#8876 = AXIS2_PLACEMENT_3D('',#8877,#8878,#8879);
#8877 = CARTESIAN_POINT('',(0.,6.35,165.1));
#8878 = DIRECTION('',(-1.,0.,0.));
#8879 = DIRECTION('',(0.,-2.22044604925E-16,1.));
#8880 = PCURVE('',#8830,#8881);
#8881 = DEFINITIONAL_REPRESENTATION('',(#8882),#8885);
#8882 = B_SPLINE_CURVE_WITH_KNOTS('',1,(#8883,#8884),.UNSPECIFIED.,.F.,
  .F.,(2,2),(0.,6.28318530718),.PIECEWISE_BEZIER_KNOTS.);
#8883 = CARTESIAN_POINT('',(0.,0.));
#8884 = CARTESIAN_POINT('',(6.28318530718,0.));
#8885 = ( GEOMETRIC_REPRESENTATION_CONTEXT(2) 
PARAMETRIC_REPRESENTATION_CONTEXT() REPRESENTATION_CONTEXT('2D SPACE',''
  ) );
#8886 = PCURVE('',#4894,#8887);
#8887 = DEFINITIONAL_REPRESENTATION('',(#8888),#8896);
#8888 = ( BOUNDED_CURVE() B_SPLINE_CURVE(2,(#8889,#8890,#8891,#8892,
#8893,#8894,#8895),.UNSPECIFIED.,.T.,.F.) B_SPLINE_CURVE_WITH_KNOTS((1,2
    ,2,2,2,1),(-2.094395102393,0.,2.094395102393,4.188790204786,
6.28318530718,8.377580409573),.UNSPECIFIED.) CURVE() 
GEOMETRIC_REPRESENTATION_ITEM() RATIONAL_B_SPLINE_CURVE((1.,0.5,1.,0.5,
1.,0.5,1.)) REPRESENTATION_ITEM('') );
#8889 = CARTESIAN_POINT('',(-110.6522833413,70.05559012427));
#8890 = CARTESIAN_POINT('',(-104.8890574842,70.05559012427));
#8891 = CARTESIAN_POINT('',(-107.7706704128,65.06449012427));
#8892 = CARTESIAN_POINT('',(-110.6522833413,60.07339012427));
#8893 = CARTESIAN_POINT('',(-113.5338962699,65.06449012427));
#8894 = CARTESIAN_POINT('',(-116.4155091984,70.05559012427));
#8895 = CARTESIAN_POINT('',(-110.6522833413,70.05559012427));
#8896 = ( GEOMETRIC_REPRESENTATION_CONTEXT(2) 
PARAMETRIC_REPRESENTATION_CONTEXT() REPRESENTATION_CONTEXT('2D SPACE',''
  ) );
#8897 = ADVANCED_FACE('',(#8898),#8912,.F.);
#8898 = FACE_BOUND('',#8899,.T.);
#8899 = EDGE_LOOP('',(#8900,#8928,#8949,#8950));
#8900 = ORIENTED_EDGE('',*,*,#8901,.T.);
#8901 = EDGE_CURVE('',#8902,#8904,#8906,.T.);
#8902 = VERTEX_POINT('',#8903);
#8903 = CARTESIAN_POINT('',(0.,35.941,184.15));
#8904 = VERTEX_POINT('',#8905);
#8905 = CARTESIAN_POINT('',(12.7,35.941,184.15));
#8906 = SEAM_CURVE('',#8907,(#8911,#8922),.PCURVE_S1.);
#8907 = LINE('',#8908,#8909);
#8908 = CARTESIAN_POINT('',(0.,35.941,184.15));
#8909 = VECTOR('',#8910,1.);
#8910 = DIRECTION('',(1.,0.,0.));
#8911 = PCURVE('',#8912,#8917);
#8912 = CYLINDRICAL_SURFACE('',#8913,4.191);
#8913 = AXIS2_PLACEMENT_3D('',#8914,#8915,#8916);
#8914 = CARTESIAN_POINT('',(0.,31.75,184.15));
#8915 = DIRECTION('',(-1.,-0.,-0.));
#8916 = DIRECTION('',(0.,1.,0.));
#8917 = DEFINITIONAL_REPRESENTATION('',(#8918),#8921);
#8918 = B_SPLINE_CURVE_WITH_KNOTS('',1,(#8919,#8920),.UNSPECIFIED.,.F.,
  .F.,(2,2),(0.,12.7),.PIECEWISE_BEZIER_KNOTS.);
#8919 = CARTESIAN_POINT('',(0.,0.));
#8920 = CARTESIAN_POINT('',(0.,-12.7));
#8921 = ( GEOMETRIC_REPRESENTATION_CONTEXT(2) 
PARAMETRIC_REPRESENTATION_CONTEXT() REPRESENTATION_CONTEXT('2D SPACE',''
  ) );
#8922 = PCURVE('',#8912,#8923);
#8923 = DEFINITIONAL_REPRESENTATION('',(#8924),#8927);
#8924 = B_SPLINE_CURVE_WITH_KNOTS('',1,(#8925,#8926),.UNSPECIFIED.,.F.,
  .F.,(2,2),(0.,12.7),.PIECEWISE_BEZIER_KNOTS.);
#8925 = CARTESIAN_POINT('',(-6.28318530718,0.));
#8926 = CARTESIAN_POINT('',(-6.28318530718,-12.7));
#8927 = ( GEOMETRIC_REPRESENTATION_CONTEXT(2) 
PARAMETRIC_REPRESENTATION_CONTEXT() REPRESENTATION_CONTEXT('2D SPACE',''
  ) );
#8928 = ORIENTED_EDGE('',*,*,#8929,.T.);
#8929 = EDGE_CURVE('',#8904,#8904,#8930,.T.);
#8930 = SURFACE_CURVE('',#8931,(#8936,#8942),.PCURVE_S1.);
#8931 = CIRCLE('',#8932,4.191);
#8932 = AXIS2_PLACEMENT_3D('',#8933,#8934,#8935);
#8933 = CARTESIAN_POINT('',(12.7,31.75,184.15));
#8934 = DIRECTION('',(1.,0.,0.));
#8935 = DIRECTION('',(0.,1.,0.));
#8936 = PCURVE('',#8912,#8937);
#8937 = DEFINITIONAL_REPRESENTATION('',(#8938),#8941);
#8938 = B_SPLINE_CURVE_WITH_KNOTS('',1,(#8939,#8940),.UNSPECIFIED.,.F.,
  .F.,(2,2),(0.,6.28318530718),.PIECEWISE_BEZIER_KNOTS.);
#8939 = CARTESIAN_POINT('',(0.,-12.7));
#8940 = CARTESIAN_POINT('',(-6.28318530718,-12.7));
#8941 = ( GEOMETRIC_REPRESENTATION_CONTEXT(2) 
PARAMETRIC_REPRESENTATION_CONTEXT() REPRESENTATION_CONTEXT('2D SPACE',''
  ) );
#8942 = PCURVE('',#4840,#8943);
#8943 = DEFINITIONAL_REPRESENTATION('',(#8944),#8948);
#8944 = CIRCLE('',#8945,4.191);
#8945 = AXIS2_PLACEMENT_2D('',#8946,#8947);
#8946 = CARTESIAN_POINT('',(-85.25228334138,85.77819012427));
#8947 = DIRECTION('',(1.,0.));
#8948 = ( GEOMETRIC_REPRESENTATION_CONTEXT(2) 
PARAMETRIC_REPRESENTATION_CONTEXT() REPRESENTATION_CONTEXT('2D SPACE',''
  ) );
#8949 = ORIENTED_EDGE('',*,*,#8901,.F.);
#8950 = ORIENTED_EDGE('',*,*,#8951,.F.);
#8951 = EDGE_CURVE('',#8902,#8902,#8952,.T.);
#8952 = SURFACE_CURVE('',#8953,(#8958,#8964),.PCURVE_S1.);
#8953 = CIRCLE('',#8954,4.191);
#8954 = AXIS2_PLACEMENT_3D('',#8955,#8956,#8957);
#8955 = CARTESIAN_POINT('',(0.,31.75,184.15));
#8956 = DIRECTION('',(1.,0.,0.));
#8957 = DIRECTION('',(0.,1.,0.));
#8958 = PCURVE('',#8912,#8959);
#8959 = DEFINITIONAL_REPRESENTATION('',(#8960),#8963);
#8960 = B_SPLINE_CURVE_WITH_KNOTS('',1,(#8961,#8962),.UNSPECIFIED.,.F.,
  .F.,(2,2),(0.,6.28318530718),.PIECEWISE_BEZIER_KNOTS.);
#8961 = CARTESIAN_POINT('',(0.,0.));
#8962 = CARTESIAN_POINT('',(-6.28318530718,0.));
#8963 = ( GEOMETRIC_REPRESENTATION_CONTEXT(2) 
PARAMETRIC_REPRESENTATION_CONTEXT() REPRESENTATION_CONTEXT('2D SPACE',''
  ) );
#8964 = PCURVE('',#4894,#8965);
#8965 = DEFINITIONAL_REPRESENTATION('',(#8966),#8970);
#8966 = CIRCLE('',#8967,4.191);
#8967 = AXIS2_PLACEMENT_2D('',#8968,#8969);
#8968 = CARTESIAN_POINT('',(-85.25228334138,85.77819012427));
#8969 = DIRECTION('',(1.,0.));
#8970 = ( GEOMETRIC_REPRESENTATION_CONTEXT(2) 
PARAMETRIC_REPRESENTATION_CONTEXT() REPRESENTATION_CONTEXT('2D SPACE',''
  ) );
#8971 = ADVANCED_FACE('',(#8972),#8986,.F.);
#8972 = FACE_BOUND('',#8973,.T.);
#8973 = EDGE_LOOP('',(#8974,#9002,#9023,#9024));
#8974 = ORIENTED_EDGE('',*,*,#8975,.T.);
#8975 = EDGE_CURVE('',#8976,#8978,#8980,.T.);
#8976 = VERTEX_POINT('',#8977);
#8977 = CARTESIAN_POINT('',(0.,74.041,184.15));
#8978 = VERTEX_POINT('',#8979);
#8979 = CARTESIAN_POINT('',(12.7,74.041,184.15));
#8980 = SEAM_CURVE('',#8981,(#8985,#8996),.PCURVE_S1.);
#8981 = LINE('',#8982,#8983);
#8982 = CARTESIAN_POINT('',(0.,74.041,184.15));
#8983 = VECTOR('',#8984,1.);
#8984 = DIRECTION('',(1.,0.,0.));
#8985 = PCURVE('',#8986,#8991);
#8986 = CYLINDRICAL_SURFACE('',#8987,4.191);
#8987 = AXIS2_PLACEMENT_3D('',#8988,#8989,#8990);
#8988 = CARTESIAN_POINT('',(0.,69.85,184.15));
#8989 = DIRECTION('',(-1.,-0.,-0.));
#8990 = DIRECTION('',(0.,1.,0.));
#8991 = DEFINITIONAL_REPRESENTATION('',(#8992),#8995);
#8992 = B_SPLINE_CURVE_WITH_KNOTS('',1,(#8993,#8994),.UNSPECIFIED.,.F.,
  .F.,(2,2),(0.,12.7),.PIECEWISE_BEZIER_KNOTS.);
#8993 = CARTESIAN_POINT('',(0.,0.));
#8994 = CARTESIAN_POINT('',(0.,-12.7));
#8995 = ( GEOMETRIC_REPRESENTATION_CONTEXT(2) 
PARAMETRIC_REPRESENTATION_CONTEXT() REPRESENTATION_CONTEXT('2D SPACE',''
  ) );
#8996 = PCURVE('',#8986,#8997);
#8997 = DEFINITIONAL_REPRESENTATION('',(#8998),#9001);
#8998 = B_SPLINE_CURVE_WITH_KNOTS('',1,(#8999,#9000),.UNSPECIFIED.,.F.,
  .F.,(2,2),(0.,12.7),.PIECEWISE_BEZIER_KNOTS.);
#8999 = CARTESIAN_POINT('',(-6.28318530718,0.));
#9000 = CARTESIAN_POINT('',(-6.28318530718,-12.7));
#9001 = ( GEOMETRIC_REPRESENTATION_CONTEXT(2) 
PARAMETRIC_REPRESENTATION_CONTEXT() REPRESENTATION_CONTEXT('2D SPACE',''
  ) );
#9002 = ORIENTED_EDGE('',*,*,#9003,.T.);
#9003 = EDGE_CURVE('',#8978,#8978,#9004,.T.);
#9004 = SURFACE_CURVE('',#9005,(#9010,#9016),.PCURVE_S1.);
#9005 = CIRCLE('',#9006,4.191);
#9006 = AXIS2_PLACEMENT_3D('',#9007,#9008,#9009);
#9007 = CARTESIAN_POINT('',(12.7,69.85,184.15));
#9008 = DIRECTION('',(1.,0.,0.));
#9009 = DIRECTION('',(0.,1.,0.));
#9010 = PCURVE('',#8986,#9011);
#9011 = DEFINITIONAL_REPRESENTATION('',(#9012),#9015);
#9012 = B_SPLINE_CURVE_WITH_KNOTS('',1,(#9013,#9014),.UNSPECIFIED.,.F.,
  .F.,(2,2),(0.,6.28318530718),.PIECEWISE_BEZIER_KNOTS.);
#9013 = CARTESIAN_POINT('',(0.,-12.7));
#9014 = CARTESIAN_POINT('',(-6.28318530718,-12.7));
#9015 = ( GEOMETRIC_REPRESENTATION_CONTEXT(2) 
PARAMETRIC_REPRESENTATION_CONTEXT() REPRESENTATION_CONTEXT('2D SPACE',''
  ) );
#9016 = PCURVE('',#4840,#9017);
#9017 = DEFINITIONAL_REPRESENTATION('',(#9018),#9022);
#9018 = CIRCLE('',#9019,4.191);
#9019 = AXIS2_PLACEMENT_2D('',#9020,#9021);
#9020 = CARTESIAN_POINT('',(-47.15228334138,85.77819012427));
#9021 = DIRECTION('',(1.,0.));
#9022 = ( GEOMETRIC_REPRESENTATION_CONTEXT(2) 
PARAMETRIC_REPRESENTATION_CONTEXT() REPRESENTATION_CONTEXT('2D SPACE',''
  ) );
#9023 = ORIENTED_EDGE('',*,*,#8975,.F.);
#9024 = ORIENTED_EDGE('',*,*,#9025,.F.);
#9025 = EDGE_CURVE('',#8976,#8976,#9026,.T.);
#9026 = SURFACE_CURVE('',#9027,(#9032,#9038),.PCURVE_S1.);
#9027 = CIRCLE('',#9028,4.191);
#9028 = AXIS2_PLACEMENT_3D('',#9029,#9030,#9031);
#9029 = CARTESIAN_POINT('',(0.,69.85,184.15));
#9030 = DIRECTION('',(1.,0.,0.));
#9031 = DIRECTION('',(0.,1.,0.));
#9032 = PCURVE('',#8986,#9033);
#9033 = DEFINITIONAL_REPRESENTATION('',(#9034),#9037);
#9034 = B_SPLINE_CURVE_WITH_KNOTS('',1,(#9035,#9036),.UNSPECIFIED.,.F.,
  .F.,(2,2),(0.,6.28318530718),.PIECEWISE_BEZIER_KNOTS.);
#9035 = CARTESIAN_POINT('',(0.,0.));
#9036 = CARTESIAN_POINT('',(-6.28318530718,0.));
#9037 = ( GEOMETRIC_REPRESENTATION_CONTEXT(2) 
PARAMETRIC_REPRESENTATION_CONTEXT() REPRESENTATION_CONTEXT('2D SPACE',''
  ) );
#9038 = PCURVE('',#4894,#9039);
#9039 = DEFINITIONAL_REPRESENTATION('',(#9040),#9044);
#9040 = CIRCLE('',#9041,4.191);
#9041 = AXIS2_PLACEMENT_2D('',#9042,#9043);
#9042 = CARTESIAN_POINT('',(-47.15228334138,85.77819012427));
#9043 = DIRECTION('',(1.,0.));
#9044 = ( GEOMETRIC_REPRESENTATION_CONTEXT(2) 
PARAMETRIC_REPRESENTATION_CONTEXT() REPRESENTATION_CONTEXT('2D SPACE',''
  ) );
#9045 = ADVANCED_FACE('',(#9046),#9060,.F.);
#9046 = FACE_BOUND('',#9047,.F.);
#9047 = EDGE_LOOP('',(#9048,#9082,#9105,#9132));
#9048 = ORIENTED_EDGE('',*,*,#9049,.T.);
#9049 = EDGE_CURVE('',#9050,#9052,#9054,.T.);
#9050 = VERTEX_POINT('',#9051);
#9051 = CARTESIAN_POINT('',(0.,181.24336386693,81.790274802398));
#9052 = VERTEX_POINT('',#9053);
#9053 = CARTESIAN_POINT('',(12.7,181.24336386693,81.790274802398));
#9054 = SURFACE_CURVE('',#9055,(#9059,#9071),.PCURVE_S1.);
#9055 = LINE('',#9056,#9057);
#9056 = CARTESIAN_POINT('',(0.,181.24336386693,81.790274802398));
#9057 = VECTOR('',#9058,1.);
#9058 = DIRECTION('',(1.,0.,0.));
#9059 = PCURVE('',#9060,#9065);
#9060 = PLANE('',#9061);
#9061 = AXIS2_PLACEMENT_3D('',#9062,#9063,#9064);
#9062 = CARTESIAN_POINT('',(0.,181.24336386693,81.790274802398));
#9063 = DIRECTION('',(0.,-0.514495755428,-0.857492925713));
#9064 = DIRECTION('',(0.,-0.857492925713,0.514495755428));
#9065 = DEFINITIONAL_REPRESENTATION('',(#9066),#9070);
#9066 = LINE('',#9067,#9068);
#9067 = CARTESIAN_POINT('',(0.,0.));
#9068 = VECTOR('',#9069,1.);
#9069 = DIRECTION('',(0.,-1.));
#9070 = ( GEOMETRIC_REPRESENTATION_CONTEXT(2) 
PARAMETRIC_REPRESENTATION_CONTEXT() REPRESENTATION_CONTEXT('2D SPACE',''
  ) );
#9071 = PCURVE('',#9072,#9077);
#9072 = CYLINDRICAL_SURFACE('',#9073,15.875);
#9073 = AXIS2_PLACEMENT_3D('',#9074,#9075,#9076);
#9074 = CARTESIAN_POINT('',(0.,189.41098398434,95.402974998084));
#9075 = DIRECTION('',(-1.,0.,0.));
#9076 = DIRECTION('',(0.,-0.857492925713,0.514495755428));
#9077 = DEFINITIONAL_REPRESENTATION('',(#9078),#9081);
#9078 = B_SPLINE_CURVE_WITH_KNOTS('',1,(#9079,#9080),.UNSPECIFIED.,.F.,
  .F.,(2,2),(0.,12.7),.PIECEWISE_BEZIER_KNOTS.);
#9079 = CARTESIAN_POINT('',(4.712388980385,0.));
#9080 = CARTESIAN_POINT('',(4.712388980385,-12.7));
#9081 = ( GEOMETRIC_REPRESENTATION_CONTEXT(2) 
PARAMETRIC_REPRESENTATION_CONTEXT() REPRESENTATION_CONTEXT('2D SPACE',''
  ) );
#9082 = ORIENTED_EDGE('',*,*,#9083,.T.);
#9083 = EDGE_CURVE('',#9052,#9084,#9086,.T.);
#9084 = VERTEX_POINT('',#9085);
#9085 = CARTESIAN_POINT('',(12.7,121.34748300591,117.72780331901));
#9086 = SURFACE_CURVE('',#9087,(#9091,#9098),.PCURVE_S1.);
#9087 = LINE('',#9088,#9089);
#9088 = CARTESIAN_POINT('',(12.7,181.24336386693,81.790274802398));
#9089 = VECTOR('',#9090,1.);
#9090 = DIRECTION('',(0.,-0.857492925713,0.514495755428));
#9091 = PCURVE('',#9060,#9092);
#9092 = DEFINITIONAL_REPRESENTATION('',(#9093),#9097);
#9093 = LINE('',#9094,#9095);
#9094 = CARTESIAN_POINT('',(0.,-12.7));
#9095 = VECTOR('',#9096,1.);
#9096 = DIRECTION('',(1.,0.));
#9097 = ( GEOMETRIC_REPRESENTATION_CONTEXT(2) 
PARAMETRIC_REPRESENTATION_CONTEXT() REPRESENTATION_CONTEXT('2D SPACE',''
  ) );
#9098 = PCURVE('',#4840,#9099);
#9099 = DEFINITIONAL_REPRESENTATION('',(#9100),#9104);
#9100 = LINE('',#9101,#9102);
#9101 = CARTESIAN_POINT('',(64.241080525549,-16.58153507333));
#9102 = VECTOR('',#9103,1.);
#9103 = DIRECTION('',(-0.857492925713,0.514495755428));
#9104 = ( GEOMETRIC_REPRESENTATION_CONTEXT(2) 
PARAMETRIC_REPRESENTATION_CONTEXT() REPRESENTATION_CONTEXT('2D SPACE',''
  ) );
#9105 = ORIENTED_EDGE('',*,*,#9106,.F.);
#9106 = EDGE_CURVE('',#9107,#9084,#9109,.T.);
#9107 = VERTEX_POINT('',#9108);
#9108 = CARTESIAN_POINT('',(0.,121.34748300591,117.72780331901));
#9109 = SURFACE_CURVE('',#9110,(#9114,#9121),.PCURVE_S1.);
#9110 = LINE('',#9111,#9112);
#9111 = CARTESIAN_POINT('',(0.,121.34748300591,117.72780331901));
#9112 = VECTOR('',#9113,1.);
#9113 = DIRECTION('',(1.,0.,0.));
#9114 = PCURVE('',#9060,#9115);
#9115 = DEFINITIONAL_REPRESENTATION('',(#9116),#9120);
#9116 = LINE('',#9117,#9118);
#9117 = CARTESIAN_POINT('',(69.85,0.));
#9118 = VECTOR('',#9119,1.);
#9119 = DIRECTION('',(0.,-1.));
#9120 = ( GEOMETRIC_REPRESENTATION_CONTEXT(2) 
PARAMETRIC_REPRESENTATION_CONTEXT() REPRESENTATION_CONTEXT('2D SPACE',''
  ) );
#9121 = PCURVE('',#9122,#9127);
#9122 = CYLINDRICAL_SURFACE('',#9123,15.875);
#9123 = AXIS2_PLACEMENT_3D('',#9124,#9125,#9126);
#9124 = CARTESIAN_POINT('',(0.,129.51510312332,131.34050351469));
#9125 = DIRECTION('',(-1.,0.,-0.));
#9126 = DIRECTION('',(0.,0.857492925713,-0.514495755428));
#9127 = DEFINITIONAL_REPRESENTATION('',(#9128),#9131);
#9128 = B_SPLINE_CURVE_WITH_KNOTS('',1,(#9129,#9130),.UNSPECIFIED.,.F.,
  .F.,(2,2),(0.,12.7),.PIECEWISE_BEZIER_KNOTS.);
#9129 = CARTESIAN_POINT('',(1.570796326795,0.));
#9130 = CARTESIAN_POINT('',(1.570796326795,-12.7));
#9131 = ( GEOMETRIC_REPRESENTATION_CONTEXT(2) 
PARAMETRIC_REPRESENTATION_CONTEXT() REPRESENTATION_CONTEXT('2D SPACE',''
  ) );
#9132 = ORIENTED_EDGE('',*,*,#9133,.F.);
#9133 = EDGE_CURVE('',#9050,#9107,#9134,.T.);
#9134 = SURFACE_CURVE('',#9135,(#9139,#9146),.PCURVE_S1.);
#9135 = LINE('',#9136,#9137);
#9136 = CARTESIAN_POINT('',(0.,181.24336386693,81.790274802398));
#9137 = VECTOR('',#9138,1.);
#9138 = DIRECTION('',(0.,-0.857492925713,0.514495755428));
#9139 = PCURVE('',#9060,#9140);
#9140 = DEFINITIONAL_REPRESENTATION('',(#9141),#9145);
#9141 = LINE('',#9142,#9143);
#9142 = CARTESIAN_POINT('',(0.,0.));
#9143 = VECTOR('',#9144,1.);
#9144 = DIRECTION('',(1.,0.));
#9145 = ( GEOMETRIC_REPRESENTATION_CONTEXT(2) 
PARAMETRIC_REPRESENTATION_CONTEXT() REPRESENTATION_CONTEXT('2D SPACE',''
  ) );
#9146 = PCURVE('',#4894,#9147);
#9147 = DEFINITIONAL_REPRESENTATION('',(#9148),#9152);
#9148 = LINE('',#9149,#9150);
#9149 = CARTESIAN_POINT('',(64.241080525549,-16.58153507333));
#9150 = VECTOR('',#9151,1.);
#9151 = DIRECTION('',(-0.857492925713,0.514495755428));
#9152 = ( GEOMETRIC_REPRESENTATION_CONTEXT(2) 
PARAMETRIC_REPRESENTATION_CONTEXT() REPRESENTATION_CONTEXT('2D SPACE',''
  ) );
#9153 = ADVANCED_FACE('',(#9154),#9072,.F.);
#9154 = FACE_BOUND('',#9155,.F.);
#9155 = EDGE_LOOP('',(#9156,#9185,#9210,#9211));
#9156 = ORIENTED_EDGE('',*,*,#9157,.T.);
#9157 = EDGE_CURVE('',#9158,#9160,#9162,.T.);
#9158 = VERTEX_POINT('',#9159);
#9159 = CARTESIAN_POINT('',(0.,197.57860410175,109.01567519377));
#9160 = VERTEX_POINT('',#9161);
#9161 = CARTESIAN_POINT('',(12.7,197.57860410175,109.01567519377));
#9162 = SURFACE_CURVE('',#9163,(#9167,#9173),.PCURVE_S1.);
#9163 = LINE('',#9164,#9165);
#9164 = CARTESIAN_POINT('',(0.,197.57860410175,109.01567519377));
#9165 = VECTOR('',#9166,1.);
#9166 = DIRECTION('',(1.,0.,0.));
#9167 = PCURVE('',#9072,#9168);
#9168 = DEFINITIONAL_REPRESENTATION('',(#9169),#9172);
#9169 = B_SPLINE_CURVE_WITH_KNOTS('',1,(#9170,#9171),.UNSPECIFIED.,.F.,
  .F.,(2,2),(0.,12.7),.PIECEWISE_BEZIER_KNOTS.);
#9170 = CARTESIAN_POINT('',(1.570796326795,0.));
#9171 = CARTESIAN_POINT('',(1.570796326795,-12.7));
#9172 = ( GEOMETRIC_REPRESENTATION_CONTEXT(2) 
PARAMETRIC_REPRESENTATION_CONTEXT() REPRESENTATION_CONTEXT('2D SPACE',''
  ) );
#9173 = PCURVE('',#9174,#9179);
#9174 = PLANE('',#9175);
#9175 = AXIS2_PLACEMENT_3D('',#9176,#9177,#9178);
#9176 = CARTESIAN_POINT('',(0.,137.68272324073,144.95320371038));
#9177 = DIRECTION('',(-0.,0.514495755428,0.857492925713));
#9178 = DIRECTION('',(0.,0.857492925713,-0.514495755428));
#9179 = DEFINITIONAL_REPRESENTATION('',(#9180),#9184);
#9180 = LINE('',#9181,#9182);
#9181 = CARTESIAN_POINT('',(69.85,0.));
#9182 = VECTOR('',#9183,1.);
#9183 = DIRECTION('',(0.,-1.));
#9184 = ( GEOMETRIC_REPRESENTATION_CONTEXT(2) 
PARAMETRIC_REPRESENTATION_CONTEXT() REPRESENTATION_CONTEXT('2D SPACE',''
  ) );
#9185 = ORIENTED_EDGE('',*,*,#9186,.T.);
#9186 = EDGE_CURVE('',#9160,#9052,#9187,.T.);
#9187 = SURFACE_CURVE('',#9188,(#9193,#9199),.PCURVE_S1.);
#9188 = CIRCLE('',#9189,15.875);
#9189 = AXIS2_PLACEMENT_3D('',#9190,#9191,#9192);
#9190 = CARTESIAN_POINT('',(12.7,189.41098398434,95.402974998084));
#9191 = DIRECTION('',(-1.,0.,0.));
#9192 = DIRECTION('',(0.,-0.857492925713,0.514495755428));
#9193 = PCURVE('',#9072,#9194);
#9194 = DEFINITIONAL_REPRESENTATION('',(#9195),#9198);
#9195 = B_SPLINE_CURVE_WITH_KNOTS('',1,(#9196,#9197),.UNSPECIFIED.,.F.,
  .F.,(2,2),(1.570796326795,4.712388980385),.PIECEWISE_BEZIER_KNOTS.);
#9196 = CARTESIAN_POINT('',(1.570796326795,-12.7));
#9197 = CARTESIAN_POINT('',(4.712388980385,-12.7));
#9198 = ( GEOMETRIC_REPRESENTATION_CONTEXT(2) 
PARAMETRIC_REPRESENTATION_CONTEXT() REPRESENTATION_CONTEXT('2D SPACE',''
  ) );
#9199 = PCURVE('',#4840,#9200);
#9200 = DEFINITIONAL_REPRESENTATION('',(#9201),#9209);
#9201 = ( BOUNDED_CURVE() B_SPLINE_CURVE(2,(#9202,#9203,#9204,#9205,
#9206,#9207,#9208),.UNSPECIFIED.,.T.,.F.) B_SPLINE_CURVE_WITH_KNOTS((1,2
    ,2,2,2,1),(-2.094395102393,0.,2.094395102393,4.188790204786,
6.28318530718,8.377580409573),.UNSPECIFIED.) CURVE() 
GEOMETRIC_REPRESENTATION_ITEM() RATIONAL_B_SPLINE_CURVE((1.,0.5,1.,0.5,
1.,0.5,1.)) REPRESENTATION_ITEM('') );
#9202 = CARTESIAN_POINT('',(58.796000447275,5.198785239766));
#9203 = CARTESIAN_POINT('',(72.942733467554,28.776673606898));
#9204 = CARTESIAN_POINT('',(86.288417250944,4.736299247214));
#9205 = CARTESIAN_POINT('',(99.634101034335,-19.30407511247));
#9206 = CARTESIAN_POINT('',(72.141684230665,-18.84158911991));
#9207 = CARTESIAN_POINT('',(44.649267426995,-18.37910312736));
#9208 = CARTESIAN_POINT('',(58.796000447275,5.198785239766));
#9209 = ( GEOMETRIC_REPRESENTATION_CONTEXT(2) 
PARAMETRIC_REPRESENTATION_CONTEXT() REPRESENTATION_CONTEXT('2D SPACE',''
  ) );
#9210 = ORIENTED_EDGE('',*,*,#9049,.F.);
#9211 = ORIENTED_EDGE('',*,*,#9212,.F.);
#9212 = EDGE_CURVE('',#9158,#9050,#9213,.T.);
#9213 = SURFACE_CURVE('',#9214,(#9219,#9225),.PCURVE_S1.);
#9214 = CIRCLE('',#9215,15.875);
#9215 = AXIS2_PLACEMENT_3D('',#9216,#9217,#9218);
#9216 = CARTESIAN_POINT('',(0.,189.41098398434,95.402974998084));
#9217 = DIRECTION('',(-1.,0.,0.));
#9218 = DIRECTION('',(0.,-0.857492925713,0.514495755428));
#9219 = PCURVE('',#9072,#9220);
#9220 = DEFINITIONAL_REPRESENTATION('',(#9221),#9224);
#9221 = B_SPLINE_CURVE_WITH_KNOTS('',1,(#9222,#9223),.UNSPECIFIED.,.F.,
  .F.,(2,2),(1.570796326795,4.712388980385),.PIECEWISE_BEZIER_KNOTS.);
#9222 = CARTESIAN_POINT('',(1.570796326795,0.));
#9223 = CARTESIAN_POINT('',(4.712388980385,0.));
#9224 = ( GEOMETRIC_REPRESENTATION_CONTEXT(2) 
PARAMETRIC_REPRESENTATION_CONTEXT() REPRESENTATION_CONTEXT('2D SPACE',''
  ) );
#9225 = PCURVE('',#4894,#9226);
#9226 = DEFINITIONAL_REPRESENTATION('',(#9227),#9235);
#9227 = ( BOUNDED_CURVE() B_SPLINE_CURVE(2,(#9228,#9229,#9230,#9231,
#9232,#9233,#9234),.UNSPECIFIED.,.T.,.F.) B_SPLINE_CURVE_WITH_KNOTS((1,2
    ,2,2,2,1),(-2.094395102393,0.,2.094395102393,4.188790204786,
6.28318530718,8.377580409573),.UNSPECIFIED.) CURVE() 
GEOMETRIC_REPRESENTATION_ITEM() RATIONAL_B_SPLINE_CURVE((1.,0.5,1.,0.5,
1.,0.5,1.)) REPRESENTATION_ITEM('') );
#9228 = CARTESIAN_POINT('',(58.796000447275,5.198785239766));
#9229 = CARTESIAN_POINT('',(72.942733467554,28.776673606898));
#9230 = CARTESIAN_POINT('',(86.288417250944,4.736299247214));
#9231 = CARTESIAN_POINT('',(99.634101034335,-19.30407511247));
#9232 = CARTESIAN_POINT('',(72.141684230665,-18.84158911991));
#9233 = CARTESIAN_POINT('',(44.649267426995,-18.37910312736));
#9234 = CARTESIAN_POINT('',(58.796000447275,5.198785239766));
#9235 = ( GEOMETRIC_REPRESENTATION_CONTEXT(2) 
PARAMETRIC_REPRESENTATION_CONTEXT() REPRESENTATION_CONTEXT('2D SPACE',''
  ) );
#9236 = ADVANCED_FACE('',(#9237),#9122,.F.);
#9237 = FACE_BOUND('',#9238,.F.);
#9238 = EDGE_LOOP('',(#9239,#9240,#9267,#9289));
#9239 = ORIENTED_EDGE('',*,*,#9106,.T.);
#9240 = ORIENTED_EDGE('',*,*,#9241,.T.);
#9241 = EDGE_CURVE('',#9084,#9242,#9244,.T.);
#9242 = VERTEX_POINT('',#9243);
#9243 = CARTESIAN_POINT('',(12.7,137.68272324073,144.95320371038));
#9244 = SURFACE_CURVE('',#9245,(#9250,#9256),.PCURVE_S1.);
#9245 = CIRCLE('',#9246,15.875);
#9246 = AXIS2_PLACEMENT_3D('',#9247,#9248,#9249);
#9247 = CARTESIAN_POINT('',(12.7,129.51510312332,131.34050351469));
#9248 = DIRECTION('',(-1.,0.,-0.));
#9249 = DIRECTION('',(0.,0.857492925713,-0.514495755428));
#9250 = PCURVE('',#9122,#9251);
#9251 = DEFINITIONAL_REPRESENTATION('',(#9252),#9255);
#9252 = B_SPLINE_CURVE_WITH_KNOTS('',1,(#9253,#9254),.UNSPECIFIED.,.F.,
  .F.,(2,2),(1.570796326795,4.712388980385),.PIECEWISE_BEZIER_KNOTS.);
#9253 = CARTESIAN_POINT('',(1.570796326795,-12.7));
#9254 = CARTESIAN_POINT('',(4.712388980385,-12.7));
#9255 = ( GEOMETRIC_REPRESENTATION_CONTEXT(2) 
PARAMETRIC_REPRESENTATION_CONTEXT() REPRESENTATION_CONTEXT('2D SPACE',''
  ) );
#9256 = PCURVE('',#4840,#9257);
#9257 = DEFINITIONAL_REPRESENTATION('',(#9258),#9266);
#9258 = ( BOUNDED_CURVE() B_SPLINE_CURVE(2,(#9259,#9260,#9261,#9262,
#9263,#9264,#9265),.UNSPECIFIED.,.T.,.F.) B_SPLINE_CURVE_WITH_KNOTS((1,2
    ,2,2,2,1),(-2.094395102393,0.,2.094395102393,4.188790204786,
6.28318530718,8.377580409573),.UNSPECIFIED.) CURVE() 
GEOMETRIC_REPRESENTATION_ITEM() RATIONAL_B_SPLINE_CURVE((1.,0.5,1.,0.5,
1.,0.5,1.)) REPRESENTATION_ITEM('') );
#9259 = CARTESIAN_POINT('',(26.125519977627,24.801073521555));
#9260 = CARTESIAN_POINT('',(11.978786957348,1.223185154423));
#9261 = CARTESIAN_POINT('',(-1.366896826043,25.263559514107));
#9262 = CARTESIAN_POINT('',(-14.71258060943,49.303933873791));
#9263 = CARTESIAN_POINT('',(12.779836194236,48.841447881239));
#9264 = CARTESIAN_POINT('',(40.272252997906,48.378961888687));
#9265 = CARTESIAN_POINT('',(26.125519977627,24.801073521555));
#9266 = ( GEOMETRIC_REPRESENTATION_CONTEXT(2) 
PARAMETRIC_REPRESENTATION_CONTEXT() REPRESENTATION_CONTEXT('2D SPACE',''
  ) );
#9267 = ORIENTED_EDGE('',*,*,#9268,.F.);
#9268 = EDGE_CURVE('',#9269,#9242,#9271,.T.);
#9269 = VERTEX_POINT('',#9270);
#9270 = CARTESIAN_POINT('',(0.,137.68272324073,144.95320371038));
#9271 = SURFACE_CURVE('',#9272,(#9276,#9282),.PCURVE_S1.);
#9272 = LINE('',#9273,#9274);
#9273 = CARTESIAN_POINT('',(0.,137.68272324073,144.95320371038));
#9274 = VECTOR('',#9275,1.);
#9275 = DIRECTION('',(1.,0.,0.));
#9276 = PCURVE('',#9122,#9277);
#9277 = DEFINITIONAL_REPRESENTATION('',(#9278),#9281);
#9278 = B_SPLINE_CURVE_WITH_KNOTS('',1,(#9279,#9280),.UNSPECIFIED.,.F.,
  .F.,(2,2),(0.,12.7),.PIECEWISE_BEZIER_KNOTS.);
#9279 = CARTESIAN_POINT('',(4.712388980385,0.));
#9280 = CARTESIAN_POINT('',(4.712388980385,-12.7));
#9281 = ( GEOMETRIC_REPRESENTATION_CONTEXT(2) 
PARAMETRIC_REPRESENTATION_CONTEXT() REPRESENTATION_CONTEXT('2D SPACE',''
  ) );
#9282 = PCURVE('',#9174,#9283);
#9283 = DEFINITIONAL_REPRESENTATION('',(#9284),#9288);
#9284 = LINE('',#9285,#9286);
#9285 = CARTESIAN_POINT('',(0.,0.));
#9286 = VECTOR('',#9287,1.);
#9287 = DIRECTION('',(0.,-1.));
#9288 = ( GEOMETRIC_REPRESENTATION_CONTEXT(2) 
PARAMETRIC_REPRESENTATION_CONTEXT() REPRESENTATION_CONTEXT('2D SPACE',''
  ) );
#9289 = ORIENTED_EDGE('',*,*,#9290,.F.);
#9290 = EDGE_CURVE('',#9107,#9269,#9291,.T.);
#9291 = SURFACE_CURVE('',#9292,(#9297,#9303),.PCURVE_S1.);
#9292 = CIRCLE('',#9293,15.875);
#9293 = AXIS2_PLACEMENT_3D('',#9294,#9295,#9296);
#9294 = CARTESIAN_POINT('',(0.,129.51510312332,131.34050351469));
#9295 = DIRECTION('',(-1.,0.,-0.));
#9296 = DIRECTION('',(0.,0.857492925713,-0.514495755428));
#9297 = PCURVE('',#9122,#9298);
#9298 = DEFINITIONAL_REPRESENTATION('',(#9299),#9302);
#9299 = B_SPLINE_CURVE_WITH_KNOTS('',1,(#9300,#9301),.UNSPECIFIED.,.F.,
  .F.,(2,2),(1.570796326795,4.712388980385),.PIECEWISE_BEZIER_KNOTS.);
#9300 = CARTESIAN_POINT('',(1.570796326795,0.));
#9301 = CARTESIAN_POINT('',(4.712388980385,0.));
#9302 = ( GEOMETRIC_REPRESENTATION_CONTEXT(2) 
PARAMETRIC_REPRESENTATION_CONTEXT() REPRESENTATION_CONTEXT('2D SPACE',''
  ) );
#9303 = PCURVE('',#4894,#9304);
#9304 = DEFINITIONAL_REPRESENTATION('',(#9305),#9313);
#9305 = ( BOUNDED_CURVE() B_SPLINE_CURVE(2,(#9306,#9307,#9308,#9309,
#9310,#9311,#9312),.UNSPECIFIED.,.T.,.F.) B_SPLINE_CURVE_WITH_KNOTS((1,2
    ,2,2,2,1),(-2.094395102393,0.,2.094395102393,4.188790204786,
6.28318530718,8.377580409573),.UNSPECIFIED.) CURVE() 
GEOMETRIC_REPRESENTATION_ITEM() RATIONAL_B_SPLINE_CURVE((1.,0.5,1.,0.5,
1.,0.5,1.)) REPRESENTATION_ITEM('') );
#9306 = CARTESIAN_POINT('',(26.125519977627,24.801073521555));
#9307 = CARTESIAN_POINT('',(11.978786957348,1.223185154423));
#9308 = CARTESIAN_POINT('',(-1.366896826043,25.263559514107));
#9309 = CARTESIAN_POINT('',(-14.71258060943,49.303933873791));
#9310 = CARTESIAN_POINT('',(12.779836194236,48.841447881239));
#9311 = CARTESIAN_POINT('',(40.272252997906,48.378961888687));
#9312 = CARTESIAN_POINT('',(26.125519977627,24.801073521555));
#9313 = ( GEOMETRIC_REPRESENTATION_CONTEXT(2) 
PARAMETRIC_REPRESENTATION_CONTEXT() REPRESENTATION_CONTEXT('2D SPACE',''
  ) );
#9314 = ADVANCED_FACE('',(#9315),#9174,.F.);
#9315 = FACE_BOUND('',#9316,.F.);
#9316 = EDGE_LOOP('',(#9317,#9318,#9339,#9340));
#9317 = ORIENTED_EDGE('',*,*,#9268,.T.);
#9318 = ORIENTED_EDGE('',*,*,#9319,.T.);
#9319 = EDGE_CURVE('',#9242,#9160,#9320,.T.);
#9320 = SURFACE_CURVE('',#9321,(#9325,#9332),.PCURVE_S1.);
#9321 = LINE('',#9322,#9323);
#9322 = CARTESIAN_POINT('',(12.7,137.68272324073,144.95320371038));
#9323 = VECTOR('',#9324,1.);
#9324 = DIRECTION('',(0.,0.857492925713,-0.514495755428));
#9325 = PCURVE('',#9174,#9326);
#9326 = DEFINITIONAL_REPRESENTATION('',(#9327),#9331);
#9327 = LINE('',#9328,#9329);
#9328 = CARTESIAN_POINT('',(0.,-12.7));
#9329 = VECTOR('',#9330,1.);
#9330 = DIRECTION('',(1.,0.));
#9331 = ( GEOMETRIC_REPRESENTATION_CONTEXT(2) 
PARAMETRIC_REPRESENTATION_CONTEXT() REPRESENTATION_CONTEXT('2D SPACE',''
  ) );
#9332 = PCURVE('',#4840,#9333);
#9333 = DEFINITIONAL_REPRESENTATION('',(#9334),#9338);
#9334 = LINE('',#9335,#9336);
#9335 = CARTESIAN_POINT('',(20.680439899352,46.581393834654));
#9336 = VECTOR('',#9337,1.);
#9337 = DIRECTION('',(0.857492925713,-0.514495755428));
#9338 = ( GEOMETRIC_REPRESENTATION_CONTEXT(2) 
PARAMETRIC_REPRESENTATION_CONTEXT() REPRESENTATION_CONTEXT('2D SPACE',''
  ) );
#9339 = ORIENTED_EDGE('',*,*,#9157,.F.);
#9340 = ORIENTED_EDGE('',*,*,#9341,.F.);
#9341 = EDGE_CURVE('',#9269,#9158,#9342,.T.);
#9342 = SURFACE_CURVE('',#9343,(#9347,#9354),.PCURVE_S1.);
#9343 = LINE('',#9344,#9345);
#9344 = CARTESIAN_POINT('',(0.,137.68272324073,144.95320371038));
#9345 = VECTOR('',#9346,1.);
#9346 = DIRECTION('',(0.,0.857492925713,-0.514495755428));
#9347 = PCURVE('',#9174,#9348);
#9348 = DEFINITIONAL_REPRESENTATION('',(#9349),#9353);
#9349 = LINE('',#9350,#9351);
#9350 = CARTESIAN_POINT('',(0.,0.));
#9351 = VECTOR('',#9352,1.);
#9352 = DIRECTION('',(1.,0.));
#9353 = ( GEOMETRIC_REPRESENTATION_CONTEXT(2) 
PARAMETRIC_REPRESENTATION_CONTEXT() REPRESENTATION_CONTEXT('2D SPACE',''
  ) );
#9354 = PCURVE('',#4894,#9355);
#9355 = DEFINITIONAL_REPRESENTATION('',(#9356),#9360);
#9356 = LINE('',#9357,#9358);
#9357 = CARTESIAN_POINT('',(20.680439899352,46.581393834654));
#9358 = VECTOR('',#9359,1.);
#9359 = DIRECTION('',(0.857492925713,-0.514495755428));
#9360 = ( GEOMETRIC_REPRESENTATION_CONTEXT(2) 
PARAMETRIC_REPRESENTATION_CONTEXT() REPRESENTATION_CONTEXT('2D SPACE',''
  ) );
#9361 = ADVANCED_FACE('',(#9362,#9405,#9408,#9411,#9414,#9417,#9420,
    #9423,#9426,#9429,#9432,#9435,#9438,#9441,#9444,#9447,#9450),#4894,
  .F.);
#9362 = FACE_BOUND('',#9363,.F.);
#9363 = EDGE_LOOP('',(#9364,#9365,#9366,#9367,#9368,#9369,#9370,#9371,
    #9372,#9373,#9374,#9375,#9376,#9377,#9378,#9379,#9380,#9381,#9382,
    #9383,#9384,#9385,#9386,#9387,#9388,#9389,#9390,#9391,#9392,#9393,
    #9394,#9395,#9396,#9397,#9398,#9399,#9400,#9401,#9402,#9403,#9404));
#9364 = ORIENTED_EDGE('',*,*,#4880,.T.);
#9365 = ORIENTED_EDGE('',*,*,#5037,.T.);
#9366 = ORIENTED_EDGE('',*,*,#5189,.T.);
#9367 = ORIENTED_EDGE('',*,*,#5341,.T.);
#9368 = ORIENTED_EDGE('',*,*,#5493,.T.);
#9369 = ORIENTED_EDGE('',*,*,#5645,.F.);
#9370 = ORIENTED_EDGE('',*,*,#5797,.T.);
#9371 = ORIENTED_EDGE('',*,*,#5949,.T.);
#9372 = ORIENTED_EDGE('',*,*,#6101,.T.);
#9373 = ORIENTED_EDGE('',*,*,#6253,.T.);
#9374 = ORIENTED_EDGE('',*,*,#6405,.F.);
#9375 = ORIENTED_EDGE('',*,*,#6557,.T.);
#9376 = ORIENTED_EDGE('',*,*,#6709,.F.);
#9377 = ORIENTED_EDGE('',*,*,#6861,.F.);
#9378 = ORIENTED_EDGE('',*,*,#7013,.F.);
#9379 = ORIENTED_EDGE('',*,*,#7165,.T.);
#9380 = ORIENTED_EDGE('',*,*,#7317,.T.);
#9381 = ORIENTED_EDGE('',*,*,#7469,.F.);
#9382 = ORIENTED_EDGE('',*,*,#7621,.T.);
#9383 = ORIENTED_EDGE('',*,*,#7773,.T.);
#9384 = ORIENTED_EDGE('',*,*,#7891,.T.);
#9385 = ORIENTED_EDGE('',*,*,#7844,.T.);
#9386 = ORIENTED_EDGE('',*,*,#7697,.F.);
#9387 = ORIENTED_EDGE('',*,*,#7545,.T.);
#9388 = ORIENTED_EDGE('',*,*,#7393,.F.);
#9389 = ORIENTED_EDGE('',*,*,#7241,.F.);
#9390 = ORIENTED_EDGE('',*,*,#7089,.F.);
#9391 = ORIENTED_EDGE('',*,*,#6937,.T.);
#9392 = ORIENTED_EDGE('',*,*,#6785,.T.);
#9393 = ORIENTED_EDGE('',*,*,#6633,.F.);
#9394 = ORIENTED_EDGE('',*,*,#6481,.T.);
#9395 = ORIENTED_EDGE('',*,*,#6329,.T.);
#9396 = ORIENTED_EDGE('',*,*,#6177,.T.);
#9397 = ORIENTED_EDGE('',*,*,#6025,.T.);
#9398 = ORIENTED_EDGE('',*,*,#5873,.F.);
#9399 = ORIENTED_EDGE('',*,*,#5721,.T.);
#9400 = ORIENTED_EDGE('',*,*,#5569,.F.);
#9401 = ORIENTED_EDGE('',*,*,#5417,.F.);
#9402 = ORIENTED_EDGE('',*,*,#5265,.F.);
#9403 = ORIENTED_EDGE('',*,*,#5113,.T.);
#9404 = ORIENTED_EDGE('',*,*,#4961,.T.);
#9405 = FACE_BOUND('',#9406,.F.);
#9406 = EDGE_LOOP('',(#9407));
#9407 = ORIENTED_EDGE('',*,*,#7965,.F.);
#9408 = FACE_BOUND('',#9409,.F.);
#9409 = EDGE_LOOP('',(#9410));
#9410 = ORIENTED_EDGE('',*,*,#8043,.T.);
#9411 = FACE_BOUND('',#9412,.F.);
#9412 = EDGE_LOOP('',(#9413));
#9413 = ORIENTED_EDGE('',*,*,#8121,.F.);
#9414 = FACE_BOUND('',#9415,.F.);
#9415 = EDGE_LOOP('',(#9416));
#9416 = ORIENTED_EDGE('',*,*,#8195,.F.);
#9417 = FACE_BOUND('',#9418,.F.);
#9418 = EDGE_LOOP('',(#9419));
#9419 = ORIENTED_EDGE('',*,*,#8269,.F.);
#9420 = FACE_BOUND('',#9421,.F.);
#9421 = EDGE_LOOP('',(#9422));
#9422 = ORIENTED_EDGE('',*,*,#8343,.F.);
#9423 = FACE_BOUND('',#9424,.F.);
#9424 = EDGE_LOOP('',(#9425));
#9425 = ORIENTED_EDGE('',*,*,#8417,.F.);
#9426 = FACE_BOUND('',#9427,.F.);
#9427 = EDGE_LOOP('',(#9428));
#9428 = ORIENTED_EDGE('',*,*,#8491,.F.);
#9429 = FACE_BOUND('',#9430,.F.);
#9430 = EDGE_LOOP('',(#9431));
#9431 = ORIENTED_EDGE('',*,*,#8565,.F.);
#9432 = FACE_BOUND('',#9433,.F.);
#9433 = EDGE_LOOP('',(#9434));
#9434 = ORIENTED_EDGE('',*,*,#8643,.T.);
#9435 = FACE_BOUND('',#9436,.F.);
#9436 = EDGE_LOOP('',(#9437));
#9437 = ORIENTED_EDGE('',*,*,#8721,.F.);
#9438 = FACE_BOUND('',#9439,.F.);
#9439 = EDGE_LOOP('',(#9440));
#9440 = ORIENTED_EDGE('',*,*,#8795,.F.);
#9441 = FACE_BOUND('',#9442,.F.);
#9442 = EDGE_LOOP('',(#9443));
#9443 = ORIENTED_EDGE('',*,*,#8873,.T.);
#9444 = FACE_BOUND('',#9445,.F.);
#9445 = EDGE_LOOP('',(#9446));
#9446 = ORIENTED_EDGE('',*,*,#8951,.F.);
#9447 = FACE_BOUND('',#9448,.F.);
#9448 = EDGE_LOOP('',(#9449));
#9449 = ORIENTED_EDGE('',*,*,#9025,.F.);
#9450 = FACE_BOUND('',#9451,.F.);
#9451 = EDGE_LOOP('',(#9452,#9453,#9454,#9455));
#9452 = ORIENTED_EDGE('',*,*,#9133,.T.);
#9453 = ORIENTED_EDGE('',*,*,#9290,.T.);
#9454 = ORIENTED_EDGE('',*,*,#9341,.T.);
#9455 = ORIENTED_EDGE('',*,*,#9212,.T.);
#9456 = ADVANCED_FACE('',(#9457,#9500,#9503,#9506,#9509,#9512,#9515,
    #9518,#9521,#9524,#9527,#9530,#9533,#9536,#9539,#9542,#9545),#4840,
  .T.);
#9457 = FACE_BOUND('',#9458,.T.);
#9458 = EDGE_LOOP('',(#9459,#9460,#9461,#9462,#9463,#9464,#9465,#9466,
    #9467,#9468,#9469,#9470,#9471,#9472,#9473,#9474,#9475,#9476,#9477,
    #9478,#9479,#9480,#9481,#9482,#9483,#9484,#9485,#9486,#9487,#9488,
    #9489,#9490,#9491,#9492,#9493,#9494,#9495,#9496,#9497,#9498,#9499));
#9459 = ORIENTED_EDGE('',*,*,#4824,.T.);
#9460 = ORIENTED_EDGE('',*,*,#4986,.T.);
#9461 = ORIENTED_EDGE('',*,*,#5138,.T.);
#9462 = ORIENTED_EDGE('',*,*,#5290,.T.);
#9463 = ORIENTED_EDGE('',*,*,#5442,.T.);
#9464 = ORIENTED_EDGE('',*,*,#5623,.F.);
#9465 = ORIENTED_EDGE('',*,*,#5746,.T.);
#9466 = ORIENTED_EDGE('',*,*,#5898,.T.);
#9467 = ORIENTED_EDGE('',*,*,#6050,.T.);
#9468 = ORIENTED_EDGE('',*,*,#6202,.T.);
#9469 = ORIENTED_EDGE('',*,*,#6383,.F.);
#9470 = ORIENTED_EDGE('',*,*,#6506,.T.);
#9471 = ORIENTED_EDGE('',*,*,#6687,.F.);
#9472 = ORIENTED_EDGE('',*,*,#6839,.F.);
#9473 = ORIENTED_EDGE('',*,*,#6991,.F.);
#9474 = ORIENTED_EDGE('',*,*,#7114,.T.);
#9475 = ORIENTED_EDGE('',*,*,#7266,.T.);
#9476 = ORIENTED_EDGE('',*,*,#7447,.F.);
#9477 = ORIENTED_EDGE('',*,*,#7570,.T.);
#9478 = ORIENTED_EDGE('',*,*,#7722,.T.);
#9479 = ORIENTED_EDGE('',*,*,#7869,.T.);
#9480 = ORIENTED_EDGE('',*,*,#7822,.T.);
#9481 = ORIENTED_EDGE('',*,*,#7646,.F.);
#9482 = ORIENTED_EDGE('',*,*,#7523,.T.);
#9483 = ORIENTED_EDGE('',*,*,#7342,.F.);
#9484 = ORIENTED_EDGE('',*,*,#7190,.F.);
#9485 = ORIENTED_EDGE('',*,*,#7038,.F.);
#9486 = ORIENTED_EDGE('',*,*,#6915,.T.);
#9487 = ORIENTED_EDGE('',*,*,#6763,.T.);
#9488 = ORIENTED_EDGE('',*,*,#6582,.F.);
#9489 = ORIENTED_EDGE('',*,*,#6459,.T.);
#9490 = ORIENTED_EDGE('',*,*,#6307,.T.);
#9491 = ORIENTED_EDGE('',*,*,#6155,.T.);
#9492 = ORIENTED_EDGE('',*,*,#6003,.T.);
#9493 = ORIENTED_EDGE('',*,*,#5822,.F.);
#9494 = ORIENTED_EDGE('',*,*,#5699,.T.);
#9495 = ORIENTED_EDGE('',*,*,#5518,.F.);
#9496 = ORIENTED_EDGE('',*,*,#5366,.F.);
#9497 = ORIENTED_EDGE('',*,*,#5214,.F.);
#9498 = ORIENTED_EDGE('',*,*,#5091,.T.);
#9499 = ORIENTED_EDGE('',*,*,#4939,.T.);
#9500 = FACE_BOUND('',#9501,.T.);
#9501 = EDGE_LOOP('',(#9502));
#9502 = ORIENTED_EDGE('',*,*,#7943,.F.);
#9503 = FACE_BOUND('',#9504,.T.);
#9504 = EDGE_LOOP('',(#9505));
#9505 = ORIENTED_EDGE('',*,*,#8017,.T.);
#9506 = FACE_BOUND('',#9507,.T.);
#9507 = EDGE_LOOP('',(#9508));
#9508 = ORIENTED_EDGE('',*,*,#8099,.F.);
#9509 = FACE_BOUND('',#9510,.T.);
#9510 = EDGE_LOOP('',(#9511));
#9511 = ORIENTED_EDGE('',*,*,#8173,.F.);
#9512 = FACE_BOUND('',#9513,.T.);
#9513 = EDGE_LOOP('',(#9514));
#9514 = ORIENTED_EDGE('',*,*,#8247,.F.);
#9515 = FACE_BOUND('',#9516,.T.);
#9516 = EDGE_LOOP('',(#9517));
#9517 = ORIENTED_EDGE('',*,*,#8321,.F.);
#9518 = FACE_BOUND('',#9519,.T.);
#9519 = EDGE_LOOP('',(#9520));
#9520 = ORIENTED_EDGE('',*,*,#8395,.F.);
#9521 = FACE_BOUND('',#9522,.T.);
#9522 = EDGE_LOOP('',(#9523));
#9523 = ORIENTED_EDGE('',*,*,#8469,.F.);
#9524 = FACE_BOUND('',#9525,.T.);
#9525 = EDGE_LOOP('',(#9526));
#9526 = ORIENTED_EDGE('',*,*,#8543,.F.);
#9527 = FACE_BOUND('',#9528,.T.);
#9528 = EDGE_LOOP('',(#9529));
#9529 = ORIENTED_EDGE('',*,*,#8617,.T.);
#9530 = FACE_BOUND('',#9531,.T.);
#9531 = EDGE_LOOP('',(#9532));
#9532 = ORIENTED_EDGE('',*,*,#8699,.F.);
#9533 = FACE_BOUND('',#9534,.T.);
#9534 = EDGE_LOOP('',(#9535));
#9535 = ORIENTED_EDGE('',*,*,#8773,.F.);
#9536 = FACE_BOUND('',#9537,.T.);
#9537 = EDGE_LOOP('',(#9538));
#9538 = ORIENTED_EDGE('',*,*,#8847,.T.);
#9539 = FACE_BOUND('',#9540,.T.);
#9540 = EDGE_LOOP('',(#9541));
#9541 = ORIENTED_EDGE('',*,*,#8929,.F.);
#9542 = FACE_BOUND('',#9543,.T.);
#9543 = EDGE_LOOP('',(#9544));
#9544 = ORIENTED_EDGE('',*,*,#9003,.F.);
#9545 = FACE_BOUND('',#9546,.T.);
#9546 = EDGE_LOOP('',(#9547,#9548,#9549,#9550));
#9547 = ORIENTED_EDGE('',*,*,#9083,.T.);
#9548 = ORIENTED_EDGE('',*,*,#9241,.T.);
#9549 = ORIENTED_EDGE('',*,*,#9319,.T.);
#9550 = ORIENTED_EDGE('',*,*,#9186,.T.);
#9551 = MANIFOLD_SOLID_BREP('',#9552);
#9552 = CLOSED_SHELL('',(#9553,#9673,#9749,#9825,#9901,#9977,#10053,
    #10129,#10205,#10281,#10357,#10433,#10509,#10585,#10661,#10737,
    #10813,#10889,#10965,#11041,#11117,#11193,#11269,#11345,#11421,
    #11497,#11573,#11649,#11725,#11801,#11877,#11953,#12029,#12105,
    #12181,#12257,#12333,#12409,#12485,#12561,#12632,#12679,#12753,
    #12827,#12901,#12975,#13049,#13123,#13197,#13271,#13345,#13419,
    #13493,#13567,#13641,#13715,#13789,#13897,#13980,#14058,#14105,
    #14200));
#9553 = ADVANCED_FACE('',(#9554),#9568,.F.);
#9554 = FACE_BOUND('',#9555,.F.);
#9555 = EDGE_LOOP('',(#9556,#9591,#9619,#9647));
#9556 = ORIENTED_EDGE('',*,*,#9557,.T.);
#9557 = EDGE_CURVE('',#9558,#9560,#9562,.T.);
#9558 = VERTEX_POINT('',#9559);
#9559 = CARTESIAN_POINT('',(12.7,0.,47.4726));
#9560 = VERTEX_POINT('',#9561);
#9561 = CARTESIAN_POINT('',(12.7,12.7,47.4726));
#9562 = SURFACE_CURVE('',#9563,(#9567,#9579),.PCURVE_S1.);
#9563 = LINE('',#9564,#9565);
#9564 = CARTESIAN_POINT('',(12.7,0.,47.4726));
#9565 = VECTOR('',#9566,1.);
#9566 = DIRECTION('',(0.,1.,0.));
#9567 = PCURVE('',#9568,#9573);
#9568 = PLANE('',#9569);
#9569 = AXIS2_PLACEMENT_3D('',#9570,#9571,#9572);
#9570 = CARTESIAN_POINT('',(12.7,0.,47.4726));
#9571 = DIRECTION('',(-2.22044604925E-16,0.,-1.));
#9572 = DIRECTION('',(1.,0.,-2.22044604925E-16));
#9573 = DEFINITIONAL_REPRESENTATION('',(#9574),#9578);
#9574 = LINE('',#9575,#9576);
#9575 = CARTESIAN_POINT('',(-1.7763568394E-15,-0.));
#9576 = VECTOR('',#9577,1.);
#9577 = DIRECTION('',(0.,-1.));
#9578 = ( GEOMETRIC_REPRESENTATION_CONTEXT(2) 
PARAMETRIC_REPRESENTATION_CONTEXT() REPRESENTATION_CONTEXT('2D SPACE',''
  ) );
#9579 = PCURVE('',#9580,#9585);
#9580 = PLANE('',#9581);
#9581 = AXIS2_PLACEMENT_3D('',#9582,#9583,#9584);
#9582 = CARTESIAN_POINT('',(12.7,0.,47.4726));
#9583 = DIRECTION('',(-1.,0.,0.));
#9584 = DIRECTION('',(0.,0.,-1.));
#9585 = DEFINITIONAL_REPRESENTATION('',(#9586),#9590);
#9586 = LINE('',#9587,#9588);
#9587 = CARTESIAN_POINT('',(-7.105427357601E-15,-0.));
#9588 = VECTOR('',#9589,1.);
#9589 = DIRECTION('',(0.,-1.));
#9590 = ( GEOMETRIC_REPRESENTATION_CONTEXT(2) 
PARAMETRIC_REPRESENTATION_CONTEXT() REPRESENTATION_CONTEXT('2D SPACE',''
  ) );
#9591 = ORIENTED_EDGE('',*,*,#9592,.T.);
#9592 = EDGE_CURVE('',#9560,#9593,#9595,.T.);
#9593 = VERTEX_POINT('',#9594);
#9594 = CARTESIAN_POINT('',(31.75,12.7,47.4726));
#9595 = SURFACE_CURVE('',#9596,(#9600,#9607),.PCURVE_S1.);
#9596 = LINE('',#9597,#9598);
#9597 = CARTESIAN_POINT('',(32.54375,12.7,47.4726));
#9598 = VECTOR('',#9599,1.);
#9599 = DIRECTION('',(1.,0.,-2.22044604925E-16));
#9600 = PCURVE('',#9568,#9601);
#9601 = DEFINITIONAL_REPRESENTATION('',(#9602),#9606);
#9602 = LINE('',#9603,#9604);
#9603 = CARTESIAN_POINT('',(19.84375,-12.7));
#9604 = VECTOR('',#9605,1.);
#9605 = DIRECTION('',(1.,0.));
#9606 = ( GEOMETRIC_REPRESENTATION_CONTEXT(2) 
PARAMETRIC_REPRESENTATION_CONTEXT() REPRESENTATION_CONTEXT('2D SPACE',''
  ) );
#9607 = PCURVE('',#9608,#9613);
#9608 = PLANE('',#9609);
#9609 = AXIS2_PLACEMENT_3D('',#9610,#9611,#9612);
#9610 = CARTESIAN_POINT('',(111.34395621475,12.7,90.953732710011));
#9611 = DIRECTION('',(0.,-1.,0.));
#9612 = DIRECTION('',(1.,0.,0.));
#9613 = DEFINITIONAL_REPRESENTATION('',(#9614),#9618);
#9614 = LINE('',#9615,#9616);
#9615 = CARTESIAN_POINT('',(-78.80020621475,-43.48113271001));
#9616 = VECTOR('',#9617,1.);
#9617 = DIRECTION('',(1.,-2.22044604925E-16));
#9618 = ( GEOMETRIC_REPRESENTATION_CONTEXT(2) 
PARAMETRIC_REPRESENTATION_CONTEXT() REPRESENTATION_CONTEXT('2D SPACE',''
  ) );
#9619 = ORIENTED_EDGE('',*,*,#9620,.F.);
#9620 = EDGE_CURVE('',#9621,#9593,#9623,.T.);
#9621 = VERTEX_POINT('',#9622);
#9622 = CARTESIAN_POINT('',(31.75,0.,47.4726));
#9623 = SURFACE_CURVE('',#9624,(#9628,#9635),.PCURVE_S1.);
#9624 = LINE('',#9625,#9626);
#9625 = CARTESIAN_POINT('',(31.75,0.,47.4726));
#9626 = VECTOR('',#9627,1.);
#9627 = DIRECTION('',(0.,1.,0.));
#9628 = PCURVE('',#9568,#9629);
#9629 = DEFINITIONAL_REPRESENTATION('',(#9630),#9634);
#9630 = LINE('',#9631,#9632);
#9631 = CARTESIAN_POINT('',(19.05,0.));
#9632 = VECTOR('',#9633,1.);
#9633 = DIRECTION('',(0.,-1.));
#9634 = ( GEOMETRIC_REPRESENTATION_CONTEXT(2) 
PARAMETRIC_REPRESENTATION_CONTEXT() REPRESENTATION_CONTEXT('2D SPACE',''
  ) );
#9635 = PCURVE('',#9636,#9641);
#9636 = PLANE('',#9637);
#9637 = AXIS2_PLACEMENT_3D('',#9638,#9639,#9640);
#9638 = CARTESIAN_POINT('',(31.75,0.,45.09135));
#9639 = DIRECTION('',(1.,-0.,2.22044604925E-16));
#9640 = DIRECTION('',(-2.22044604925E-16,0.,1.));
#9641 = DEFINITIONAL_REPRESENTATION('',(#9642),#9646);
#9642 = LINE('',#9643,#9644);
#9643 = CARTESIAN_POINT('',(2.38125,0.));
#9644 = VECTOR('',#9645,1.);
#9645 = DIRECTION('',(0.,-1.));
#9646 = ( GEOMETRIC_REPRESENTATION_CONTEXT(2) 
PARAMETRIC_REPRESENTATION_CONTEXT() REPRESENTATION_CONTEXT('2D SPACE',''
  ) );
#9647 = ORIENTED_EDGE('',*,*,#9648,.F.);
#9648 = EDGE_CURVE('',#9558,#9621,#9649,.T.);
#9649 = SURFACE_CURVE('',#9650,(#9654,#9661),.PCURVE_S1.);
#9650 = LINE('',#9651,#9652);
#9651 = CARTESIAN_POINT('',(32.54375,0.,47.4726));
#9652 = VECTOR('',#9653,1.);
#9653 = DIRECTION('',(1.,0.,-2.22044604925E-16));
#9654 = PCURVE('',#9568,#9655);
#9655 = DEFINITIONAL_REPRESENTATION('',(#9656),#9660);
#9656 = LINE('',#9657,#9658);
#9657 = CARTESIAN_POINT('',(19.84375,0.));
#9658 = VECTOR('',#9659,1.);
#9659 = DIRECTION('',(1.,0.));
#9660 = ( GEOMETRIC_REPRESENTATION_CONTEXT(2) 
PARAMETRIC_REPRESENTATION_CONTEXT() REPRESENTATION_CONTEXT('2D SPACE',''
  ) );
#9661 = PCURVE('',#9662,#9667);
#9662 = PLANE('',#9663);
#9663 = AXIS2_PLACEMENT_3D('',#9664,#9665,#9666);
#9664 = CARTESIAN_POINT('',(111.34395621475,0.,90.953732710011));
#9665 = DIRECTION('',(0.,-1.,0.));
#9666 = DIRECTION('',(1.,0.,0.));
#9667 = DEFINITIONAL_REPRESENTATION('',(#9668),#9672);
#9668 = LINE('',#9669,#9670);
#9669 = CARTESIAN_POINT('',(-78.80020621475,-43.48113271001));
#9670 = VECTOR('',#9671,1.);
#9671 = DIRECTION('',(1.,-2.22044604925E-16));
#9672 = ( GEOMETRIC_REPRESENTATION_CONTEXT(2) 
PARAMETRIC_REPRESENTATION_CONTEXT() REPRESENTATION_CONTEXT('2D SPACE',''
  ) );
#9673 = ADVANCED_FACE('',(#9674),#9580,.T.);
#9674 = FACE_BOUND('',#9675,.T.);
#9675 = EDGE_LOOP('',(#9676,#9677,#9700,#9728));
#9676 = ORIENTED_EDGE('',*,*,#9557,.T.);
#9677 = ORIENTED_EDGE('',*,*,#9678,.T.);
#9678 = EDGE_CURVE('',#9560,#9679,#9681,.T.);
#9679 = VERTEX_POINT('',#9680);
#9680 = CARTESIAN_POINT('',(12.7,12.7,0.));
#9681 = SURFACE_CURVE('',#9682,(#9686,#9693),.PCURVE_S1.);
#9682 = LINE('',#9683,#9684);
#9683 = CARTESIAN_POINT('',(12.7,12.7,203.2));
#9684 = VECTOR('',#9685,1.);
#9685 = DIRECTION('',(0.,0.,-1.));
#9686 = PCURVE('',#9580,#9687);
#9687 = DEFINITIONAL_REPRESENTATION('',(#9688),#9692);
#9688 = LINE('',#9689,#9690);
#9689 = CARTESIAN_POINT('',(-155.7274,-12.7));
#9690 = VECTOR('',#9691,1.);
#9691 = DIRECTION('',(1.,0.));
#9692 = ( GEOMETRIC_REPRESENTATION_CONTEXT(2) 
PARAMETRIC_REPRESENTATION_CONTEXT() REPRESENTATION_CONTEXT('2D SPACE',''
  ) );
#9693 = PCURVE('',#9608,#9694);
#9694 = DEFINITIONAL_REPRESENTATION('',(#9695),#9699);
#9695 = LINE('',#9696,#9697);
#9696 = CARTESIAN_POINT('',(-98.64395621475,112.24626728998));
#9697 = VECTOR('',#9698,1.);
#9698 = DIRECTION('',(0.,-1.));
#9699 = ( GEOMETRIC_REPRESENTATION_CONTEXT(2) 
PARAMETRIC_REPRESENTATION_CONTEXT() REPRESENTATION_CONTEXT('2D SPACE',''
  ) );
#9700 = ORIENTED_EDGE('',*,*,#9701,.F.);
#9701 = EDGE_CURVE('',#9702,#9679,#9704,.T.);
#9702 = VERTEX_POINT('',#9703);
#9703 = CARTESIAN_POINT('',(12.7,0.,0.));
#9704 = SURFACE_CURVE('',#9705,(#9709,#9716),.PCURVE_S1.);
#9705 = LINE('',#9706,#9707);
#9706 = CARTESIAN_POINT('',(12.7,0.,0.));
#9707 = VECTOR('',#9708,1.);
#9708 = DIRECTION('',(0.,1.,0.));
#9709 = PCURVE('',#9580,#9710);
#9710 = DEFINITIONAL_REPRESENTATION('',(#9711),#9715);
#9711 = LINE('',#9712,#9713);
#9712 = CARTESIAN_POINT('',(47.4726,0.));
#9713 = VECTOR('',#9714,1.);
#9714 = DIRECTION('',(0.,-1.));
#9715 = ( GEOMETRIC_REPRESENTATION_CONTEXT(2) 
PARAMETRIC_REPRESENTATION_CONTEXT() REPRESENTATION_CONTEXT('2D SPACE',''
  ) );
#9716 = PCURVE('',#9717,#9722);
#9717 = PLANE('',#9718);
#9718 = AXIS2_PLACEMENT_3D('',#9719,#9720,#9721);
#9719 = CARTESIAN_POINT('',(12.7,0.,0.));
#9720 = DIRECTION('',(0.,0.,-1.));
#9721 = DIRECTION('',(1.,0.,0.));
#9722 = DEFINITIONAL_REPRESENTATION('',(#9723),#9727);
#9723 = LINE('',#9724,#9725);
#9724 = CARTESIAN_POINT('',(0.,0.));
#9725 = VECTOR('',#9726,1.);
#9726 = DIRECTION('',(0.,-1.));
#9727 = ( GEOMETRIC_REPRESENTATION_CONTEXT(2) 
PARAMETRIC_REPRESENTATION_CONTEXT() REPRESENTATION_CONTEXT('2D SPACE',''
  ) );
#9728 = ORIENTED_EDGE('',*,*,#9729,.F.);
#9729 = EDGE_CURVE('',#9558,#9702,#9730,.T.);
#9730 = SURFACE_CURVE('',#9731,(#9735,#9742),.PCURVE_S1.);
#9731 = LINE('',#9732,#9733);
#9732 = CARTESIAN_POINT('',(12.7,0.,203.2));
#9733 = VECTOR('',#9734,1.);
#9734 = DIRECTION('',(0.,0.,-1.));
#9735 = PCURVE('',#9580,#9736);
#9736 = DEFINITIONAL_REPRESENTATION('',(#9737),#9741);
#9737 = LINE('',#9738,#9739);
#9738 = CARTESIAN_POINT('',(-155.7274,-0.));
#9739 = VECTOR('',#9740,1.);
#9740 = DIRECTION('',(1.,0.));
#9741 = ( GEOMETRIC_REPRESENTATION_CONTEXT(2) 
PARAMETRIC_REPRESENTATION_CONTEXT() REPRESENTATION_CONTEXT('2D SPACE',''
  ) );
#9742 = PCURVE('',#9662,#9743);
#9743 = DEFINITIONAL_REPRESENTATION('',(#9744),#9748);
#9744 = LINE('',#9745,#9746);
#9745 = CARTESIAN_POINT('',(-98.64395621475,112.24626728998));
#9746 = VECTOR('',#9747,1.);
#9747 = DIRECTION('',(0.,-1.));
#9748 = ( GEOMETRIC_REPRESENTATION_CONTEXT(2) 
PARAMETRIC_REPRESENTATION_CONTEXT() REPRESENTATION_CONTEXT('2D SPACE',''
  ) );
#9749 = ADVANCED_FACE('',(#9750),#9636,.T.);
#9750 = FACE_BOUND('',#9751,.T.);
#9751 = EDGE_LOOP('',(#9752,#9782,#9803,#9804));
#9752 = ORIENTED_EDGE('',*,*,#9753,.T.);
#9753 = EDGE_CURVE('',#9754,#9756,#9758,.T.);
#9754 = VERTEX_POINT('',#9755);
#9755 = CARTESIAN_POINT('',(31.75,0.,45.09135));
#9756 = VERTEX_POINT('',#9757);
#9757 = CARTESIAN_POINT('',(31.75,12.7,45.09135));
#9758 = SURFACE_CURVE('',#9759,(#9763,#9770),.PCURVE_S1.);
#9759 = LINE('',#9760,#9761);
#9760 = CARTESIAN_POINT('',(31.75,0.,45.09135));
#9761 = VECTOR('',#9762,1.);
#9762 = DIRECTION('',(0.,1.,0.));
#9763 = PCURVE('',#9636,#9764);
#9764 = DEFINITIONAL_REPRESENTATION('',(#9765),#9769);
#9765 = LINE('',#9766,#9767);
#9766 = CARTESIAN_POINT('',(7.105427357601E-15,0.));
#9767 = VECTOR('',#9768,1.);
#9768 = DIRECTION('',(0.,-1.));
#9769 = ( GEOMETRIC_REPRESENTATION_CONTEXT(2) 
PARAMETRIC_REPRESENTATION_CONTEXT() REPRESENTATION_CONTEXT('2D SPACE',''
  ) );
#9770 = PCURVE('',#9771,#9776);
#9771 = PLANE('',#9772);
#9772 = AXIS2_PLACEMENT_3D('',#9773,#9774,#9775);
#9773 = CARTESIAN_POINT('',(31.75,0.,45.09135));
#9774 = DIRECTION('',(-2.22044604925E-16,0.,-1.));
#9775 = DIRECTION('',(1.,0.,-2.22044604925E-16));
#9776 = DEFINITIONAL_REPRESENTATION('',(#9777),#9781);
#9777 = LINE('',#9778,#9779);
#9778 = CARTESIAN_POINT('',(0.,0.));
#9779 = VECTOR('',#9780,1.);
#9780 = DIRECTION('',(0.,-1.));
#9781 = ( GEOMETRIC_REPRESENTATION_CONTEXT(2) 
PARAMETRIC_REPRESENTATION_CONTEXT() REPRESENTATION_CONTEXT('2D SPACE',''
  ) );
#9782 = ORIENTED_EDGE('',*,*,#9783,.T.);
#9783 = EDGE_CURVE('',#9756,#9593,#9784,.T.);
#9784 = SURFACE_CURVE('',#9785,(#9789,#9796),.PCURVE_S1.);
#9785 = LINE('',#9786,#9787);
#9786 = CARTESIAN_POINT('',(31.75,12.7,50.8));
#9787 = VECTOR('',#9788,1.);
#9788 = DIRECTION('',(-2.22044604925E-16,0.,1.));
#9789 = PCURVE('',#9636,#9790);
#9790 = DEFINITIONAL_REPRESENTATION('',(#9791),#9795);
#9791 = LINE('',#9792,#9793);
#9792 = CARTESIAN_POINT('',(5.70865,-12.7));
#9793 = VECTOR('',#9794,1.);
#9794 = DIRECTION('',(1.,0.));
#9795 = ( GEOMETRIC_REPRESENTATION_CONTEXT(2) 
PARAMETRIC_REPRESENTATION_CONTEXT() REPRESENTATION_CONTEXT('2D SPACE',''
  ) );
#9796 = PCURVE('',#9608,#9797);
#9797 = DEFINITIONAL_REPRESENTATION('',(#9798),#9802);
#9798 = LINE('',#9799,#9800);
#9799 = CARTESIAN_POINT('',(-79.59395621475,-40.15373271001));
#9800 = VECTOR('',#9801,1.);
#9801 = DIRECTION('',(-2.22044604925E-16,1.));
#9802 = ( GEOMETRIC_REPRESENTATION_CONTEXT(2) 
PARAMETRIC_REPRESENTATION_CONTEXT() REPRESENTATION_CONTEXT('2D SPACE',''
  ) );
#9803 = ORIENTED_EDGE('',*,*,#9620,.F.);
#9804 = ORIENTED_EDGE('',*,*,#9805,.F.);
#9805 = EDGE_CURVE('',#9754,#9621,#9806,.T.);
#9806 = SURFACE_CURVE('',#9807,(#9811,#9818),.PCURVE_S1.);
#9807 = LINE('',#9808,#9809);
#9808 = CARTESIAN_POINT('',(31.75,0.,50.8));
#9809 = VECTOR('',#9810,1.);
#9810 = DIRECTION('',(-2.22044604925E-16,0.,1.));
#9811 = PCURVE('',#9636,#9812);
#9812 = DEFINITIONAL_REPRESENTATION('',(#9813),#9817);
#9813 = LINE('',#9814,#9815);
#9814 = CARTESIAN_POINT('',(5.70865,0.));
#9815 = VECTOR('',#9816,1.);
#9816 = DIRECTION('',(1.,0.));
#9817 = ( GEOMETRIC_REPRESENTATION_CONTEXT(2) 
PARAMETRIC_REPRESENTATION_CONTEXT() REPRESENTATION_CONTEXT('2D SPACE',''
  ) );
#9818 = PCURVE('',#9662,#9819);
#9819 = DEFINITIONAL_REPRESENTATION('',(#9820),#9824);
#9820 = LINE('',#9821,#9822);
#9821 = CARTESIAN_POINT('',(-79.59395621475,-40.15373271001));
#9822 = VECTOR('',#9823,1.);
#9823 = DIRECTION('',(-2.22044604925E-16,1.));
#9824 = ( GEOMETRIC_REPRESENTATION_CONTEXT(2) 
PARAMETRIC_REPRESENTATION_CONTEXT() REPRESENTATION_CONTEXT('2D SPACE',''
  ) );
#9825 = ADVANCED_FACE('',(#9826),#9717,.T.);
#9826 = FACE_BOUND('',#9827,.T.);
#9827 = EDGE_LOOP('',(#9828,#9829,#9852,#9880));
#9828 = ORIENTED_EDGE('',*,*,#9701,.T.);
#9829 = ORIENTED_EDGE('',*,*,#9830,.T.);
#9830 = EDGE_CURVE('',#9679,#9831,#9833,.T.);
#9831 = VERTEX_POINT('',#9832);
#9832 = CARTESIAN_POINT('',(228.6,12.7,0.));
#9833 = SURFACE_CURVE('',#9834,(#9838,#9845),.PCURVE_S1.);
#9834 = LINE('',#9835,#9836);
#9835 = CARTESIAN_POINT('',(12.7,12.7,0.));
#9836 = VECTOR('',#9837,1.);
#9837 = DIRECTION('',(1.,0.,0.));
#9838 = PCURVE('',#9717,#9839);
#9839 = DEFINITIONAL_REPRESENTATION('',(#9840),#9844);
#9840 = LINE('',#9841,#9842);
#9841 = CARTESIAN_POINT('',(0.,-12.7));
#9842 = VECTOR('',#9843,1.);
#9843 = DIRECTION('',(1.,0.));
#9844 = ( GEOMETRIC_REPRESENTATION_CONTEXT(2) 
PARAMETRIC_REPRESENTATION_CONTEXT() REPRESENTATION_CONTEXT('2D SPACE',''
  ) );
#9845 = PCURVE('',#9608,#9846);
#9846 = DEFINITIONAL_REPRESENTATION('',(#9847),#9851);
#9847 = LINE('',#9848,#9849);
#9848 = CARTESIAN_POINT('',(-98.64395621475,-90.95373271001));
#9849 = VECTOR('',#9850,1.);
#9850 = DIRECTION('',(1.,0.));
#9851 = ( GEOMETRIC_REPRESENTATION_CONTEXT(2) 
PARAMETRIC_REPRESENTATION_CONTEXT() REPRESENTATION_CONTEXT('2D SPACE',''
  ) );
#9852 = ORIENTED_EDGE('',*,*,#9853,.F.);
#9853 = EDGE_CURVE('',#9854,#9831,#9856,.T.);
#9854 = VERTEX_POINT('',#9855);
#9855 = CARTESIAN_POINT('',(228.6,0.,0.));
#9856 = SURFACE_CURVE('',#9857,(#9861,#9868),.PCURVE_S1.);
#9857 = LINE('',#9858,#9859);
#9858 = CARTESIAN_POINT('',(228.6,0.,0.));
#9859 = VECTOR('',#9860,1.);
#9860 = DIRECTION('',(0.,1.,0.));
#9861 = PCURVE('',#9717,#9862);
#9862 = DEFINITIONAL_REPRESENTATION('',(#9863),#9867);
#9863 = LINE('',#9864,#9865);
#9864 = CARTESIAN_POINT('',(215.9,0.));
#9865 = VECTOR('',#9866,1.);
#9866 = DIRECTION('',(0.,-1.));
#9867 = ( GEOMETRIC_REPRESENTATION_CONTEXT(2) 
PARAMETRIC_REPRESENTATION_CONTEXT() REPRESENTATION_CONTEXT('2D SPACE',''
  ) );
#9868 = PCURVE('',#9869,#9874);
#9869 = PLANE('',#9870);
#9870 = AXIS2_PLACEMENT_3D('',#9871,#9872,#9873);
#9871 = CARTESIAN_POINT('',(228.6,0.,0.));
#9872 = DIRECTION('',(1.,0.,0.));
#9873 = DIRECTION('',(0.,0.,1.));
#9874 = DEFINITIONAL_REPRESENTATION('',(#9875),#9879);
#9875 = LINE('',#9876,#9877);
#9876 = CARTESIAN_POINT('',(0.,0.));
#9877 = VECTOR('',#9878,1.);
#9878 = DIRECTION('',(0.,-1.));
#9879 = ( GEOMETRIC_REPRESENTATION_CONTEXT(2) 
PARAMETRIC_REPRESENTATION_CONTEXT() REPRESENTATION_CONTEXT('2D SPACE',''
  ) );
#9880 = ORIENTED_EDGE('',*,*,#9881,.F.);
#9881 = EDGE_CURVE('',#9702,#9854,#9882,.T.);
#9882 = SURFACE_CURVE('',#9883,(#9887,#9894),.PCURVE_S1.);
#9883 = LINE('',#9884,#9885);
#9884 = CARTESIAN_POINT('',(12.7,0.,0.));
#9885 = VECTOR('',#9886,1.);
#9886 = DIRECTION('',(1.,0.,0.));
#9887 = PCURVE('',#9717,#9888);
#9888 = DEFINITIONAL_REPRESENTATION('',(#9889),#9893);
#9889 = LINE('',#9890,#9891);
#9890 = CARTESIAN_POINT('',(0.,0.));
#9891 = VECTOR('',#9892,1.);
#9892 = DIRECTION('',(1.,0.));
#9893 = ( GEOMETRIC_REPRESENTATION_CONTEXT(2) 
PARAMETRIC_REPRESENTATION_CONTEXT() REPRESENTATION_CONTEXT('2D SPACE',''
  ) );
#9894 = PCURVE('',#9662,#9895);
#9895 = DEFINITIONAL_REPRESENTATION('',(#9896),#9900);
#9896 = LINE('',#9897,#9898);
#9897 = CARTESIAN_POINT('',(-98.64395621475,-90.95373271001));
#9898 = VECTOR('',#9899,1.);
#9899 = DIRECTION('',(1.,0.));
#9900 = ( GEOMETRIC_REPRESENTATION_CONTEXT(2) 
PARAMETRIC_REPRESENTATION_CONTEXT() REPRESENTATION_CONTEXT('2D SPACE',''
  ) );
#9901 = ADVANCED_FACE('',(#9902),#9771,.F.);
#9902 = FACE_BOUND('',#9903,.F.);
#9903 = EDGE_LOOP('',(#9904,#9905,#9928,#9956));
#9904 = ORIENTED_EDGE('',*,*,#9753,.T.);
#9905 = ORIENTED_EDGE('',*,*,#9906,.T.);
#9906 = EDGE_CURVE('',#9756,#9907,#9909,.T.);
#9907 = VERTEX_POINT('',#9908);
#9908 = CARTESIAN_POINT('',(37.6174,12.7,45.09135));
#9909 = SURFACE_CURVE('',#9910,(#9914,#9921),.PCURVE_S1.);
#9910 = LINE('',#9911,#9912);
#9911 = CARTESIAN_POINT('',(34.6837,12.7,45.09135));
#9912 = VECTOR('',#9913,1.);
#9913 = DIRECTION('',(1.,0.,-2.22044604925E-16));
#9914 = PCURVE('',#9771,#9915);
#9915 = DEFINITIONAL_REPRESENTATION('',(#9916),#9920);
#9916 = LINE('',#9917,#9918);
#9917 = CARTESIAN_POINT('',(2.9337,-12.7));
#9918 = VECTOR('',#9919,1.);
#9919 = DIRECTION('',(1.,0.));
#9920 = ( GEOMETRIC_REPRESENTATION_CONTEXT(2) 
PARAMETRIC_REPRESENTATION_CONTEXT() REPRESENTATION_CONTEXT('2D SPACE',''
  ) );
#9921 = PCURVE('',#9608,#9922);
#9922 = DEFINITIONAL_REPRESENTATION('',(#9923),#9927);
#9923 = LINE('',#9924,#9925);
#9924 = CARTESIAN_POINT('',(-76.66025621475,-45.86238271001));
#9925 = VECTOR('',#9926,1.);
#9926 = DIRECTION('',(1.,-2.22044604925E-16));
#9927 = ( GEOMETRIC_REPRESENTATION_CONTEXT(2) 
PARAMETRIC_REPRESENTATION_CONTEXT() REPRESENTATION_CONTEXT('2D SPACE',''
  ) );
#9928 = ORIENTED_EDGE('',*,*,#9929,.F.);
#9929 = EDGE_CURVE('',#9930,#9907,#9932,.T.);
#9930 = VERTEX_POINT('',#9931);
#9931 = CARTESIAN_POINT('',(37.6174,0.,45.09135));
#9932 = SURFACE_CURVE('',#9933,(#9937,#9944),.PCURVE_S1.);
#9933 = LINE('',#9934,#9935);
#9934 = CARTESIAN_POINT('',(37.6174,0.,45.09135));
#9935 = VECTOR('',#9936,1.);
#9936 = DIRECTION('',(0.,1.,0.));
#9937 = PCURVE('',#9771,#9938);
#9938 = DEFINITIONAL_REPRESENTATION('',(#9939),#9943);
#9939 = LINE('',#9940,#9941);
#9940 = CARTESIAN_POINT('',(5.8674,0.));
#9941 = VECTOR('',#9942,1.);
#9942 = DIRECTION('',(0.,-1.));
#9943 = ( GEOMETRIC_REPRESENTATION_CONTEXT(2) 
PARAMETRIC_REPRESENTATION_CONTEXT() REPRESENTATION_CONTEXT('2D SPACE',''
  ) );
#9944 = PCURVE('',#9945,#9950);
#9945 = PLANE('',#9946);
#9946 = AXIS2_PLACEMENT_3D('',#9947,#9948,#9949);
#9947 = CARTESIAN_POINT('',(37.6174,0.,45.09135));
#9948 = DIRECTION('',(1.,-0.,2.22044604925E-16));
#9949 = DIRECTION('',(-2.22044604925E-16,0.,1.));
#9950 = DEFINITIONAL_REPRESENTATION('',(#9951),#9955);
#9951 = LINE('',#9952,#9953);
#9952 = CARTESIAN_POINT('',(0.,0.));
#9953 = VECTOR('',#9954,1.);
#9954 = DIRECTION('',(0.,-1.));
#9955 = ( GEOMETRIC_REPRESENTATION_CONTEXT(2) 
PARAMETRIC_REPRESENTATION_CONTEXT() REPRESENTATION_CONTEXT('2D SPACE',''
  ) );
#9956 = ORIENTED_EDGE('',*,*,#9957,.F.);
#9957 = EDGE_CURVE('',#9754,#9930,#9958,.T.);
#9958 = SURFACE_CURVE('',#9959,(#9963,#9970),.PCURVE_S1.);
#9959 = LINE('',#9960,#9961);
#9960 = CARTESIAN_POINT('',(34.6837,0.,45.09135));
#9961 = VECTOR('',#9962,1.);
#9962 = DIRECTION('',(1.,0.,-2.22044604925E-16));
#9963 = PCURVE('',#9771,#9964);
#9964 = DEFINITIONAL_REPRESENTATION('',(#9965),#9969);
#9965 = LINE('',#9966,#9967);
#9966 = CARTESIAN_POINT('',(2.9337,0.));
#9967 = VECTOR('',#9968,1.);
#9968 = DIRECTION('',(1.,0.));
#9969 = ( GEOMETRIC_REPRESENTATION_CONTEXT(2) 
PARAMETRIC_REPRESENTATION_CONTEXT() REPRESENTATION_CONTEXT('2D SPACE',''
  ) );
#9970 = PCURVE('',#9662,#9971);
#9971 = DEFINITIONAL_REPRESENTATION('',(#9972),#9976);
#9972 = LINE('',#9973,#9974);
#9973 = CARTESIAN_POINT('',(-76.66025621475,-45.86238271001));
#9974 = VECTOR('',#9975,1.);
#9975 = DIRECTION('',(1.,-2.22044604925E-16));
#9976 = ( GEOMETRIC_REPRESENTATION_CONTEXT(2) 
PARAMETRIC_REPRESENTATION_CONTEXT() REPRESENTATION_CONTEXT('2D SPACE',''
  ) );
#9977 = ADVANCED_FACE('',(#9978),#9869,.T.);
#9978 = FACE_BOUND('',#9979,.T.);
#9979 = EDGE_LOOP('',(#9980,#9981,#10004,#10032));
#9980 = ORIENTED_EDGE('',*,*,#9853,.T.);
#9981 = ORIENTED_EDGE('',*,*,#9982,.T.);
#9982 = EDGE_CURVE('',#9831,#9983,#9985,.T.);
#9983 = VERTEX_POINT('',#9984);
#9984 = CARTESIAN_POINT('',(228.6,12.7,127.));
#9985 = SURFACE_CURVE('',#9986,(#9990,#9997),.PCURVE_S1.);
#9986 = LINE('',#9987,#9988);
#9987 = CARTESIAN_POINT('',(228.6,12.7,0.));
#9988 = VECTOR('',#9989,1.);
#9989 = DIRECTION('',(0.,0.,1.));
#9990 = PCURVE('',#9869,#9991);
#9991 = DEFINITIONAL_REPRESENTATION('',(#9992),#9996);
#9992 = LINE('',#9993,#9994);
#9993 = CARTESIAN_POINT('',(0.,-12.7));
#9994 = VECTOR('',#9995,1.);
#9995 = DIRECTION('',(1.,0.));
#9996 = ( GEOMETRIC_REPRESENTATION_CONTEXT(2) 
PARAMETRIC_REPRESENTATION_CONTEXT() REPRESENTATION_CONTEXT('2D SPACE',''
  ) );
#9997 = PCURVE('',#9608,#9998);
#9998 = DEFINITIONAL_REPRESENTATION('',(#9999),#10003);
#9999 = LINE('',#10000,#10001);
#10000 = CARTESIAN_POINT('',(117.25604378524,-90.95373271001));
#10001 = VECTOR('',#10002,1.);
#10002 = DIRECTION('',(0.,1.));
#10003 = ( GEOMETRIC_REPRESENTATION_CONTEXT(2) 
PARAMETRIC_REPRESENTATION_CONTEXT() REPRESENTATION_CONTEXT('2D SPACE',''
  ) );
#10004 = ORIENTED_EDGE('',*,*,#10005,.F.);
#10005 = EDGE_CURVE('',#10006,#9983,#10008,.T.);
#10006 = VERTEX_POINT('',#10007);
#10007 = CARTESIAN_POINT('',(228.6,0.,127.));
#10008 = SURFACE_CURVE('',#10009,(#10013,#10020),.PCURVE_S1.);
#10009 = LINE('',#10010,#10011);
#10010 = CARTESIAN_POINT('',(228.6,0.,127.));
#10011 = VECTOR('',#10012,1.);
#10012 = DIRECTION('',(0.,1.,0.));
#10013 = PCURVE('',#9869,#10014);
#10014 = DEFINITIONAL_REPRESENTATION('',(#10015),#10019);
#10015 = LINE('',#10016,#10017);
#10016 = CARTESIAN_POINT('',(127.,0.));
#10017 = VECTOR('',#10018,1.);
#10018 = DIRECTION('',(0.,-1.));
#10019 = ( GEOMETRIC_REPRESENTATION_CONTEXT(2) 
PARAMETRIC_REPRESENTATION_CONTEXT() REPRESENTATION_CONTEXT('2D SPACE',''
  ) );
#10020 = PCURVE('',#10021,#10026);
#10021 = PLANE('',#10022);
#10022 = AXIS2_PLACEMENT_3D('',#10023,#10024,#10025);
#10023 = CARTESIAN_POINT('',(228.6,0.,127.));
#10024 = DIRECTION('',(0.514495755428,-0.,0.857492925713));
#10025 = DIRECTION('',(-0.857492925713,0.,0.514495755428));
#10026 = DEFINITIONAL_REPRESENTATION('',(#10027),#10031);
#10027 = LINE('',#10028,#10029);
#10028 = CARTESIAN_POINT('',(0.,0.));
#10029 = VECTOR('',#10030,1.);
#10030 = DIRECTION('',(0.,-1.));
#10031 = ( GEOMETRIC_REPRESENTATION_CONTEXT(2) 
PARAMETRIC_REPRESENTATION_CONTEXT() REPRESENTATION_CONTEXT('2D SPACE',''
  ) );
#10032 = ORIENTED_EDGE('',*,*,#10033,.F.);
#10033 = EDGE_CURVE('',#9854,#10006,#10034,.T.);
#10034 = SURFACE_CURVE('',#10035,(#10039,#10046),.PCURVE_S1.);
#10035 = LINE('',#10036,#10037);
#10036 = CARTESIAN_POINT('',(228.6,0.,0.));
#10037 = VECTOR('',#10038,1.);
#10038 = DIRECTION('',(0.,0.,1.));
#10039 = PCURVE('',#9869,#10040);
#10040 = DEFINITIONAL_REPRESENTATION('',(#10041),#10045);
#10041 = LINE('',#10042,#10043);
#10042 = CARTESIAN_POINT('',(0.,0.));
#10043 = VECTOR('',#10044,1.);
#10044 = DIRECTION('',(1.,0.));
#10045 = ( GEOMETRIC_REPRESENTATION_CONTEXT(2) 
PARAMETRIC_REPRESENTATION_CONTEXT() REPRESENTATION_CONTEXT('2D SPACE',''
  ) );
#10046 = PCURVE('',#9662,#10047);
#10047 = DEFINITIONAL_REPRESENTATION('',(#10048),#10052);
#10048 = LINE('',#10049,#10050);
#10049 = CARTESIAN_POINT('',(117.25604378524,-90.95373271001));
#10050 = VECTOR('',#10051,1.);
#10051 = DIRECTION('',(0.,1.));
#10052 = ( GEOMETRIC_REPRESENTATION_CONTEXT(2) 
PARAMETRIC_REPRESENTATION_CONTEXT() REPRESENTATION_CONTEXT('2D SPACE',''
  ) );
#10053 = ADVANCED_FACE('',(#10054),#9945,.F.);
#10054 = FACE_BOUND('',#10055,.F.);
#10055 = EDGE_LOOP('',(#10056,#10057,#10080,#10108));
#10056 = ORIENTED_EDGE('',*,*,#9929,.T.);
#10057 = ORIENTED_EDGE('',*,*,#10058,.T.);
#10058 = EDGE_CURVE('',#9907,#10059,#10061,.T.);
#10059 = VERTEX_POINT('',#10060);
#10060 = CARTESIAN_POINT('',(37.6174,12.7,47.4726));
#10061 = SURFACE_CURVE('',#10062,(#10066,#10073),.PCURVE_S1.);
#10062 = LINE('',#10063,#10064);
#10063 = CARTESIAN_POINT('',(37.6174,12.7,50.8));
#10064 = VECTOR('',#10065,1.);
#10065 = DIRECTION('',(-2.22044604925E-16,0.,1.));
#10066 = PCURVE('',#9945,#10067);
#10067 = DEFINITIONAL_REPRESENTATION('',(#10068),#10072);
#10068 = LINE('',#10069,#10070);
#10069 = CARTESIAN_POINT('',(5.70865,-12.7));
#10070 = VECTOR('',#10071,1.);
#10071 = DIRECTION('',(1.,0.));
#10072 = ( GEOMETRIC_REPRESENTATION_CONTEXT(2) 
PARAMETRIC_REPRESENTATION_CONTEXT() REPRESENTATION_CONTEXT('2D SPACE',''
  ) );
#10073 = PCURVE('',#9608,#10074);
#10074 = DEFINITIONAL_REPRESENTATION('',(#10075),#10079);
#10075 = LINE('',#10076,#10077);
#10076 = CARTESIAN_POINT('',(-73.72655621475,-40.15373271001));
#10077 = VECTOR('',#10078,1.);
#10078 = DIRECTION('',(-2.22044604925E-16,1.));
#10079 = ( GEOMETRIC_REPRESENTATION_CONTEXT(2) 
PARAMETRIC_REPRESENTATION_CONTEXT() REPRESENTATION_CONTEXT('2D SPACE',''
  ) );
#10080 = ORIENTED_EDGE('',*,*,#10081,.F.);
#10081 = EDGE_CURVE('',#10082,#10059,#10084,.T.);
#10082 = VERTEX_POINT('',#10083);
#10083 = CARTESIAN_POINT('',(37.6174,0.,47.4726));
#10084 = SURFACE_CURVE('',#10085,(#10089,#10096),.PCURVE_S1.);
#10085 = LINE('',#10086,#10087);
#10086 = CARTESIAN_POINT('',(37.6174,0.,47.4726));
#10087 = VECTOR('',#10088,1.);
#10088 = DIRECTION('',(0.,1.,0.));
#10089 = PCURVE('',#9945,#10090);
#10090 = DEFINITIONAL_REPRESENTATION('',(#10091),#10095);
#10091 = LINE('',#10092,#10093);
#10092 = CARTESIAN_POINT('',(2.38125,0.));
#10093 = VECTOR('',#10094,1.);
#10094 = DIRECTION('',(0.,-1.));
#10095 = ( GEOMETRIC_REPRESENTATION_CONTEXT(2) 
PARAMETRIC_REPRESENTATION_CONTEXT() REPRESENTATION_CONTEXT('2D SPACE',''
  ) );
#10096 = PCURVE('',#10097,#10102);
#10097 = PLANE('',#10098);
#10098 = AXIS2_PLACEMENT_3D('',#10099,#10100,#10101);
#10099 = CARTESIAN_POINT('',(37.6174,0.,47.4726));
#10100 = DIRECTION('',(-2.22044604925E-16,0.,-1.));
#10101 = DIRECTION('',(1.,0.,-2.22044604925E-16));
#10102 = DEFINITIONAL_REPRESENTATION('',(#10103),#10107);
#10103 = LINE('',#10104,#10105);
#10104 = CARTESIAN_POINT('',(0.,0.));
#10105 = VECTOR('',#10106,1.);
#10106 = DIRECTION('',(0.,-1.));
#10107 = ( GEOMETRIC_REPRESENTATION_CONTEXT(2) 
PARAMETRIC_REPRESENTATION_CONTEXT() REPRESENTATION_CONTEXT('2D SPACE',''
  ) );
#10108 = ORIENTED_EDGE('',*,*,#10109,.F.);
#10109 = EDGE_CURVE('',#9930,#10082,#10110,.T.);
#10110 = SURFACE_CURVE('',#10111,(#10115,#10122),.PCURVE_S1.);
#10111 = LINE('',#10112,#10113);
#10112 = CARTESIAN_POINT('',(37.6174,0.,50.8));
#10113 = VECTOR('',#10114,1.);
#10114 = DIRECTION('',(-2.22044604925E-16,0.,1.));
#10115 = PCURVE('',#9945,#10116);
#10116 = DEFINITIONAL_REPRESENTATION('',(#10117),#10121);
#10117 = LINE('',#10118,#10119);
#10118 = CARTESIAN_POINT('',(5.70865,0.));
#10119 = VECTOR('',#10120,1.);
#10120 = DIRECTION('',(1.,0.));
#10121 = ( GEOMETRIC_REPRESENTATION_CONTEXT(2) 
PARAMETRIC_REPRESENTATION_CONTEXT() REPRESENTATION_CONTEXT('2D SPACE',''
  ) );
#10122 = PCURVE('',#9662,#10123);
#10123 = DEFINITIONAL_REPRESENTATION('',(#10124),#10128);
#10124 = LINE('',#10125,#10126);
#10125 = CARTESIAN_POINT('',(-73.72655621475,-40.15373271001));
#10126 = VECTOR('',#10127,1.);
#10127 = DIRECTION('',(-2.22044604925E-16,1.));
#10128 = ( GEOMETRIC_REPRESENTATION_CONTEXT(2) 
PARAMETRIC_REPRESENTATION_CONTEXT() REPRESENTATION_CONTEXT('2D SPACE',''
  ) );
#10129 = ADVANCED_FACE('',(#10130),#10021,.T.);
#10130 = FACE_BOUND('',#10131,.T.);
#10131 = EDGE_LOOP('',(#10132,#10133,#10156,#10184));
#10132 = ORIENTED_EDGE('',*,*,#10005,.T.);
#10133 = ORIENTED_EDGE('',*,*,#10134,.T.);
#10134 = EDGE_CURVE('',#9983,#10135,#10137,.T.);
#10135 = VERTEX_POINT('',#10136);
#10136 = CARTESIAN_POINT('',(101.6,12.7,203.2));
#10137 = SURFACE_CURVE('',#10138,(#10142,#10149),.PCURVE_S1.);
#10138 = LINE('',#10139,#10140);
#10139 = CARTESIAN_POINT('',(228.6,12.7,127.));
#10140 = VECTOR('',#10141,1.);
#10141 = DIRECTION('',(-0.857492925713,0.,0.514495755428));
#10142 = PCURVE('',#10021,#10143);
#10143 = DEFINITIONAL_REPRESENTATION('',(#10144),#10148);
#10144 = LINE('',#10145,#10146);
#10145 = CARTESIAN_POINT('',(0.,-12.7));
#10146 = VECTOR('',#10147,1.);
#10147 = DIRECTION('',(1.,0.));
#10148 = ( GEOMETRIC_REPRESENTATION_CONTEXT(2) 
PARAMETRIC_REPRESENTATION_CONTEXT() REPRESENTATION_CONTEXT('2D SPACE',''
  ) );
#10149 = PCURVE('',#9608,#10150);
#10150 = DEFINITIONAL_REPRESENTATION('',(#10151),#10155);
#10151 = LINE('',#10152,#10153);
#10152 = CARTESIAN_POINT('',(117.25604378524,36.046267289989));
#10153 = VECTOR('',#10154,1.);
#10154 = DIRECTION('',(-0.857492925713,0.514495755428));
#10155 = ( GEOMETRIC_REPRESENTATION_CONTEXT(2) 
PARAMETRIC_REPRESENTATION_CONTEXT() REPRESENTATION_CONTEXT('2D SPACE',''
  ) );
#10156 = ORIENTED_EDGE('',*,*,#10157,.F.);
#10157 = EDGE_CURVE('',#10158,#10135,#10160,.T.);
#10158 = VERTEX_POINT('',#10159);
#10159 = CARTESIAN_POINT('',(101.6,0.,203.2));
#10160 = SURFACE_CURVE('',#10161,(#10165,#10172),.PCURVE_S1.);
#10161 = LINE('',#10162,#10163);
#10162 = CARTESIAN_POINT('',(101.6,0.,203.2));
#10163 = VECTOR('',#10164,1.);
#10164 = DIRECTION('',(0.,1.,0.));
#10165 = PCURVE('',#10021,#10166);
#10166 = DEFINITIONAL_REPRESENTATION('',(#10167),#10171);
#10167 = LINE('',#10168,#10169);
#10168 = CARTESIAN_POINT('',(148.10617812907,0.));
#10169 = VECTOR('',#10170,1.);
#10170 = DIRECTION('',(0.,-1.));
#10171 = ( GEOMETRIC_REPRESENTATION_CONTEXT(2) 
PARAMETRIC_REPRESENTATION_CONTEXT() REPRESENTATION_CONTEXT('2D SPACE',''
  ) );
#10172 = PCURVE('',#10173,#10178);
#10173 = PLANE('',#10174);
#10174 = AXIS2_PLACEMENT_3D('',#10175,#10176,#10177);
#10175 = CARTESIAN_POINT('',(101.6,0.,203.2));
#10176 = DIRECTION('',(0.,-0.,1.));
#10177 = DIRECTION('',(-1.,0.,0.));
#10178 = DEFINITIONAL_REPRESENTATION('',(#10179),#10183);
#10179 = LINE('',#10180,#10181);
#10180 = CARTESIAN_POINT('',(0.,0.));
#10181 = VECTOR('',#10182,1.);
#10182 = DIRECTION('',(0.,-1.));
#10183 = ( GEOMETRIC_REPRESENTATION_CONTEXT(2) 
PARAMETRIC_REPRESENTATION_CONTEXT() REPRESENTATION_CONTEXT('2D SPACE',''
  ) );
#10184 = ORIENTED_EDGE('',*,*,#10185,.F.);
#10185 = EDGE_CURVE('',#10006,#10158,#10186,.T.);
#10186 = SURFACE_CURVE('',#10187,(#10191,#10198),.PCURVE_S1.);
#10187 = LINE('',#10188,#10189);
#10188 = CARTESIAN_POINT('',(228.6,0.,127.));
#10189 = VECTOR('',#10190,1.);
#10190 = DIRECTION('',(-0.857492925713,0.,0.514495755428));
#10191 = PCURVE('',#10021,#10192);
#10192 = DEFINITIONAL_REPRESENTATION('',(#10193),#10197);
#10193 = LINE('',#10194,#10195);
#10194 = CARTESIAN_POINT('',(0.,0.));
#10195 = VECTOR('',#10196,1.);
#10196 = DIRECTION('',(1.,0.));
#10197 = ( GEOMETRIC_REPRESENTATION_CONTEXT(2) 
PARAMETRIC_REPRESENTATION_CONTEXT() REPRESENTATION_CONTEXT('2D SPACE',''
  ) );
#10198 = PCURVE('',#9662,#10199);
#10199 = DEFINITIONAL_REPRESENTATION('',(#10200),#10204);
#10200 = LINE('',#10201,#10202);
#10201 = CARTESIAN_POINT('',(117.25604378524,36.046267289989));
#10202 = VECTOR('',#10203,1.);
#10203 = DIRECTION('',(-0.857492925713,0.514495755428));
#10204 = ( GEOMETRIC_REPRESENTATION_CONTEXT(2) 
PARAMETRIC_REPRESENTATION_CONTEXT() REPRESENTATION_CONTEXT('2D SPACE',''
  ) );
#10205 = ADVANCED_FACE('',(#10206),#10097,.F.);
#10206 = FACE_BOUND('',#10207,.F.);
#10207 = EDGE_LOOP('',(#10208,#10209,#10232,#10260));
#10208 = ORIENTED_EDGE('',*,*,#10081,.T.);
#10209 = ORIENTED_EDGE('',*,*,#10210,.T.);
#10210 = EDGE_CURVE('',#10059,#10211,#10213,.T.);
#10211 = VERTEX_POINT('',#10212);
#10212 = CARTESIAN_POINT('',(52.3875,12.7,47.4726));
#10213 = SURFACE_CURVE('',#10214,(#10218,#10225),.PCURVE_S1.);
#10214 = LINE('',#10215,#10216);
#10215 = CARTESIAN_POINT('',(32.54375,12.7,47.4726));
#10216 = VECTOR('',#10217,1.);
#10217 = DIRECTION('',(1.,0.,-2.22044604925E-16));
#10218 = PCURVE('',#10097,#10219);
#10219 = DEFINITIONAL_REPRESENTATION('',(#10220),#10224);
#10220 = LINE('',#10221,#10222);
#10221 = CARTESIAN_POINT('',(-5.07365,-12.7));
#10222 = VECTOR('',#10223,1.);
#10223 = DIRECTION('',(1.,0.));
#10224 = ( GEOMETRIC_REPRESENTATION_CONTEXT(2) 
PARAMETRIC_REPRESENTATION_CONTEXT() REPRESENTATION_CONTEXT('2D SPACE',''
  ) );
#10225 = PCURVE('',#9608,#10226);
#10226 = DEFINITIONAL_REPRESENTATION('',(#10227),#10231);
#10227 = LINE('',#10228,#10229);
#10228 = CARTESIAN_POINT('',(-78.80020621475,-43.48113271001));
#10229 = VECTOR('',#10230,1.);
#10230 = DIRECTION('',(1.,-2.22044604925E-16));
#10231 = ( GEOMETRIC_REPRESENTATION_CONTEXT(2) 
PARAMETRIC_REPRESENTATION_CONTEXT() REPRESENTATION_CONTEXT('2D SPACE',''
  ) );
#10232 = ORIENTED_EDGE('',*,*,#10233,.F.);
#10233 = EDGE_CURVE('',#10234,#10211,#10236,.T.);
#10234 = VERTEX_POINT('',#10235);
#10235 = CARTESIAN_POINT('',(52.3875,0.,47.4726));
#10236 = SURFACE_CURVE('',#10237,(#10241,#10248),.PCURVE_S1.);
#10237 = LINE('',#10238,#10239);
#10238 = CARTESIAN_POINT('',(52.3875,0.,47.4726));
#10239 = VECTOR('',#10240,1.);
#10240 = DIRECTION('',(0.,1.,0.));
#10241 = PCURVE('',#10097,#10242);
#10242 = DEFINITIONAL_REPRESENTATION('',(#10243),#10247);
#10243 = LINE('',#10244,#10245);
#10244 = CARTESIAN_POINT('',(14.7701,0.));
#10245 = VECTOR('',#10246,1.);
#10246 = DIRECTION('',(0.,-1.));
#10247 = ( GEOMETRIC_REPRESENTATION_CONTEXT(2) 
PARAMETRIC_REPRESENTATION_CONTEXT() REPRESENTATION_CONTEXT('2D SPACE',''
  ) );
#10248 = PCURVE('',#10249,#10254);
#10249 = PLANE('',#10250);
#10250 = AXIS2_PLACEMENT_3D('',#10251,#10252,#10253);
#10251 = CARTESIAN_POINT('',(52.3875,0.,47.4726));
#10252 = DIRECTION('',(1.,-0.,2.22044604925E-16));
#10253 = DIRECTION('',(-2.22044604925E-16,0.,1.));
#10254 = DEFINITIONAL_REPRESENTATION('',(#10255),#10259);
#10255 = LINE('',#10256,#10257);
#10256 = CARTESIAN_POINT('',(7.105427357601E-15,0.));
#10257 = VECTOR('',#10258,1.);
#10258 = DIRECTION('',(0.,-1.));
#10259 = ( GEOMETRIC_REPRESENTATION_CONTEXT(2) 
PARAMETRIC_REPRESENTATION_CONTEXT() REPRESENTATION_CONTEXT('2D SPACE',''
  ) );
#10260 = ORIENTED_EDGE('',*,*,#10261,.F.);
#10261 = EDGE_CURVE('',#10082,#10234,#10262,.T.);
#10262 = SURFACE_CURVE('',#10263,(#10267,#10274),.PCURVE_S1.);
#10263 = LINE('',#10264,#10265);
#10264 = CARTESIAN_POINT('',(32.54375,0.,47.4726));
#10265 = VECTOR('',#10266,1.);
#10266 = DIRECTION('',(1.,0.,-2.22044604925E-16));
#10267 = PCURVE('',#10097,#10268);
#10268 = DEFINITIONAL_REPRESENTATION('',(#10269),#10273);
#10269 = LINE('',#10270,#10271);
#10270 = CARTESIAN_POINT('',(-5.07365,-0.));
#10271 = VECTOR('',#10272,1.);
#10272 = DIRECTION('',(1.,0.));
#10273 = ( GEOMETRIC_REPRESENTATION_CONTEXT(2) 
PARAMETRIC_REPRESENTATION_CONTEXT() REPRESENTATION_CONTEXT('2D SPACE',''
  ) );
#10274 = PCURVE('',#9662,#10275);
#10275 = DEFINITIONAL_REPRESENTATION('',(#10276),#10280);
#10276 = LINE('',#10277,#10278);
#10277 = CARTESIAN_POINT('',(-78.80020621475,-43.48113271001));
#10278 = VECTOR('',#10279,1.);
#10279 = DIRECTION('',(1.,-2.22044604925E-16));
#10280 = ( GEOMETRIC_REPRESENTATION_CONTEXT(2) 
PARAMETRIC_REPRESENTATION_CONTEXT() REPRESENTATION_CONTEXT('2D SPACE',''
  ) );
#10281 = ADVANCED_FACE('',(#10282),#10173,.T.);
#10282 = FACE_BOUND('',#10283,.T.);
#10283 = EDGE_LOOP('',(#10284,#10285,#10308,#10336));
#10284 = ORIENTED_EDGE('',*,*,#10157,.T.);
#10285 = ORIENTED_EDGE('',*,*,#10286,.T.);
#10286 = EDGE_CURVE('',#10135,#10287,#10289,.T.);
#10287 = VERTEX_POINT('',#10288);
#10288 = CARTESIAN_POINT('',(12.7,12.7,203.2));
#10289 = SURFACE_CURVE('',#10290,(#10294,#10301),.PCURVE_S1.);
#10290 = LINE('',#10291,#10292);
#10291 = CARTESIAN_POINT('',(101.6,12.7,203.2));
#10292 = VECTOR('',#10293,1.);
#10293 = DIRECTION('',(-1.,0.,0.));
#10294 = PCURVE('',#10173,#10295);
#10295 = DEFINITIONAL_REPRESENTATION('',(#10296),#10300);
#10296 = LINE('',#10297,#10298);
#10297 = CARTESIAN_POINT('',(0.,-12.7));
#10298 = VECTOR('',#10299,1.);
#10299 = DIRECTION('',(1.,0.));
#10300 = ( GEOMETRIC_REPRESENTATION_CONTEXT(2) 
PARAMETRIC_REPRESENTATION_CONTEXT() REPRESENTATION_CONTEXT('2D SPACE',''
  ) );
#10301 = PCURVE('',#9608,#10302);
#10302 = DEFINITIONAL_REPRESENTATION('',(#10303),#10307);
#10303 = LINE('',#10304,#10305);
#10304 = CARTESIAN_POINT('',(-9.743956214758,112.24626728998));
#10305 = VECTOR('',#10306,1.);
#10306 = DIRECTION('',(-1.,0.));
#10307 = ( GEOMETRIC_REPRESENTATION_CONTEXT(2) 
PARAMETRIC_REPRESENTATION_CONTEXT() REPRESENTATION_CONTEXT('2D SPACE',''
  ) );
#10308 = ORIENTED_EDGE('',*,*,#10309,.F.);
#10309 = EDGE_CURVE('',#10310,#10287,#10312,.T.);
#10310 = VERTEX_POINT('',#10311);
#10311 = CARTESIAN_POINT('',(12.7,0.,203.2));
#10312 = SURFACE_CURVE('',#10313,(#10317,#10324),.PCURVE_S1.);
#10313 = LINE('',#10314,#10315);
#10314 = CARTESIAN_POINT('',(12.7,0.,203.2));
#10315 = VECTOR('',#10316,1.);
#10316 = DIRECTION('',(0.,1.,0.));
#10317 = PCURVE('',#10173,#10318);
#10318 = DEFINITIONAL_REPRESENTATION('',(#10319),#10323);
#10319 = LINE('',#10320,#10321);
#10320 = CARTESIAN_POINT('',(88.9,0.));
#10321 = VECTOR('',#10322,1.);
#10322 = DIRECTION('',(0.,-1.));
#10323 = ( GEOMETRIC_REPRESENTATION_CONTEXT(2) 
PARAMETRIC_REPRESENTATION_CONTEXT() REPRESENTATION_CONTEXT('2D SPACE',''
  ) );
#10324 = PCURVE('',#10325,#10330);
#10325 = PLANE('',#10326);
#10326 = AXIS2_PLACEMENT_3D('',#10327,#10328,#10329);
#10327 = CARTESIAN_POINT('',(12.7,0.,203.2));
#10328 = DIRECTION('',(-1.,0.,0.));
#10329 = DIRECTION('',(0.,0.,-1.));
#10330 = DEFINITIONAL_REPRESENTATION('',(#10331),#10335);
#10331 = LINE('',#10332,#10333);
#10332 = CARTESIAN_POINT('',(0.,-0.));
#10333 = VECTOR('',#10334,1.);
#10334 = DIRECTION('',(0.,-1.));
#10335 = ( GEOMETRIC_REPRESENTATION_CONTEXT(2) 
PARAMETRIC_REPRESENTATION_CONTEXT() REPRESENTATION_CONTEXT('2D SPACE',''
  ) );
#10336 = ORIENTED_EDGE('',*,*,#10337,.F.);
#10337 = EDGE_CURVE('',#10158,#10310,#10338,.T.);
#10338 = SURFACE_CURVE('',#10339,(#10343,#10350),.PCURVE_S1.);
#10339 = LINE('',#10340,#10341);
#10340 = CARTESIAN_POINT('',(101.6,0.,203.2));
#10341 = VECTOR('',#10342,1.);
#10342 = DIRECTION('',(-1.,0.,0.));
#10343 = PCURVE('',#10173,#10344);
#10344 = DEFINITIONAL_REPRESENTATION('',(#10345),#10349);
#10345 = LINE('',#10346,#10347);
#10346 = CARTESIAN_POINT('',(0.,0.));
#10347 = VECTOR('',#10348,1.);
#10348 = DIRECTION('',(1.,0.));
#10349 = ( GEOMETRIC_REPRESENTATION_CONTEXT(2) 
PARAMETRIC_REPRESENTATION_CONTEXT() REPRESENTATION_CONTEXT('2D SPACE',''
  ) );
#10350 = PCURVE('',#9662,#10351);
#10351 = DEFINITIONAL_REPRESENTATION('',(#10352),#10356);
#10352 = LINE('',#10353,#10354);
#10353 = CARTESIAN_POINT('',(-9.743956214758,112.24626728998));
#10354 = VECTOR('',#10355,1.);
#10355 = DIRECTION('',(-1.,0.));
#10356 = ( GEOMETRIC_REPRESENTATION_CONTEXT(2) 
PARAMETRIC_REPRESENTATION_CONTEXT() REPRESENTATION_CONTEXT('2D SPACE',''
  ) );
#10357 = ADVANCED_FACE('',(#10358),#10249,.F.);
#10358 = FACE_BOUND('',#10359,.F.);
#10359 = EDGE_LOOP('',(#10360,#10361,#10384,#10412));
#10360 = ORIENTED_EDGE('',*,*,#10233,.T.);
#10361 = ORIENTED_EDGE('',*,*,#10362,.T.);
#10362 = EDGE_CURVE('',#10211,#10363,#10365,.T.);
#10363 = VERTEX_POINT('',#10364);
#10364 = CARTESIAN_POINT('',(52.3875,12.7,54.1274));
#10365 = SURFACE_CURVE('',#10366,(#10370,#10377),.PCURVE_S1.);
#10366 = LINE('',#10367,#10368);
#10367 = CARTESIAN_POINT('',(52.3875,12.7,50.8));
#10368 = VECTOR('',#10369,1.);
#10369 = DIRECTION('',(-2.22044604925E-16,0.,1.));
#10370 = PCURVE('',#10249,#10371);
#10371 = DEFINITIONAL_REPRESENTATION('',(#10372),#10376);
#10372 = LINE('',#10373,#10374);
#10373 = CARTESIAN_POINT('',(3.3274,-12.7));
#10374 = VECTOR('',#10375,1.);
#10375 = DIRECTION('',(1.,0.));
#10376 = ( GEOMETRIC_REPRESENTATION_CONTEXT(2) 
PARAMETRIC_REPRESENTATION_CONTEXT() REPRESENTATION_CONTEXT('2D SPACE',''
  ) );
#10377 = PCURVE('',#9608,#10378);
#10378 = DEFINITIONAL_REPRESENTATION('',(#10379),#10383);
#10379 = LINE('',#10380,#10381);
#10380 = CARTESIAN_POINT('',(-58.95645621475,-40.15373271001));
#10381 = VECTOR('',#10382,1.);
#10382 = DIRECTION('',(-2.22044604925E-16,1.));
#10383 = ( GEOMETRIC_REPRESENTATION_CONTEXT(2) 
PARAMETRIC_REPRESENTATION_CONTEXT() REPRESENTATION_CONTEXT('2D SPACE',''
  ) );
#10384 = ORIENTED_EDGE('',*,*,#10385,.F.);
#10385 = EDGE_CURVE('',#10386,#10363,#10388,.T.);
#10386 = VERTEX_POINT('',#10387);
#10387 = CARTESIAN_POINT('',(52.3875,0.,54.1274));
#10388 = SURFACE_CURVE('',#10389,(#10393,#10400),.PCURVE_S1.);
#10389 = LINE('',#10390,#10391);
#10390 = CARTESIAN_POINT('',(52.3875,0.,54.1274));
#10391 = VECTOR('',#10392,1.);
#10392 = DIRECTION('',(0.,1.,0.));
#10393 = PCURVE('',#10249,#10394);
#10394 = DEFINITIONAL_REPRESENTATION('',(#10395),#10399);
#10395 = LINE('',#10396,#10397);
#10396 = CARTESIAN_POINT('',(6.6548,0.));
#10397 = VECTOR('',#10398,1.);
#10398 = DIRECTION('',(0.,-1.));
#10399 = ( GEOMETRIC_REPRESENTATION_CONTEXT(2) 
PARAMETRIC_REPRESENTATION_CONTEXT() REPRESENTATION_CONTEXT('2D SPACE',''
  ) );
#10400 = PCURVE('',#10401,#10406);
#10401 = PLANE('',#10402);
#10402 = AXIS2_PLACEMENT_3D('',#10403,#10404,#10405);
#10403 = CARTESIAN_POINT('',(37.6174,0.,54.1274));
#10404 = DIRECTION('',(-2.22044604925E-16,0.,-1.));
#10405 = DIRECTION('',(1.,0.,-2.22044604925E-16));
#10406 = DEFINITIONAL_REPRESENTATION('',(#10407),#10411);
#10407 = LINE('',#10408,#10409);
#10408 = CARTESIAN_POINT('',(14.7701,0.));
#10409 = VECTOR('',#10410,1.);
#10410 = DIRECTION('',(0.,-1.));
#10411 = ( GEOMETRIC_REPRESENTATION_CONTEXT(2) 
PARAMETRIC_REPRESENTATION_CONTEXT() REPRESENTATION_CONTEXT('2D SPACE',''
  ) );
#10412 = ORIENTED_EDGE('',*,*,#10413,.F.);
#10413 = EDGE_CURVE('',#10234,#10386,#10414,.T.);
#10414 = SURFACE_CURVE('',#10415,(#10419,#10426),.PCURVE_S1.);
#10415 = LINE('',#10416,#10417);
#10416 = CARTESIAN_POINT('',(52.3875,0.,50.8));
#10417 = VECTOR('',#10418,1.);
#10418 = DIRECTION('',(-2.22044604925E-16,0.,1.));
#10419 = PCURVE('',#10249,#10420);
#10420 = DEFINITIONAL_REPRESENTATION('',(#10421),#10425);
#10421 = LINE('',#10422,#10423);
#10422 = CARTESIAN_POINT('',(3.3274,0.));
#10423 = VECTOR('',#10424,1.);
#10424 = DIRECTION('',(1.,0.));
#10425 = ( GEOMETRIC_REPRESENTATION_CONTEXT(2) 
PARAMETRIC_REPRESENTATION_CONTEXT() REPRESENTATION_CONTEXT('2D SPACE',''
  ) );
#10426 = PCURVE('',#9662,#10427);
#10427 = DEFINITIONAL_REPRESENTATION('',(#10428),#10432);
#10428 = LINE('',#10429,#10430);
#10429 = CARTESIAN_POINT('',(-58.95645621475,-40.15373271001));
#10430 = VECTOR('',#10431,1.);
#10431 = DIRECTION('',(-2.22044604925E-16,1.));
#10432 = ( GEOMETRIC_REPRESENTATION_CONTEXT(2) 
PARAMETRIC_REPRESENTATION_CONTEXT() REPRESENTATION_CONTEXT('2D SPACE',''
  ) );
#10433 = ADVANCED_FACE('',(#10434),#10325,.T.);
#10434 = FACE_BOUND('',#10435,.T.);
#10435 = EDGE_LOOP('',(#10436,#10437,#10460,#10488));
#10436 = ORIENTED_EDGE('',*,*,#10309,.T.);
#10437 = ORIENTED_EDGE('',*,*,#10438,.T.);
#10438 = EDGE_CURVE('',#10287,#10439,#10441,.T.);
#10439 = VERTEX_POINT('',#10440);
#10440 = CARTESIAN_POINT('',(12.7,12.7,168.4274));
#10441 = SURFACE_CURVE('',#10442,(#10446,#10453),.PCURVE_S1.);
#10442 = LINE('',#10443,#10444);
#10443 = CARTESIAN_POINT('',(12.7,12.7,203.2));
#10444 = VECTOR('',#10445,1.);
#10445 = DIRECTION('',(0.,0.,-1.));
#10446 = PCURVE('',#10325,#10447);
#10447 = DEFINITIONAL_REPRESENTATION('',(#10448),#10452);
#10448 = LINE('',#10449,#10450);
#10449 = CARTESIAN_POINT('',(0.,-12.7));
#10450 = VECTOR('',#10451,1.);
#10451 = DIRECTION('',(1.,0.));
#10452 = ( GEOMETRIC_REPRESENTATION_CONTEXT(2) 
PARAMETRIC_REPRESENTATION_CONTEXT() REPRESENTATION_CONTEXT('2D SPACE',''
  ) );
#10453 = PCURVE('',#9608,#10454);
#10454 = DEFINITIONAL_REPRESENTATION('',(#10455),#10459);
#10455 = LINE('',#10456,#10457);
#10456 = CARTESIAN_POINT('',(-98.64395621475,112.24626728998));
#10457 = VECTOR('',#10458,1.);
#10458 = DIRECTION('',(0.,-1.));
#10459 = ( GEOMETRIC_REPRESENTATION_CONTEXT(2) 
PARAMETRIC_REPRESENTATION_CONTEXT() REPRESENTATION_CONTEXT('2D SPACE',''
  ) );
#10460 = ORIENTED_EDGE('',*,*,#10461,.F.);
#10461 = EDGE_CURVE('',#10462,#10439,#10464,.T.);
#10462 = VERTEX_POINT('',#10463);
#10463 = CARTESIAN_POINT('',(12.7,0.,168.4274));
#10464 = SURFACE_CURVE('',#10465,(#10469,#10476),.PCURVE_S1.);
#10465 = LINE('',#10466,#10467);
#10466 = CARTESIAN_POINT('',(12.7,0.,168.4274));
#10467 = VECTOR('',#10468,1.);
#10468 = DIRECTION('',(0.,1.,0.));
#10469 = PCURVE('',#10325,#10470);
#10470 = DEFINITIONAL_REPRESENTATION('',(#10471),#10475);
#10471 = LINE('',#10472,#10473);
#10472 = CARTESIAN_POINT('',(34.7726,0.));
#10473 = VECTOR('',#10474,1.);
#10474 = DIRECTION('',(0.,-1.));
#10475 = ( GEOMETRIC_REPRESENTATION_CONTEXT(2) 
PARAMETRIC_REPRESENTATION_CONTEXT() REPRESENTATION_CONTEXT('2D SPACE',''
  ) );
#10476 = PCURVE('',#10477,#10482);
#10477 = PLANE('',#10478);
#10478 = AXIS2_PLACEMENT_3D('',#10479,#10480,#10481);
#10479 = CARTESIAN_POINT('',(12.7,0.,168.4274));
#10480 = DIRECTION('',(-2.22044604925E-16,0.,-1.));
#10481 = DIRECTION('',(1.,0.,-2.22044604925E-16));
#10482 = DEFINITIONAL_REPRESENTATION('',(#10483),#10487);
#10483 = LINE('',#10484,#10485);
#10484 = CARTESIAN_POINT('',(8.881784197001E-15,0.));
#10485 = VECTOR('',#10486,1.);
#10486 = DIRECTION('',(0.,-1.));
#10487 = ( GEOMETRIC_REPRESENTATION_CONTEXT(2) 
PARAMETRIC_REPRESENTATION_CONTEXT() REPRESENTATION_CONTEXT('2D SPACE',''
  ) );
#10488 = ORIENTED_EDGE('',*,*,#10489,.F.);
#10489 = EDGE_CURVE('',#10310,#10462,#10490,.T.);
#10490 = SURFACE_CURVE('',#10491,(#10495,#10502),.PCURVE_S1.);
#10491 = LINE('',#10492,#10493);
#10492 = CARTESIAN_POINT('',(12.7,0.,203.2));
#10493 = VECTOR('',#10494,1.);
#10494 = DIRECTION('',(0.,0.,-1.));
#10495 = PCURVE('',#10325,#10496);
#10496 = DEFINITIONAL_REPRESENTATION('',(#10497),#10501);
#10497 = LINE('',#10498,#10499);
#10498 = CARTESIAN_POINT('',(0.,-0.));
#10499 = VECTOR('',#10500,1.);
#10500 = DIRECTION('',(1.,0.));
#10501 = ( GEOMETRIC_REPRESENTATION_CONTEXT(2) 
PARAMETRIC_REPRESENTATION_CONTEXT() REPRESENTATION_CONTEXT('2D SPACE',''
  ) );
#10502 = PCURVE('',#9662,#10503);
#10503 = DEFINITIONAL_REPRESENTATION('',(#10504),#10508);
#10504 = LINE('',#10505,#10506);
#10505 = CARTESIAN_POINT('',(-98.64395621475,112.24626728998));
#10506 = VECTOR('',#10507,1.);
#10507 = DIRECTION('',(0.,-1.));
#10508 = ( GEOMETRIC_REPRESENTATION_CONTEXT(2) 
PARAMETRIC_REPRESENTATION_CONTEXT() REPRESENTATION_CONTEXT('2D SPACE',''
  ) );
#10509 = ADVANCED_FACE('',(#10510),#10401,.T.);
#10510 = FACE_BOUND('',#10511,.T.);
#10511 = EDGE_LOOP('',(#10512,#10542,#10563,#10564));
#10512 = ORIENTED_EDGE('',*,*,#10513,.T.);
#10513 = EDGE_CURVE('',#10514,#10516,#10518,.T.);
#10514 = VERTEX_POINT('',#10515);
#10515 = CARTESIAN_POINT('',(37.6174,0.,54.1274));
#10516 = VERTEX_POINT('',#10517);
#10517 = CARTESIAN_POINT('',(37.6174,12.7,54.1274));
#10518 = SURFACE_CURVE('',#10519,(#10523,#10530),.PCURVE_S1.);
#10519 = LINE('',#10520,#10521);
#10520 = CARTESIAN_POINT('',(37.6174,0.,54.1274));
#10521 = VECTOR('',#10522,1.);
#10522 = DIRECTION('',(0.,1.,0.));
#10523 = PCURVE('',#10401,#10524);
#10524 = DEFINITIONAL_REPRESENTATION('',(#10525),#10529);
#10525 = LINE('',#10526,#10527);
#10526 = CARTESIAN_POINT('',(0.,0.));
#10527 = VECTOR('',#10528,1.);
#10528 = DIRECTION('',(0.,-1.));
#10529 = ( GEOMETRIC_REPRESENTATION_CONTEXT(2) 
PARAMETRIC_REPRESENTATION_CONTEXT() REPRESENTATION_CONTEXT('2D SPACE',''
  ) );
#10530 = PCURVE('',#10531,#10536);
#10531 = PLANE('',#10532);
#10532 = AXIS2_PLACEMENT_3D('',#10533,#10534,#10535);
#10533 = CARTESIAN_POINT('',(37.6174,0.,54.1274));
#10534 = DIRECTION('',(1.,-0.,2.22044604925E-16));
#10535 = DIRECTION('',(-2.22044604925E-16,0.,1.));
#10536 = DEFINITIONAL_REPRESENTATION('',(#10537),#10541);
#10537 = LINE('',#10538,#10539);
#10538 = CARTESIAN_POINT('',(0.,0.));
#10539 = VECTOR('',#10540,1.);
#10540 = DIRECTION('',(0.,-1.));
#10541 = ( GEOMETRIC_REPRESENTATION_CONTEXT(2) 
PARAMETRIC_REPRESENTATION_CONTEXT() REPRESENTATION_CONTEXT('2D SPACE',''
  ) );
#10542 = ORIENTED_EDGE('',*,*,#10543,.T.);
#10543 = EDGE_CURVE('',#10516,#10363,#10544,.T.);
#10544 = SURFACE_CURVE('',#10545,(#10549,#10556),.PCURVE_S1.);
#10545 = LINE('',#10546,#10547);
#10546 = CARTESIAN_POINT('',(32.54375,12.7,54.1274));
#10547 = VECTOR('',#10548,1.);
#10548 = DIRECTION('',(1.,0.,-2.22044604925E-16));
#10549 = PCURVE('',#10401,#10550);
#10550 = DEFINITIONAL_REPRESENTATION('',(#10551),#10555);
#10551 = LINE('',#10552,#10553);
#10552 = CARTESIAN_POINT('',(-5.07365,-12.7));
#10553 = VECTOR('',#10554,1.);
#10554 = DIRECTION('',(1.,0.));
#10555 = ( GEOMETRIC_REPRESENTATION_CONTEXT(2) 
PARAMETRIC_REPRESENTATION_CONTEXT() REPRESENTATION_CONTEXT('2D SPACE',''
  ) );
#10556 = PCURVE('',#9608,#10557);
#10557 = DEFINITIONAL_REPRESENTATION('',(#10558),#10562);
#10558 = LINE('',#10559,#10560);
#10559 = CARTESIAN_POINT('',(-78.80020621475,-36.82633271001));
#10560 = VECTOR('',#10561,1.);
#10561 = DIRECTION('',(1.,-2.22044604925E-16));
#10562 = ( GEOMETRIC_REPRESENTATION_CONTEXT(2) 
PARAMETRIC_REPRESENTATION_CONTEXT() REPRESENTATION_CONTEXT('2D SPACE',''
  ) );
#10563 = ORIENTED_EDGE('',*,*,#10385,.F.);
#10564 = ORIENTED_EDGE('',*,*,#10565,.F.);
#10565 = EDGE_CURVE('',#10514,#10386,#10566,.T.);
#10566 = SURFACE_CURVE('',#10567,(#10571,#10578),.PCURVE_S1.);
#10567 = LINE('',#10568,#10569);
#10568 = CARTESIAN_POINT('',(32.54375,0.,54.1274));
#10569 = VECTOR('',#10570,1.);
#10570 = DIRECTION('',(1.,0.,-2.22044604925E-16));
#10571 = PCURVE('',#10401,#10572);
#10572 = DEFINITIONAL_REPRESENTATION('',(#10573),#10577);
#10573 = LINE('',#10574,#10575);
#10574 = CARTESIAN_POINT('',(-5.07365,-0.));
#10575 = VECTOR('',#10576,1.);
#10576 = DIRECTION('',(1.,0.));
#10577 = ( GEOMETRIC_REPRESENTATION_CONTEXT(2) 
PARAMETRIC_REPRESENTATION_CONTEXT() REPRESENTATION_CONTEXT('2D SPACE',''
  ) );
#10578 = PCURVE('',#9662,#10579);
#10579 = DEFINITIONAL_REPRESENTATION('',(#10580),#10584);
#10580 = LINE('',#10581,#10582);
#10581 = CARTESIAN_POINT('',(-78.80020621475,-36.82633271001));
#10582 = VECTOR('',#10583,1.);
#10583 = DIRECTION('',(1.,-2.22044604925E-16));
#10584 = ( GEOMETRIC_REPRESENTATION_CONTEXT(2) 
PARAMETRIC_REPRESENTATION_CONTEXT() REPRESENTATION_CONTEXT('2D SPACE',''
  ) );
#10585 = ADVANCED_FACE('',(#10586),#10477,.T.);
#10586 = FACE_BOUND('',#10587,.T.);
#10587 = EDGE_LOOP('',(#10588,#10589,#10612,#10640));
#10588 = ORIENTED_EDGE('',*,*,#10461,.T.);
#10589 = ORIENTED_EDGE('',*,*,#10590,.T.);
#10590 = EDGE_CURVE('',#10439,#10591,#10593,.T.);
#10591 = VERTEX_POINT('',#10592);
#10592 = CARTESIAN_POINT('',(31.75,12.7,168.4274));
#10593 = SURFACE_CURVE('',#10594,(#10598,#10605),.PCURVE_S1.);
#10594 = LINE('',#10595,#10596);
#10595 = CARTESIAN_POINT('',(32.54375,12.7,168.4274));
#10596 = VECTOR('',#10597,1.);
#10597 = DIRECTION('',(1.,0.,-2.22044604925E-16));
#10598 = PCURVE('',#10477,#10599);
#10599 = DEFINITIONAL_REPRESENTATION('',(#10600),#10604);
#10600 = LINE('',#10601,#10602);
#10601 = CARTESIAN_POINT('',(19.84375,-12.7));
#10602 = VECTOR('',#10603,1.);
#10603 = DIRECTION('',(1.,0.));
#10604 = ( GEOMETRIC_REPRESENTATION_CONTEXT(2) 
PARAMETRIC_REPRESENTATION_CONTEXT() REPRESENTATION_CONTEXT('2D SPACE',''
  ) );
#10605 = PCURVE('',#9608,#10606);
#10606 = DEFINITIONAL_REPRESENTATION('',(#10607),#10611);
#10607 = LINE('',#10608,#10609);
#10608 = CARTESIAN_POINT('',(-78.80020621475,77.473667289989));
#10609 = VECTOR('',#10610,1.);
#10610 = DIRECTION('',(1.,-2.22044604925E-16));
#10611 = ( GEOMETRIC_REPRESENTATION_CONTEXT(2) 
PARAMETRIC_REPRESENTATION_CONTEXT() REPRESENTATION_CONTEXT('2D SPACE',''
  ) );
#10612 = ORIENTED_EDGE('',*,*,#10613,.F.);
#10613 = EDGE_CURVE('',#10614,#10591,#10616,.T.);
#10614 = VERTEX_POINT('',#10615);
#10615 = CARTESIAN_POINT('',(31.75,0.,168.4274));
#10616 = SURFACE_CURVE('',#10617,(#10621,#10628),.PCURVE_S1.);
#10617 = LINE('',#10618,#10619);
#10618 = CARTESIAN_POINT('',(31.75,0.,168.4274));
#10619 = VECTOR('',#10620,1.);
#10620 = DIRECTION('',(0.,1.,0.));
#10621 = PCURVE('',#10477,#10622);
#10622 = DEFINITIONAL_REPRESENTATION('',(#10623),#10627);
#10623 = LINE('',#10624,#10625);
#10624 = CARTESIAN_POINT('',(19.05,0.));
#10625 = VECTOR('',#10626,1.);
#10626 = DIRECTION('',(0.,-1.));
#10627 = ( GEOMETRIC_REPRESENTATION_CONTEXT(2) 
PARAMETRIC_REPRESENTATION_CONTEXT() REPRESENTATION_CONTEXT('2D SPACE',''
  ) );
#10628 = PCURVE('',#10629,#10634);
#10629 = PLANE('',#10630);
#10630 = AXIS2_PLACEMENT_3D('',#10631,#10632,#10633);
#10631 = CARTESIAN_POINT('',(31.75,0.,168.4274));
#10632 = DIRECTION('',(1.,-0.,2.22044604925E-16));
#10633 = DIRECTION('',(-2.22044604925E-16,0.,1.));
#10634 = DEFINITIONAL_REPRESENTATION('',(#10635),#10639);
#10635 = LINE('',#10636,#10637);
#10636 = CARTESIAN_POINT('',(0.,0.));
#10637 = VECTOR('',#10638,1.);
#10638 = DIRECTION('',(0.,-1.));
#10639 = ( GEOMETRIC_REPRESENTATION_CONTEXT(2) 
PARAMETRIC_REPRESENTATION_CONTEXT() REPRESENTATION_CONTEXT('2D SPACE',''
  ) );
#10640 = ORIENTED_EDGE('',*,*,#10641,.F.);
#10641 = EDGE_CURVE('',#10462,#10614,#10642,.T.);
#10642 = SURFACE_CURVE('',#10643,(#10647,#10654),.PCURVE_S1.);
#10643 = LINE('',#10644,#10645);
#10644 = CARTESIAN_POINT('',(32.54375,0.,168.4274));
#10645 = VECTOR('',#10646,1.);
#10646 = DIRECTION('',(1.,0.,-2.22044604925E-16));
#10647 = PCURVE('',#10477,#10648);
#10648 = DEFINITIONAL_REPRESENTATION('',(#10649),#10653);
#10649 = LINE('',#10650,#10651);
#10650 = CARTESIAN_POINT('',(19.84375,0.));
#10651 = VECTOR('',#10652,1.);
#10652 = DIRECTION('',(1.,0.));
#10653 = ( GEOMETRIC_REPRESENTATION_CONTEXT(2) 
PARAMETRIC_REPRESENTATION_CONTEXT() REPRESENTATION_CONTEXT('2D SPACE',''
  ) );
#10654 = PCURVE('',#9662,#10655);
#10655 = DEFINITIONAL_REPRESENTATION('',(#10656),#10660);
#10656 = LINE('',#10657,#10658);
#10657 = CARTESIAN_POINT('',(-78.80020621475,77.473667289989));
#10658 = VECTOR('',#10659,1.);
#10659 = DIRECTION('',(1.,-2.22044604925E-16));
#10660 = ( GEOMETRIC_REPRESENTATION_CONTEXT(2) 
PARAMETRIC_REPRESENTATION_CONTEXT() REPRESENTATION_CONTEXT('2D SPACE',''
  ) );
#10661 = ADVANCED_FACE('',(#10662),#10531,.F.);
#10662 = FACE_BOUND('',#10663,.F.);
#10663 = EDGE_LOOP('',(#10664,#10665,#10688,#10716));
#10664 = ORIENTED_EDGE('',*,*,#10513,.T.);
#10665 = ORIENTED_EDGE('',*,*,#10666,.T.);
#10666 = EDGE_CURVE('',#10516,#10667,#10669,.T.);
#10667 = VERTEX_POINT('',#10668);
#10668 = CARTESIAN_POINT('',(37.6174,12.7,56.50865));
#10669 = SURFACE_CURVE('',#10670,(#10674,#10681),.PCURVE_S1.);
#10670 = LINE('',#10671,#10672);
#10671 = CARTESIAN_POINT('',(37.6174,12.7,50.8));
#10672 = VECTOR('',#10673,1.);
#10673 = DIRECTION('',(-2.22044604925E-16,0.,1.));
#10674 = PCURVE('',#10531,#10675);
#10675 = DEFINITIONAL_REPRESENTATION('',(#10676),#10680);
#10676 = LINE('',#10677,#10678);
#10677 = CARTESIAN_POINT('',(-3.3274,-12.7));
#10678 = VECTOR('',#10679,1.);
#10679 = DIRECTION('',(1.,0.));
#10680 = ( GEOMETRIC_REPRESENTATION_CONTEXT(2) 
PARAMETRIC_REPRESENTATION_CONTEXT() REPRESENTATION_CONTEXT('2D SPACE',''
  ) );
#10681 = PCURVE('',#9608,#10682);
#10682 = DEFINITIONAL_REPRESENTATION('',(#10683),#10687);
#10683 = LINE('',#10684,#10685);
#10684 = CARTESIAN_POINT('',(-73.72655621475,-40.15373271001));
#10685 = VECTOR('',#10686,1.);
#10686 = DIRECTION('',(-2.22044604925E-16,1.));
#10687 = ( GEOMETRIC_REPRESENTATION_CONTEXT(2) 
PARAMETRIC_REPRESENTATION_CONTEXT() REPRESENTATION_CONTEXT('2D SPACE',''
  ) );
#10688 = ORIENTED_EDGE('',*,*,#10689,.F.);
#10689 = EDGE_CURVE('',#10690,#10667,#10692,.T.);
#10690 = VERTEX_POINT('',#10691);
#10691 = CARTESIAN_POINT('',(37.6174,0.,56.50865));
#10692 = SURFACE_CURVE('',#10693,(#10697,#10704),.PCURVE_S1.);
#10693 = LINE('',#10694,#10695);
#10694 = CARTESIAN_POINT('',(37.6174,0.,56.50865));
#10695 = VECTOR('',#10696,1.);
#10696 = DIRECTION('',(0.,1.,0.));
#10697 = PCURVE('',#10531,#10698);
#10698 = DEFINITIONAL_REPRESENTATION('',(#10699),#10703);
#10699 = LINE('',#10700,#10701);
#10700 = CARTESIAN_POINT('',(2.38125,0.));
#10701 = VECTOR('',#10702,1.);
#10702 = DIRECTION('',(0.,-1.));
#10703 = ( GEOMETRIC_REPRESENTATION_CONTEXT(2) 
PARAMETRIC_REPRESENTATION_CONTEXT() REPRESENTATION_CONTEXT('2D SPACE',''
  ) );
#10704 = PCURVE('',#10705,#10710);
#10705 = PLANE('',#10706);
#10706 = AXIS2_PLACEMENT_3D('',#10707,#10708,#10709);
#10707 = CARTESIAN_POINT('',(31.75,0.,56.50865));
#10708 = DIRECTION('',(-2.22044604925E-16,0.,-1.));
#10709 = DIRECTION('',(1.,0.,-2.22044604925E-16));
#10710 = DEFINITIONAL_REPRESENTATION('',(#10711),#10715);
#10711 = LINE('',#10712,#10713);
#10712 = CARTESIAN_POINT('',(5.8674,0.));
#10713 = VECTOR('',#10714,1.);
#10714 = DIRECTION('',(0.,-1.));
#10715 = ( GEOMETRIC_REPRESENTATION_CONTEXT(2) 
PARAMETRIC_REPRESENTATION_CONTEXT() REPRESENTATION_CONTEXT('2D SPACE',''
  ) );
#10716 = ORIENTED_EDGE('',*,*,#10717,.F.);
#10717 = EDGE_CURVE('',#10514,#10690,#10718,.T.);
#10718 = SURFACE_CURVE('',#10719,(#10723,#10730),.PCURVE_S1.);
#10719 = LINE('',#10720,#10721);
#10720 = CARTESIAN_POINT('',(37.6174,0.,50.8));
#10721 = VECTOR('',#10722,1.);
#10722 = DIRECTION('',(-2.22044604925E-16,0.,1.));
#10723 = PCURVE('',#10531,#10724);
#10724 = DEFINITIONAL_REPRESENTATION('',(#10725),#10729);
#10725 = LINE('',#10726,#10727);
#10726 = CARTESIAN_POINT('',(-3.3274,-0.));
#10727 = VECTOR('',#10728,1.);
#10728 = DIRECTION('',(1.,0.));
#10729 = ( GEOMETRIC_REPRESENTATION_CONTEXT(2) 
PARAMETRIC_REPRESENTATION_CONTEXT() REPRESENTATION_CONTEXT('2D SPACE',''
  ) );
#10730 = PCURVE('',#9662,#10731);
#10731 = DEFINITIONAL_REPRESENTATION('',(#10732),#10736);
#10732 = LINE('',#10733,#10734);
#10733 = CARTESIAN_POINT('',(-73.72655621475,-40.15373271001));
#10734 = VECTOR('',#10735,1.);
#10735 = DIRECTION('',(-2.22044604925E-16,1.));
#10736 = ( GEOMETRIC_REPRESENTATION_CONTEXT(2) 
PARAMETRIC_REPRESENTATION_CONTEXT() REPRESENTATION_CONTEXT('2D SPACE',''
  ) );
#10737 = ADVANCED_FACE('',(#10738),#10629,.T.);
#10738 = FACE_BOUND('',#10739,.T.);
#10739 = EDGE_LOOP('',(#10740,#10741,#10764,#10792));
#10740 = ORIENTED_EDGE('',*,*,#10613,.T.);
#10741 = ORIENTED_EDGE('',*,*,#10742,.T.);
#10742 = EDGE_CURVE('',#10591,#10743,#10745,.T.);
#10743 = VERTEX_POINT('',#10744);
#10744 = CARTESIAN_POINT('',(31.75,12.7,170.80865));
#10745 = SURFACE_CURVE('',#10746,(#10750,#10757),.PCURVE_S1.);
#10746 = LINE('',#10747,#10748);
#10747 = CARTESIAN_POINT('',(31.75,12.7,165.1));
#10748 = VECTOR('',#10749,1.);
#10749 = DIRECTION('',(-2.22044604925E-16,0.,1.));
#10750 = PCURVE('',#10629,#10751);
#10751 = DEFINITIONAL_REPRESENTATION('',(#10752),#10756);
#10752 = LINE('',#10753,#10754);
#10753 = CARTESIAN_POINT('',(-3.3274,-12.7));
#10754 = VECTOR('',#10755,1.);
#10755 = DIRECTION('',(1.,0.));
#10756 = ( GEOMETRIC_REPRESENTATION_CONTEXT(2) 
PARAMETRIC_REPRESENTATION_CONTEXT() REPRESENTATION_CONTEXT('2D SPACE',''
  ) );
#10757 = PCURVE('',#9608,#10758);
#10758 = DEFINITIONAL_REPRESENTATION('',(#10759),#10763);
#10759 = LINE('',#10760,#10761);
#10760 = CARTESIAN_POINT('',(-79.59395621475,74.146267289989));
#10761 = VECTOR('',#10762,1.);
#10762 = DIRECTION('',(-2.22044604925E-16,1.));
#10763 = ( GEOMETRIC_REPRESENTATION_CONTEXT(2) 
PARAMETRIC_REPRESENTATION_CONTEXT() REPRESENTATION_CONTEXT('2D SPACE',''
  ) );
#10764 = ORIENTED_EDGE('',*,*,#10765,.F.);
#10765 = EDGE_CURVE('',#10766,#10743,#10768,.T.);
#10766 = VERTEX_POINT('',#10767);
#10767 = CARTESIAN_POINT('',(31.75,0.,170.80865));
#10768 = SURFACE_CURVE('',#10769,(#10773,#10780),.PCURVE_S1.);
#10769 = LINE('',#10770,#10771);
#10770 = CARTESIAN_POINT('',(31.75,0.,170.80865));
#10771 = VECTOR('',#10772,1.);
#10772 = DIRECTION('',(0.,1.,0.));
#10773 = PCURVE('',#10629,#10774);
#10774 = DEFINITIONAL_REPRESENTATION('',(#10775),#10779);
#10775 = LINE('',#10776,#10777);
#10776 = CARTESIAN_POINT('',(2.38125,0.));
#10777 = VECTOR('',#10778,1.);
#10778 = DIRECTION('',(0.,-1.));
#10779 = ( GEOMETRIC_REPRESENTATION_CONTEXT(2) 
PARAMETRIC_REPRESENTATION_CONTEXT() REPRESENTATION_CONTEXT('2D SPACE',''
  ) );
#10780 = PCURVE('',#10781,#10786);
#10781 = PLANE('',#10782);
#10782 = AXIS2_PLACEMENT_3D('',#10783,#10784,#10785);
#10783 = CARTESIAN_POINT('',(31.75,0.,170.80865));
#10784 = DIRECTION('',(-2.22044604925E-16,0.,-1.));
#10785 = DIRECTION('',(1.,0.,-2.22044604925E-16));
#10786 = DEFINITIONAL_REPRESENTATION('',(#10787),#10791);
#10787 = LINE('',#10788,#10789);
#10788 = CARTESIAN_POINT('',(-1.06581410364E-14,-0.));
#10789 = VECTOR('',#10790,1.);
#10790 = DIRECTION('',(0.,-1.));
#10791 = ( GEOMETRIC_REPRESENTATION_CONTEXT(2) 
PARAMETRIC_REPRESENTATION_CONTEXT() REPRESENTATION_CONTEXT('2D SPACE',''
  ) );
#10792 = ORIENTED_EDGE('',*,*,#10793,.F.);
#10793 = EDGE_CURVE('',#10614,#10766,#10794,.T.);
#10794 = SURFACE_CURVE('',#10795,(#10799,#10806),.PCURVE_S1.);
#10795 = LINE('',#10796,#10797);
#10796 = CARTESIAN_POINT('',(31.75,0.,165.1));
#10797 = VECTOR('',#10798,1.);
#10798 = DIRECTION('',(-2.22044604925E-16,0.,1.));
#10799 = PCURVE('',#10629,#10800);
#10800 = DEFINITIONAL_REPRESENTATION('',(#10801),#10805);
#10801 = LINE('',#10802,#10803);
#10802 = CARTESIAN_POINT('',(-3.3274,-0.));
#10803 = VECTOR('',#10804,1.);
#10804 = DIRECTION('',(1.,0.));
#10805 = ( GEOMETRIC_REPRESENTATION_CONTEXT(2) 
PARAMETRIC_REPRESENTATION_CONTEXT() REPRESENTATION_CONTEXT('2D SPACE',''
  ) );
#10806 = PCURVE('',#9662,#10807);
#10807 = DEFINITIONAL_REPRESENTATION('',(#10808),#10812);
#10808 = LINE('',#10809,#10810);
#10809 = CARTESIAN_POINT('',(-79.59395621475,74.146267289989));
#10810 = VECTOR('',#10811,1.);
#10811 = DIRECTION('',(-2.22044604925E-16,1.));
#10812 = ( GEOMETRIC_REPRESENTATION_CONTEXT(2) 
PARAMETRIC_REPRESENTATION_CONTEXT() REPRESENTATION_CONTEXT('2D SPACE',''
  ) );
#10813 = ADVANCED_FACE('',(#10814),#10705,.T.);
#10814 = FACE_BOUND('',#10815,.T.);
#10815 = EDGE_LOOP('',(#10816,#10846,#10867,#10868));
#10816 = ORIENTED_EDGE('',*,*,#10817,.T.);
#10817 = EDGE_CURVE('',#10818,#10820,#10822,.T.);
#10818 = VERTEX_POINT('',#10819);
#10819 = CARTESIAN_POINT('',(31.75,0.,56.50865));
#10820 = VERTEX_POINT('',#10821);
#10821 = CARTESIAN_POINT('',(31.75,12.7,56.50865));
#10822 = SURFACE_CURVE('',#10823,(#10827,#10834),.PCURVE_S1.);
#10823 = LINE('',#10824,#10825);
#10824 = CARTESIAN_POINT('',(31.75,0.,56.50865));
#10825 = VECTOR('',#10826,1.);
#10826 = DIRECTION('',(0.,1.,0.));
#10827 = PCURVE('',#10705,#10828);
#10828 = DEFINITIONAL_REPRESENTATION('',(#10829),#10833);
#10829 = LINE('',#10830,#10831);
#10830 = CARTESIAN_POINT('',(0.,0.));
#10831 = VECTOR('',#10832,1.);
#10832 = DIRECTION('',(0.,-1.));
#10833 = ( GEOMETRIC_REPRESENTATION_CONTEXT(2) 
PARAMETRIC_REPRESENTATION_CONTEXT() REPRESENTATION_CONTEXT('2D SPACE',''
  ) );
#10834 = PCURVE('',#10835,#10840);
#10835 = PLANE('',#10836);
#10836 = AXIS2_PLACEMENT_3D('',#10837,#10838,#10839);
#10837 = CARTESIAN_POINT('',(31.75,0.,54.1274));
#10838 = DIRECTION('',(1.,-0.,2.22044604925E-16));
#10839 = DIRECTION('',(-2.22044604925E-16,0.,1.));
#10840 = DEFINITIONAL_REPRESENTATION('',(#10841),#10845);
#10841 = LINE('',#10842,#10843);
#10842 = CARTESIAN_POINT('',(2.38125,0.));
#10843 = VECTOR('',#10844,1.);
#10844 = DIRECTION('',(0.,-1.));
#10845 = ( GEOMETRIC_REPRESENTATION_CONTEXT(2) 
PARAMETRIC_REPRESENTATION_CONTEXT() REPRESENTATION_CONTEXT('2D SPACE',''
  ) );
#10846 = ORIENTED_EDGE('',*,*,#10847,.T.);
#10847 = EDGE_CURVE('',#10820,#10667,#10848,.T.);
#10848 = SURFACE_CURVE('',#10849,(#10853,#10860),.PCURVE_S1.);
#10849 = LINE('',#10850,#10851);
#10850 = CARTESIAN_POINT('',(34.6837,12.7,56.50865));
#10851 = VECTOR('',#10852,1.);
#10852 = DIRECTION('',(1.,0.,-2.22044604925E-16));
#10853 = PCURVE('',#10705,#10854);
#10854 = DEFINITIONAL_REPRESENTATION('',(#10855),#10859);
#10855 = LINE('',#10856,#10857);
#10856 = CARTESIAN_POINT('',(2.9337,-12.7));
#10857 = VECTOR('',#10858,1.);
#10858 = DIRECTION('',(1.,0.));
#10859 = ( GEOMETRIC_REPRESENTATION_CONTEXT(2) 
PARAMETRIC_REPRESENTATION_CONTEXT() REPRESENTATION_CONTEXT('2D SPACE',''
  ) );
#10860 = PCURVE('',#9608,#10861);
#10861 = DEFINITIONAL_REPRESENTATION('',(#10862),#10866);
#10862 = LINE('',#10863,#10864);
#10863 = CARTESIAN_POINT('',(-76.66025621475,-34.44508271001));
#10864 = VECTOR('',#10865,1.);
#10865 = DIRECTION('',(1.,-2.22044604925E-16));
#10866 = ( GEOMETRIC_REPRESENTATION_CONTEXT(2) 
PARAMETRIC_REPRESENTATION_CONTEXT() REPRESENTATION_CONTEXT('2D SPACE',''
  ) );
#10867 = ORIENTED_EDGE('',*,*,#10689,.F.);
#10868 = ORIENTED_EDGE('',*,*,#10869,.F.);
#10869 = EDGE_CURVE('',#10818,#10690,#10870,.T.);
#10870 = SURFACE_CURVE('',#10871,(#10875,#10882),.PCURVE_S1.);
#10871 = LINE('',#10872,#10873);
#10872 = CARTESIAN_POINT('',(34.6837,0.,56.50865));
#10873 = VECTOR('',#10874,1.);
#10874 = DIRECTION('',(1.,0.,-2.22044604925E-16));
#10875 = PCURVE('',#10705,#10876);
#10876 = DEFINITIONAL_REPRESENTATION('',(#10877),#10881);
#10877 = LINE('',#10878,#10879);
#10878 = CARTESIAN_POINT('',(2.9337,0.));
#10879 = VECTOR('',#10880,1.);
#10880 = DIRECTION('',(1.,0.));
#10881 = ( GEOMETRIC_REPRESENTATION_CONTEXT(2) 
PARAMETRIC_REPRESENTATION_CONTEXT() REPRESENTATION_CONTEXT('2D SPACE',''
  ) );
#10882 = PCURVE('',#9662,#10883);
#10883 = DEFINITIONAL_REPRESENTATION('',(#10884),#10888);
#10884 = LINE('',#10885,#10886);
#10885 = CARTESIAN_POINT('',(-76.66025621475,-34.44508271001));
#10886 = VECTOR('',#10887,1.);
#10887 = DIRECTION('',(1.,-2.22044604925E-16));
#10888 = ( GEOMETRIC_REPRESENTATION_CONTEXT(2) 
PARAMETRIC_REPRESENTATION_CONTEXT() REPRESENTATION_CONTEXT('2D SPACE',''
  ) );
#10889 = ADVANCED_FACE('',(#10890),#10781,.T.);
#10890 = FACE_BOUND('',#10891,.T.);
#10891 = EDGE_LOOP('',(#10892,#10893,#10916,#10944));
#10892 = ORIENTED_EDGE('',*,*,#10765,.T.);
#10893 = ORIENTED_EDGE('',*,*,#10894,.T.);
#10894 = EDGE_CURVE('',#10743,#10895,#10897,.T.);
#10895 = VERTEX_POINT('',#10896);
#10896 = CARTESIAN_POINT('',(37.6174,12.7,170.80865));
#10897 = SURFACE_CURVE('',#10898,(#10902,#10909),.PCURVE_S1.);
#10898 = LINE('',#10899,#10900);
#10899 = CARTESIAN_POINT('',(34.6837,12.7,170.80865));
#10900 = VECTOR('',#10901,1.);
#10901 = DIRECTION('',(1.,0.,-2.22044604925E-16));
#10902 = PCURVE('',#10781,#10903);
#10903 = DEFINITIONAL_REPRESENTATION('',(#10904),#10908);
#10904 = LINE('',#10905,#10906);
#10905 = CARTESIAN_POINT('',(2.9337,-12.7));
#10906 = VECTOR('',#10907,1.);
#10907 = DIRECTION('',(1.,0.));
#10908 = ( GEOMETRIC_REPRESENTATION_CONTEXT(2) 
PARAMETRIC_REPRESENTATION_CONTEXT() REPRESENTATION_CONTEXT('2D SPACE',''
  ) );
#10909 = PCURVE('',#9608,#10910);
#10910 = DEFINITIONAL_REPRESENTATION('',(#10911),#10915);
#10911 = LINE('',#10912,#10913);
#10912 = CARTESIAN_POINT('',(-76.66025621475,79.854917289989));
#10913 = VECTOR('',#10914,1.);
#10914 = DIRECTION('',(1.,-2.22044604925E-16));
#10915 = ( GEOMETRIC_REPRESENTATION_CONTEXT(2) 
PARAMETRIC_REPRESENTATION_CONTEXT() REPRESENTATION_CONTEXT('2D SPACE',''
  ) );
#10916 = ORIENTED_EDGE('',*,*,#10917,.F.);
#10917 = EDGE_CURVE('',#10918,#10895,#10920,.T.);
#10918 = VERTEX_POINT('',#10919);
#10919 = CARTESIAN_POINT('',(37.6174,0.,170.80865));
#10920 = SURFACE_CURVE('',#10921,(#10925,#10932),.PCURVE_S1.);
#10921 = LINE('',#10922,#10923);
#10922 = CARTESIAN_POINT('',(37.6174,0.,170.80865));
#10923 = VECTOR('',#10924,1.);
#10924 = DIRECTION('',(0.,1.,0.));
#10925 = PCURVE('',#10781,#10926);
#10926 = DEFINITIONAL_REPRESENTATION('',(#10927),#10931);
#10927 = LINE('',#10928,#10929);
#10928 = CARTESIAN_POINT('',(5.8674,0.));
#10929 = VECTOR('',#10930,1.);
#10930 = DIRECTION('',(0.,-1.));
#10931 = ( GEOMETRIC_REPRESENTATION_CONTEXT(2) 
PARAMETRIC_REPRESENTATION_CONTEXT() REPRESENTATION_CONTEXT('2D SPACE',''
  ) );
#10932 = PCURVE('',#10933,#10938);
#10933 = PLANE('',#10934);
#10934 = AXIS2_PLACEMENT_3D('',#10935,#10936,#10937);
#10935 = CARTESIAN_POINT('',(37.6174,0.,168.4274));
#10936 = DIRECTION('',(1.,-0.,2.22044604925E-16));
#10937 = DIRECTION('',(-2.22044604925E-16,0.,1.));
#10938 = DEFINITIONAL_REPRESENTATION('',(#10939),#10943);
#10939 = LINE('',#10940,#10941);
#10940 = CARTESIAN_POINT('',(2.38125,0.));
#10941 = VECTOR('',#10942,1.);
#10942 = DIRECTION('',(0.,-1.));
#10943 = ( GEOMETRIC_REPRESENTATION_CONTEXT(2) 
PARAMETRIC_REPRESENTATION_CONTEXT() REPRESENTATION_CONTEXT('2D SPACE',''
  ) );
#10944 = ORIENTED_EDGE('',*,*,#10945,.F.);
#10945 = EDGE_CURVE('',#10766,#10918,#10946,.T.);
#10946 = SURFACE_CURVE('',#10947,(#10951,#10958),.PCURVE_S1.);
#10947 = LINE('',#10948,#10949);
#10948 = CARTESIAN_POINT('',(34.6837,0.,170.80865));
#10949 = VECTOR('',#10950,1.);
#10950 = DIRECTION('',(1.,0.,-2.22044604925E-16));
#10951 = PCURVE('',#10781,#10952);
#10952 = DEFINITIONAL_REPRESENTATION('',(#10953),#10957);
#10953 = LINE('',#10954,#10955);
#10954 = CARTESIAN_POINT('',(2.9337,0.));
#10955 = VECTOR('',#10956,1.);
#10956 = DIRECTION('',(1.,0.));
#10957 = ( GEOMETRIC_REPRESENTATION_CONTEXT(2) 
PARAMETRIC_REPRESENTATION_CONTEXT() REPRESENTATION_CONTEXT('2D SPACE',''
  ) );
#10958 = PCURVE('',#9662,#10959);
#10959 = DEFINITIONAL_REPRESENTATION('',(#10960),#10964);
#10960 = LINE('',#10961,#10962);
#10961 = CARTESIAN_POINT('',(-76.66025621475,79.854917289989));
#10962 = VECTOR('',#10963,1.);
#10963 = DIRECTION('',(1.,-2.22044604925E-16));
#10964 = ( GEOMETRIC_REPRESENTATION_CONTEXT(2) 
PARAMETRIC_REPRESENTATION_CONTEXT() REPRESENTATION_CONTEXT('2D SPACE',''
  ) );
#10965 = ADVANCED_FACE('',(#10966),#10835,.T.);
#10966 = FACE_BOUND('',#10967,.T.);
#10967 = EDGE_LOOP('',(#10968,#10998,#11019,#11020));
#10968 = ORIENTED_EDGE('',*,*,#10969,.T.);
#10969 = EDGE_CURVE('',#10970,#10972,#10974,.T.);
#10970 = VERTEX_POINT('',#10971);
#10971 = CARTESIAN_POINT('',(31.75,0.,54.1274));
#10972 = VERTEX_POINT('',#10973);
#10973 = CARTESIAN_POINT('',(31.75,12.7,54.1274));
#10974 = SURFACE_CURVE('',#10975,(#10979,#10986),.PCURVE_S1.);
#10975 = LINE('',#10976,#10977);
#10976 = CARTESIAN_POINT('',(31.75,0.,54.1274));
#10977 = VECTOR('',#10978,1.);
#10978 = DIRECTION('',(0.,1.,0.));
#10979 = PCURVE('',#10835,#10980);
#10980 = DEFINITIONAL_REPRESENTATION('',(#10981),#10985);
#10981 = LINE('',#10982,#10983);
#10982 = CARTESIAN_POINT('',(0.,0.));
#10983 = VECTOR('',#10984,1.);
#10984 = DIRECTION('',(0.,-1.));
#10985 = ( GEOMETRIC_REPRESENTATION_CONTEXT(2) 
PARAMETRIC_REPRESENTATION_CONTEXT() REPRESENTATION_CONTEXT('2D SPACE',''
  ) );
#10986 = PCURVE('',#10987,#10992);
#10987 = PLANE('',#10988);
#10988 = AXIS2_PLACEMENT_3D('',#10989,#10990,#10991);
#10989 = CARTESIAN_POINT('',(12.7,0.,54.1274));
#10990 = DIRECTION('',(-2.22044604925E-16,0.,-1.));
#10991 = DIRECTION('',(1.,0.,-2.22044604925E-16));
#10992 = DEFINITIONAL_REPRESENTATION('',(#10993),#10997);
#10993 = LINE('',#10994,#10995);
#10994 = CARTESIAN_POINT('',(19.05,0.));
#10995 = VECTOR('',#10996,1.);
#10996 = DIRECTION('',(0.,-1.));
#10997 = ( GEOMETRIC_REPRESENTATION_CONTEXT(2) 
PARAMETRIC_REPRESENTATION_CONTEXT() REPRESENTATION_CONTEXT('2D SPACE',''
  ) );
#10998 = ORIENTED_EDGE('',*,*,#10999,.T.);
#10999 = EDGE_CURVE('',#10972,#10820,#11000,.T.);
#11000 = SURFACE_CURVE('',#11001,(#11005,#11012),.PCURVE_S1.);
#11001 = LINE('',#11002,#11003);
#11002 = CARTESIAN_POINT('',(31.75,12.7,50.8));
#11003 = VECTOR('',#11004,1.);
#11004 = DIRECTION('',(-2.22044604925E-16,0.,1.));
#11005 = PCURVE('',#10835,#11006);
#11006 = DEFINITIONAL_REPRESENTATION('',(#11007),#11011);
#11007 = LINE('',#11008,#11009);
#11008 = CARTESIAN_POINT('',(-3.3274,-12.7));
#11009 = VECTOR('',#11010,1.);
#11010 = DIRECTION('',(1.,0.));
#11011 = ( GEOMETRIC_REPRESENTATION_CONTEXT(2) 
PARAMETRIC_REPRESENTATION_CONTEXT() REPRESENTATION_CONTEXT('2D SPACE',''
  ) );
#11012 = PCURVE('',#9608,#11013);
#11013 = DEFINITIONAL_REPRESENTATION('',(#11014),#11018);
#11014 = LINE('',#11015,#11016);
#11015 = CARTESIAN_POINT('',(-79.59395621475,-40.15373271001));
#11016 = VECTOR('',#11017,1.);
#11017 = DIRECTION('',(-2.22044604925E-16,1.));
#11018 = ( GEOMETRIC_REPRESENTATION_CONTEXT(2) 
PARAMETRIC_REPRESENTATION_CONTEXT() REPRESENTATION_CONTEXT('2D SPACE',''
  ) );
#11019 = ORIENTED_EDGE('',*,*,#10817,.F.);
#11020 = ORIENTED_EDGE('',*,*,#11021,.F.);
#11021 = EDGE_CURVE('',#10970,#10818,#11022,.T.);
#11022 = SURFACE_CURVE('',#11023,(#11027,#11034),.PCURVE_S1.);
#11023 = LINE('',#11024,#11025);
#11024 = CARTESIAN_POINT('',(31.75,0.,50.8));
#11025 = VECTOR('',#11026,1.);
#11026 = DIRECTION('',(-2.22044604925E-16,0.,1.));
#11027 = PCURVE('',#10835,#11028);
#11028 = DEFINITIONAL_REPRESENTATION('',(#11029),#11033);
#11029 = LINE('',#11030,#11031);
#11030 = CARTESIAN_POINT('',(-3.3274,-0.));
#11031 = VECTOR('',#11032,1.);
#11032 = DIRECTION('',(1.,0.));
#11033 = ( GEOMETRIC_REPRESENTATION_CONTEXT(2) 
PARAMETRIC_REPRESENTATION_CONTEXT() REPRESENTATION_CONTEXT('2D SPACE',''
  ) );
#11034 = PCURVE('',#9662,#11035);
#11035 = DEFINITIONAL_REPRESENTATION('',(#11036),#11040);
#11036 = LINE('',#11037,#11038);
#11037 = CARTESIAN_POINT('',(-79.59395621475,-40.15373271001));
#11038 = VECTOR('',#11039,1.);
#11039 = DIRECTION('',(-2.22044604925E-16,1.));
#11040 = ( GEOMETRIC_REPRESENTATION_CONTEXT(2) 
PARAMETRIC_REPRESENTATION_CONTEXT() REPRESENTATION_CONTEXT('2D SPACE',''
  ) );
#11041 = ADVANCED_FACE('',(#11042),#10933,.F.);
#11042 = FACE_BOUND('',#11043,.F.);
#11043 = EDGE_LOOP('',(#11044,#11074,#11095,#11096));
#11044 = ORIENTED_EDGE('',*,*,#11045,.T.);
#11045 = EDGE_CURVE('',#11046,#11048,#11050,.T.);
#11046 = VERTEX_POINT('',#11047);
#11047 = CARTESIAN_POINT('',(37.6174,0.,168.4274));
#11048 = VERTEX_POINT('',#11049);
#11049 = CARTESIAN_POINT('',(37.6174,12.7,168.4274));
#11050 = SURFACE_CURVE('',#11051,(#11055,#11062),.PCURVE_S1.);
#11051 = LINE('',#11052,#11053);
#11052 = CARTESIAN_POINT('',(37.6174,0.,168.4274));
#11053 = VECTOR('',#11054,1.);
#11054 = DIRECTION('',(0.,1.,0.));
#11055 = PCURVE('',#10933,#11056);
#11056 = DEFINITIONAL_REPRESENTATION('',(#11057),#11061);
#11057 = LINE('',#11058,#11059);
#11058 = CARTESIAN_POINT('',(0.,0.));
#11059 = VECTOR('',#11060,1.);
#11060 = DIRECTION('',(0.,-1.));
#11061 = ( GEOMETRIC_REPRESENTATION_CONTEXT(2) 
PARAMETRIC_REPRESENTATION_CONTEXT() REPRESENTATION_CONTEXT('2D SPACE',''
  ) );
#11062 = PCURVE('',#11063,#11068);
#11063 = PLANE('',#11064);
#11064 = AXIS2_PLACEMENT_3D('',#11065,#11066,#11067);
#11065 = CARTESIAN_POINT('',(37.6174,0.,168.4274));
#11066 = DIRECTION('',(-2.22044604925E-16,0.,-1.));
#11067 = DIRECTION('',(1.,0.,-2.22044604925E-16));
#11068 = DEFINITIONAL_REPRESENTATION('',(#11069),#11073);
#11069 = LINE('',#11070,#11071);
#11070 = CARTESIAN_POINT('',(1.42108547152E-14,0.));
#11071 = VECTOR('',#11072,1.);
#11072 = DIRECTION('',(0.,-1.));
#11073 = ( GEOMETRIC_REPRESENTATION_CONTEXT(2) 
PARAMETRIC_REPRESENTATION_CONTEXT() REPRESENTATION_CONTEXT('2D SPACE',''
  ) );
#11074 = ORIENTED_EDGE('',*,*,#11075,.T.);
#11075 = EDGE_CURVE('',#11048,#10895,#11076,.T.);
#11076 = SURFACE_CURVE('',#11077,(#11081,#11088),.PCURVE_S1.);
#11077 = LINE('',#11078,#11079);
#11078 = CARTESIAN_POINT('',(37.6174,12.7,165.1));
#11079 = VECTOR('',#11080,1.);
#11080 = DIRECTION('',(-2.22044604925E-16,0.,1.));
#11081 = PCURVE('',#10933,#11082);
#11082 = DEFINITIONAL_REPRESENTATION('',(#11083),#11087);
#11083 = LINE('',#11084,#11085);
#11084 = CARTESIAN_POINT('',(-3.3274,-12.7));
#11085 = VECTOR('',#11086,1.);
#11086 = DIRECTION('',(1.,0.));
#11087 = ( GEOMETRIC_REPRESENTATION_CONTEXT(2) 
PARAMETRIC_REPRESENTATION_CONTEXT() REPRESENTATION_CONTEXT('2D SPACE',''
  ) );
#11088 = PCURVE('',#9608,#11089);
#11089 = DEFINITIONAL_REPRESENTATION('',(#11090),#11094);
#11090 = LINE('',#11091,#11092);
#11091 = CARTESIAN_POINT('',(-73.72655621475,74.146267289989));
#11092 = VECTOR('',#11093,1.);
#11093 = DIRECTION('',(-2.22044604925E-16,1.));
#11094 = ( GEOMETRIC_REPRESENTATION_CONTEXT(2) 
PARAMETRIC_REPRESENTATION_CONTEXT() REPRESENTATION_CONTEXT('2D SPACE',''
  ) );
#11095 = ORIENTED_EDGE('',*,*,#10917,.F.);
#11096 = ORIENTED_EDGE('',*,*,#11097,.F.);
#11097 = EDGE_CURVE('',#11046,#10918,#11098,.T.);
#11098 = SURFACE_CURVE('',#11099,(#11103,#11110),.PCURVE_S1.);
#11099 = LINE('',#11100,#11101);
#11100 = CARTESIAN_POINT('',(37.6174,0.,165.1));
#11101 = VECTOR('',#11102,1.);
#11102 = DIRECTION('',(-2.22044604925E-16,0.,1.));
#11103 = PCURVE('',#10933,#11104);
#11104 = DEFINITIONAL_REPRESENTATION('',(#11105),#11109);
#11105 = LINE('',#11106,#11107);
#11106 = CARTESIAN_POINT('',(-3.3274,-0.));
#11107 = VECTOR('',#11108,1.);
#11108 = DIRECTION('',(1.,0.));
#11109 = ( GEOMETRIC_REPRESENTATION_CONTEXT(2) 
PARAMETRIC_REPRESENTATION_CONTEXT() REPRESENTATION_CONTEXT('2D SPACE',''
  ) );
#11110 = PCURVE('',#9662,#11111);
#11111 = DEFINITIONAL_REPRESENTATION('',(#11112),#11116);
#11112 = LINE('',#11113,#11114);
#11113 = CARTESIAN_POINT('',(-73.72655621475,74.146267289989));
#11114 = VECTOR('',#11115,1.);
#11115 = DIRECTION('',(-2.22044604925E-16,1.));
#11116 = ( GEOMETRIC_REPRESENTATION_CONTEXT(2) 
PARAMETRIC_REPRESENTATION_CONTEXT() REPRESENTATION_CONTEXT('2D SPACE',''
  ) );
#11117 = ADVANCED_FACE('',(#11118),#10987,.T.);
#11118 = FACE_BOUND('',#11119,.T.);
#11119 = EDGE_LOOP('',(#11120,#11150,#11171,#11172));
#11120 = ORIENTED_EDGE('',*,*,#11121,.T.);
#11121 = EDGE_CURVE('',#11122,#11124,#11126,.T.);
#11122 = VERTEX_POINT('',#11123);
#11123 = CARTESIAN_POINT('',(12.7,0.,54.1274));
#11124 = VERTEX_POINT('',#11125);
#11125 = CARTESIAN_POINT('',(12.7,12.7,54.1274));
#11126 = SURFACE_CURVE('',#11127,(#11131,#11138),.PCURVE_S1.);
#11127 = LINE('',#11128,#11129);
#11128 = CARTESIAN_POINT('',(12.7,0.,54.1274));
#11129 = VECTOR('',#11130,1.);
#11130 = DIRECTION('',(0.,1.,0.));
#11131 = PCURVE('',#10987,#11132);
#11132 = DEFINITIONAL_REPRESENTATION('',(#11133),#11137);
#11133 = LINE('',#11134,#11135);
#11134 = CARTESIAN_POINT('',(-5.329070518201E-15,-0.));
#11135 = VECTOR('',#11136,1.);
#11136 = DIRECTION('',(0.,-1.));
#11137 = ( GEOMETRIC_REPRESENTATION_CONTEXT(2) 
PARAMETRIC_REPRESENTATION_CONTEXT() REPRESENTATION_CONTEXT('2D SPACE',''
  ) );
#11138 = PCURVE('',#11139,#11144);
#11139 = PLANE('',#11140);
#11140 = AXIS2_PLACEMENT_3D('',#11141,#11142,#11143);
#11141 = CARTESIAN_POINT('',(12.7,0.,104.6226));
#11142 = DIRECTION('',(-1.,0.,0.));
#11143 = DIRECTION('',(0.,0.,-1.));
#11144 = DEFINITIONAL_REPRESENTATION('',(#11145),#11149);
#11145 = LINE('',#11146,#11147);
#11146 = CARTESIAN_POINT('',(50.4952,0.));
#11147 = VECTOR('',#11148,1.);
#11148 = DIRECTION('',(0.,-1.));
#11149 = ( GEOMETRIC_REPRESENTATION_CONTEXT(2) 
PARAMETRIC_REPRESENTATION_CONTEXT() REPRESENTATION_CONTEXT('2D SPACE',''
  ) );
#11150 = ORIENTED_EDGE('',*,*,#11151,.T.);
#11151 = EDGE_CURVE('',#11124,#10972,#11152,.T.);
#11152 = SURFACE_CURVE('',#11153,(#11157,#11164),.PCURVE_S1.);
#11153 = LINE('',#11154,#11155);
#11154 = CARTESIAN_POINT('',(32.54375,12.7,54.1274));
#11155 = VECTOR('',#11156,1.);
#11156 = DIRECTION('',(1.,0.,-2.22044604925E-16));
#11157 = PCURVE('',#10987,#11158);
#11158 = DEFINITIONAL_REPRESENTATION('',(#11159),#11163);
#11159 = LINE('',#11160,#11161);
#11160 = CARTESIAN_POINT('',(19.84375,-12.7));
#11161 = VECTOR('',#11162,1.);
#11162 = DIRECTION('',(1.,0.));
#11163 = ( GEOMETRIC_REPRESENTATION_CONTEXT(2) 
PARAMETRIC_REPRESENTATION_CONTEXT() REPRESENTATION_CONTEXT('2D SPACE',''
  ) );
#11164 = PCURVE('',#9608,#11165);
#11165 = DEFINITIONAL_REPRESENTATION('',(#11166),#11170);
#11166 = LINE('',#11167,#11168);
#11167 = CARTESIAN_POINT('',(-78.80020621475,-36.82633271001));
#11168 = VECTOR('',#11169,1.);
#11169 = DIRECTION('',(1.,-2.22044604925E-16));
#11170 = ( GEOMETRIC_REPRESENTATION_CONTEXT(2) 
PARAMETRIC_REPRESENTATION_CONTEXT() REPRESENTATION_CONTEXT('2D SPACE',''
  ) );
#11171 = ORIENTED_EDGE('',*,*,#10969,.F.);
#11172 = ORIENTED_EDGE('',*,*,#11173,.F.);
#11173 = EDGE_CURVE('',#11122,#10970,#11174,.T.);
#11174 = SURFACE_CURVE('',#11175,(#11179,#11186),.PCURVE_S1.);
#11175 = LINE('',#11176,#11177);
#11176 = CARTESIAN_POINT('',(32.54375,0.,54.1274));
#11177 = VECTOR('',#11178,1.);
#11178 = DIRECTION('',(1.,0.,-2.22044604925E-16));
#11179 = PCURVE('',#10987,#11180);
#11180 = DEFINITIONAL_REPRESENTATION('',(#11181),#11185);
#11181 = LINE('',#11182,#11183);
#11182 = CARTESIAN_POINT('',(19.84375,0.));
#11183 = VECTOR('',#11184,1.);
#11184 = DIRECTION('',(1.,0.));
#11185 = ( GEOMETRIC_REPRESENTATION_CONTEXT(2) 
PARAMETRIC_REPRESENTATION_CONTEXT() REPRESENTATION_CONTEXT('2D SPACE',''
  ) );
#11186 = PCURVE('',#9662,#11187);
#11187 = DEFINITIONAL_REPRESENTATION('',(#11188),#11192);
#11188 = LINE('',#11189,#11190);
#11189 = CARTESIAN_POINT('',(-78.80020621475,-36.82633271001));
#11190 = VECTOR('',#11191,1.);
#11191 = DIRECTION('',(1.,-2.22044604925E-16));
#11192 = ( GEOMETRIC_REPRESENTATION_CONTEXT(2) 
PARAMETRIC_REPRESENTATION_CONTEXT() REPRESENTATION_CONTEXT('2D SPACE',''
  ) );
#11193 = ADVANCED_FACE('',(#11194),#11063,.T.);
#11194 = FACE_BOUND('',#11195,.T.);
#11195 = EDGE_LOOP('',(#11196,#11197,#11220,#11248));
#11196 = ORIENTED_EDGE('',*,*,#11045,.T.);
#11197 = ORIENTED_EDGE('',*,*,#11198,.T.);
#11198 = EDGE_CURVE('',#11048,#11199,#11201,.T.);
#11199 = VERTEX_POINT('',#11200);
#11200 = CARTESIAN_POINT('',(52.3875,12.7,168.4274));
#11201 = SURFACE_CURVE('',#11202,(#11206,#11213),.PCURVE_S1.);
#11202 = LINE('',#11203,#11204);
#11203 = CARTESIAN_POINT('',(32.54375,12.7,168.4274));
#11204 = VECTOR('',#11205,1.);
#11205 = DIRECTION('',(1.,0.,-2.22044604925E-16));
#11206 = PCURVE('',#11063,#11207);
#11207 = DEFINITIONAL_REPRESENTATION('',(#11208),#11212);
#11208 = LINE('',#11209,#11210);
#11209 = CARTESIAN_POINT('',(-5.07365,-12.7));
#11210 = VECTOR('',#11211,1.);
#11211 = DIRECTION('',(1.,0.));
#11212 = ( GEOMETRIC_REPRESENTATION_CONTEXT(2) 
PARAMETRIC_REPRESENTATION_CONTEXT() REPRESENTATION_CONTEXT('2D SPACE',''
  ) );
#11213 = PCURVE('',#9608,#11214);
#11214 = DEFINITIONAL_REPRESENTATION('',(#11215),#11219);
#11215 = LINE('',#11216,#11217);
#11216 = CARTESIAN_POINT('',(-78.80020621475,77.473667289989));
#11217 = VECTOR('',#11218,1.);
#11218 = DIRECTION('',(1.,-2.22044604925E-16));
#11219 = ( GEOMETRIC_REPRESENTATION_CONTEXT(2) 
PARAMETRIC_REPRESENTATION_CONTEXT() REPRESENTATION_CONTEXT('2D SPACE',''
  ) );
#11220 = ORIENTED_EDGE('',*,*,#11221,.F.);
#11221 = EDGE_CURVE('',#11222,#11199,#11224,.T.);
#11222 = VERTEX_POINT('',#11223);
#11223 = CARTESIAN_POINT('',(52.3875,0.,168.4274));
#11224 = SURFACE_CURVE('',#11225,(#11229,#11236),.PCURVE_S1.);
#11225 = LINE('',#11226,#11227);
#11226 = CARTESIAN_POINT('',(52.3875,0.,168.4274));
#11227 = VECTOR('',#11228,1.);
#11228 = DIRECTION('',(0.,1.,0.));
#11229 = PCURVE('',#11063,#11230);
#11230 = DEFINITIONAL_REPRESENTATION('',(#11231),#11235);
#11231 = LINE('',#11232,#11233);
#11232 = CARTESIAN_POINT('',(14.7701,0.));
#11233 = VECTOR('',#11234,1.);
#11234 = DIRECTION('',(0.,-1.));
#11235 = ( GEOMETRIC_REPRESENTATION_CONTEXT(2) 
PARAMETRIC_REPRESENTATION_CONTEXT() REPRESENTATION_CONTEXT('2D SPACE',''
  ) );
#11236 = PCURVE('',#11237,#11242);
#11237 = PLANE('',#11238);
#11238 = AXIS2_PLACEMENT_3D('',#11239,#11240,#11241);
#11239 = CARTESIAN_POINT('',(52.3875,0.,161.7726));
#11240 = DIRECTION('',(1.,-0.,2.22044604925E-16));
#11241 = DIRECTION('',(-2.22044604925E-16,0.,1.));
#11242 = DEFINITIONAL_REPRESENTATION('',(#11243),#11247);
#11243 = LINE('',#11244,#11245);
#11244 = CARTESIAN_POINT('',(6.6548,0.));
#11245 = VECTOR('',#11246,1.);
#11246 = DIRECTION('',(0.,-1.));
#11247 = ( GEOMETRIC_REPRESENTATION_CONTEXT(2) 
PARAMETRIC_REPRESENTATION_CONTEXT() REPRESENTATION_CONTEXT('2D SPACE',''
  ) );
#11248 = ORIENTED_EDGE('',*,*,#11249,.F.);
#11249 = EDGE_CURVE('',#11046,#11222,#11250,.T.);
#11250 = SURFACE_CURVE('',#11251,(#11255,#11262),.PCURVE_S1.);
#11251 = LINE('',#11252,#11253);
#11252 = CARTESIAN_POINT('',(32.54375,0.,168.4274));
#11253 = VECTOR('',#11254,1.);
#11254 = DIRECTION('',(1.,0.,-2.22044604925E-16));
#11255 = PCURVE('',#11063,#11256);
#11256 = DEFINITIONAL_REPRESENTATION('',(#11257),#11261);
#11257 = LINE('',#11258,#11259);
#11258 = CARTESIAN_POINT('',(-5.07365,-0.));
#11259 = VECTOR('',#11260,1.);
#11260 = DIRECTION('',(1.,0.));
#11261 = ( GEOMETRIC_REPRESENTATION_CONTEXT(2) 
PARAMETRIC_REPRESENTATION_CONTEXT() REPRESENTATION_CONTEXT('2D SPACE',''
  ) );
#11262 = PCURVE('',#9662,#11263);
#11263 = DEFINITIONAL_REPRESENTATION('',(#11264),#11268);
#11264 = LINE('',#11265,#11266);
#11265 = CARTESIAN_POINT('',(-78.80020621475,77.473667289989));
#11266 = VECTOR('',#11267,1.);
#11267 = DIRECTION('',(1.,-2.22044604925E-16));
#11268 = ( GEOMETRIC_REPRESENTATION_CONTEXT(2) 
PARAMETRIC_REPRESENTATION_CONTEXT() REPRESENTATION_CONTEXT('2D SPACE',''
  ) );
#11269 = ADVANCED_FACE('',(#11270),#11139,.T.);
#11270 = FACE_BOUND('',#11271,.T.);
#11271 = EDGE_LOOP('',(#11272,#11302,#11323,#11324));
#11272 = ORIENTED_EDGE('',*,*,#11273,.T.);
#11273 = EDGE_CURVE('',#11274,#11276,#11278,.T.);
#11274 = VERTEX_POINT('',#11275);
#11275 = CARTESIAN_POINT('',(12.7,0.,104.6226));
#11276 = VERTEX_POINT('',#11277);
#11277 = CARTESIAN_POINT('',(12.7,12.7,104.6226));
#11278 = SURFACE_CURVE('',#11279,(#11283,#11290),.PCURVE_S1.);
#11279 = LINE('',#11280,#11281);
#11280 = CARTESIAN_POINT('',(12.7,0.,104.6226));
#11281 = VECTOR('',#11282,1.);
#11282 = DIRECTION('',(0.,1.,0.));
#11283 = PCURVE('',#11139,#11284);
#11284 = DEFINITIONAL_REPRESENTATION('',(#11285),#11289);
#11285 = LINE('',#11286,#11287);
#11286 = CARTESIAN_POINT('',(0.,-0.));
#11287 = VECTOR('',#11288,1.);
#11288 = DIRECTION('',(0.,-1.));
#11289 = ( GEOMETRIC_REPRESENTATION_CONTEXT(2) 
PARAMETRIC_REPRESENTATION_CONTEXT() REPRESENTATION_CONTEXT('2D SPACE',''
  ) );
#11290 = PCURVE('',#11291,#11296);
#11291 = PLANE('',#11292);
#11292 = AXIS2_PLACEMENT_3D('',#11293,#11294,#11295);
#11293 = CARTESIAN_POINT('',(12.7,0.,104.6226));
#11294 = DIRECTION('',(-2.22044604925E-16,0.,-1.));
#11295 = DIRECTION('',(1.,0.,-2.22044604925E-16));
#11296 = DEFINITIONAL_REPRESENTATION('',(#11297),#11301);
#11297 = LINE('',#11298,#11299);
#11298 = CARTESIAN_POINT('',(3.552713678801E-15,0.));
#11299 = VECTOR('',#11300,1.);
#11300 = DIRECTION('',(0.,-1.));
#11301 = ( GEOMETRIC_REPRESENTATION_CONTEXT(2) 
PARAMETRIC_REPRESENTATION_CONTEXT() REPRESENTATION_CONTEXT('2D SPACE',''
  ) );
#11302 = ORIENTED_EDGE('',*,*,#11303,.T.);
#11303 = EDGE_CURVE('',#11276,#11124,#11304,.T.);
#11304 = SURFACE_CURVE('',#11305,(#11309,#11316),.PCURVE_S1.);
#11305 = LINE('',#11306,#11307);
#11306 = CARTESIAN_POINT('',(12.7,12.7,203.2));
#11307 = VECTOR('',#11308,1.);
#11308 = DIRECTION('',(0.,0.,-1.));
#11309 = PCURVE('',#11139,#11310);
#11310 = DEFINITIONAL_REPRESENTATION('',(#11311),#11315);
#11311 = LINE('',#11312,#11313);
#11312 = CARTESIAN_POINT('',(-98.5774,-12.7));
#11313 = VECTOR('',#11314,1.);
#11314 = DIRECTION('',(1.,0.));
#11315 = ( GEOMETRIC_REPRESENTATION_CONTEXT(2) 
PARAMETRIC_REPRESENTATION_CONTEXT() REPRESENTATION_CONTEXT('2D SPACE',''
  ) );
#11316 = PCURVE('',#9608,#11317);
#11317 = DEFINITIONAL_REPRESENTATION('',(#11318),#11322);
#11318 = LINE('',#11319,#11320);
#11319 = CARTESIAN_POINT('',(-98.64395621475,112.24626728998));
#11320 = VECTOR('',#11321,1.);
#11321 = DIRECTION('',(0.,-1.));
#11322 = ( GEOMETRIC_REPRESENTATION_CONTEXT(2) 
PARAMETRIC_REPRESENTATION_CONTEXT() REPRESENTATION_CONTEXT('2D SPACE',''
  ) );
#11323 = ORIENTED_EDGE('',*,*,#11121,.F.);
#11324 = ORIENTED_EDGE('',*,*,#11325,.F.);
#11325 = EDGE_CURVE('',#11274,#11122,#11326,.T.);
#11326 = SURFACE_CURVE('',#11327,(#11331,#11338),.PCURVE_S1.);
#11327 = LINE('',#11328,#11329);
#11328 = CARTESIAN_POINT('',(12.7,0.,203.2));
#11329 = VECTOR('',#11330,1.);
#11330 = DIRECTION('',(0.,0.,-1.));
#11331 = PCURVE('',#11139,#11332);
#11332 = DEFINITIONAL_REPRESENTATION('',(#11333),#11337);
#11333 = LINE('',#11334,#11335);
#11334 = CARTESIAN_POINT('',(-98.5774,-0.));
#11335 = VECTOR('',#11336,1.);
#11336 = DIRECTION('',(1.,0.));
#11337 = ( GEOMETRIC_REPRESENTATION_CONTEXT(2) 
PARAMETRIC_REPRESENTATION_CONTEXT() REPRESENTATION_CONTEXT('2D SPACE',''
  ) );
#11338 = PCURVE('',#9662,#11339);
#11339 = DEFINITIONAL_REPRESENTATION('',(#11340),#11344);
#11340 = LINE('',#11341,#11342);
#11341 = CARTESIAN_POINT('',(-98.64395621475,112.24626728998));
#11342 = VECTOR('',#11343,1.);
#11343 = DIRECTION('',(0.,-1.));
#11344 = ( GEOMETRIC_REPRESENTATION_CONTEXT(2) 
PARAMETRIC_REPRESENTATION_CONTEXT() REPRESENTATION_CONTEXT('2D SPACE',''
  ) );
#11345 = ADVANCED_FACE('',(#11346),#11237,.F.);
#11346 = FACE_BOUND('',#11347,.F.);
#11347 = EDGE_LOOP('',(#11348,#11378,#11399,#11400));
#11348 = ORIENTED_EDGE('',*,*,#11349,.T.);
#11349 = EDGE_CURVE('',#11350,#11352,#11354,.T.);
#11350 = VERTEX_POINT('',#11351);
#11351 = CARTESIAN_POINT('',(52.3875,0.,161.7726));
#11352 = VERTEX_POINT('',#11353);
#11353 = CARTESIAN_POINT('',(52.3875,12.7,161.7726));
#11354 = SURFACE_CURVE('',#11355,(#11359,#11366),.PCURVE_S1.);
#11355 = LINE('',#11356,#11357);
#11356 = CARTESIAN_POINT('',(52.3875,0.,161.7726));
#11357 = VECTOR('',#11358,1.);
#11358 = DIRECTION('',(0.,1.,0.));
#11359 = PCURVE('',#11237,#11360);
#11360 = DEFINITIONAL_REPRESENTATION('',(#11361),#11365);
#11361 = LINE('',#11362,#11363);
#11362 = CARTESIAN_POINT('',(0.,0.));
#11363 = VECTOR('',#11364,1.);
#11364 = DIRECTION('',(0.,-1.));
#11365 = ( GEOMETRIC_REPRESENTATION_CONTEXT(2) 
PARAMETRIC_REPRESENTATION_CONTEXT() REPRESENTATION_CONTEXT('2D SPACE',''
  ) );
#11366 = PCURVE('',#11367,#11372);
#11367 = PLANE('',#11368);
#11368 = AXIS2_PLACEMENT_3D('',#11369,#11370,#11371);
#11369 = CARTESIAN_POINT('',(37.6174,0.,161.7726));
#11370 = DIRECTION('',(-2.22044604925E-16,0.,-1.));
#11371 = DIRECTION('',(1.,0.,-2.22044604925E-16));
#11372 = DEFINITIONAL_REPRESENTATION('',(#11373),#11377);
#11373 = LINE('',#11374,#11375);
#11374 = CARTESIAN_POINT('',(14.7701,0.));
#11375 = VECTOR('',#11376,1.);
#11376 = DIRECTION('',(0.,-1.));
#11377 = ( GEOMETRIC_REPRESENTATION_CONTEXT(2) 
PARAMETRIC_REPRESENTATION_CONTEXT() REPRESENTATION_CONTEXT('2D SPACE',''
  ) );
#11378 = ORIENTED_EDGE('',*,*,#11379,.T.);
#11379 = EDGE_CURVE('',#11352,#11199,#11380,.T.);
#11380 = SURFACE_CURVE('',#11381,(#11385,#11392),.PCURVE_S1.);
#11381 = LINE('',#11382,#11383);
#11382 = CARTESIAN_POINT('',(52.3875,12.7,165.1));
#11383 = VECTOR('',#11384,1.);
#11384 = DIRECTION('',(-2.22044604925E-16,0.,1.));
#11385 = PCURVE('',#11237,#11386);
#11386 = DEFINITIONAL_REPRESENTATION('',(#11387),#11391);
#11387 = LINE('',#11388,#11389);
#11388 = CARTESIAN_POINT('',(3.3274,-12.7));
#11389 = VECTOR('',#11390,1.);
#11390 = DIRECTION('',(1.,0.));
#11391 = ( GEOMETRIC_REPRESENTATION_CONTEXT(2) 
PARAMETRIC_REPRESENTATION_CONTEXT() REPRESENTATION_CONTEXT('2D SPACE',''
  ) );
#11392 = PCURVE('',#9608,#11393);
#11393 = DEFINITIONAL_REPRESENTATION('',(#11394),#11398);
#11394 = LINE('',#11395,#11396);
#11395 = CARTESIAN_POINT('',(-58.95645621475,74.146267289989));
#11396 = VECTOR('',#11397,1.);
#11397 = DIRECTION('',(-2.22044604925E-16,1.));
#11398 = ( GEOMETRIC_REPRESENTATION_CONTEXT(2) 
PARAMETRIC_REPRESENTATION_CONTEXT() REPRESENTATION_CONTEXT('2D SPACE',''
  ) );
#11399 = ORIENTED_EDGE('',*,*,#11221,.F.);
#11400 = ORIENTED_EDGE('',*,*,#11401,.F.);
#11401 = EDGE_CURVE('',#11350,#11222,#11402,.T.);
#11402 = SURFACE_CURVE('',#11403,(#11407,#11414),.PCURVE_S1.);
#11403 = LINE('',#11404,#11405);
#11404 = CARTESIAN_POINT('',(52.3875,0.,165.1));
#11405 = VECTOR('',#11406,1.);
#11406 = DIRECTION('',(-2.22044604925E-16,0.,1.));
#11407 = PCURVE('',#11237,#11408);
#11408 = DEFINITIONAL_REPRESENTATION('',(#11409),#11413);
#11409 = LINE('',#11410,#11411);
#11410 = CARTESIAN_POINT('',(3.3274,0.));
#11411 = VECTOR('',#11412,1.);
#11412 = DIRECTION('',(1.,0.));
#11413 = ( GEOMETRIC_REPRESENTATION_CONTEXT(2) 
PARAMETRIC_REPRESENTATION_CONTEXT() REPRESENTATION_CONTEXT('2D SPACE',''
  ) );
#11414 = PCURVE('',#9662,#11415);
#11415 = DEFINITIONAL_REPRESENTATION('',(#11416),#11420);
#11416 = LINE('',#11417,#11418);
#11417 = CARTESIAN_POINT('',(-58.95645621475,74.146267289989));
#11418 = VECTOR('',#11419,1.);
#11419 = DIRECTION('',(-2.22044604925E-16,1.));
#11420 = ( GEOMETRIC_REPRESENTATION_CONTEXT(2) 
PARAMETRIC_REPRESENTATION_CONTEXT() REPRESENTATION_CONTEXT('2D SPACE',''
  ) );
#11421 = ADVANCED_FACE('',(#11422),#11291,.F.);
#11422 = FACE_BOUND('',#11423,.F.);
#11423 = EDGE_LOOP('',(#11424,#11425,#11448,#11476));
#11424 = ORIENTED_EDGE('',*,*,#11273,.T.);
#11425 = ORIENTED_EDGE('',*,*,#11426,.T.);
#11426 = EDGE_CURVE('',#11276,#11427,#11429,.T.);
#11427 = VERTEX_POINT('',#11428);
#11428 = CARTESIAN_POINT('',(31.75,12.7,104.6226));
#11429 = SURFACE_CURVE('',#11430,(#11434,#11441),.PCURVE_S1.);
#11430 = LINE('',#11431,#11432);
#11431 = CARTESIAN_POINT('',(32.54375,12.7,104.6226));
#11432 = VECTOR('',#11433,1.);
#11433 = DIRECTION('',(1.,0.,-2.22044604925E-16));
#11434 = PCURVE('',#11291,#11435);
#11435 = DEFINITIONAL_REPRESENTATION('',(#11436),#11440);
#11436 = LINE('',#11437,#11438);
#11437 = CARTESIAN_POINT('',(19.84375,-12.7));
#11438 = VECTOR('',#11439,1.);
#11439 = DIRECTION('',(1.,0.));
#11440 = ( GEOMETRIC_REPRESENTATION_CONTEXT(2) 
PARAMETRIC_REPRESENTATION_CONTEXT() REPRESENTATION_CONTEXT('2D SPACE',''
  ) );
#11441 = PCURVE('',#9608,#11442);
#11442 = DEFINITIONAL_REPRESENTATION('',(#11443),#11447);
#11443 = LINE('',#11444,#11445);
#11444 = CARTESIAN_POINT('',(-78.80020621475,13.668867289989));
#11445 = VECTOR('',#11446,1.);
#11446 = DIRECTION('',(1.,-2.22044604925E-16));
#11447 = ( GEOMETRIC_REPRESENTATION_CONTEXT(2) 
PARAMETRIC_REPRESENTATION_CONTEXT() REPRESENTATION_CONTEXT('2D SPACE',''
  ) );
#11448 = ORIENTED_EDGE('',*,*,#11449,.F.);
#11449 = EDGE_CURVE('',#11450,#11427,#11452,.T.);
#11450 = VERTEX_POINT('',#11451);
#11451 = CARTESIAN_POINT('',(31.75,0.,104.6226));
#11452 = SURFACE_CURVE('',#11453,(#11457,#11464),.PCURVE_S1.);
#11453 = LINE('',#11454,#11455);
#11454 = CARTESIAN_POINT('',(31.75,0.,104.6226));
#11455 = VECTOR('',#11456,1.);
#11456 = DIRECTION('',(0.,1.,0.));
#11457 = PCURVE('',#11291,#11458);
#11458 = DEFINITIONAL_REPRESENTATION('',(#11459),#11463);
#11459 = LINE('',#11460,#11461);
#11460 = CARTESIAN_POINT('',(19.05,0.));
#11461 = VECTOR('',#11462,1.);
#11462 = DIRECTION('',(0.,-1.));
#11463 = ( GEOMETRIC_REPRESENTATION_CONTEXT(2) 
PARAMETRIC_REPRESENTATION_CONTEXT() REPRESENTATION_CONTEXT('2D SPACE',''
  ) );
#11464 = PCURVE('',#11465,#11470);
#11465 = PLANE('',#11466);
#11466 = AXIS2_PLACEMENT_3D('',#11467,#11468,#11469);
#11467 = CARTESIAN_POINT('',(31.75,0.,102.24135));
#11468 = DIRECTION('',(1.,-0.,2.22044604925E-16));
#11469 = DIRECTION('',(-2.22044604925E-16,0.,1.));
#11470 = DEFINITIONAL_REPRESENTATION('',(#11471),#11475);
#11471 = LINE('',#11472,#11473);
#11472 = CARTESIAN_POINT('',(2.38125,0.));
#11473 = VECTOR('',#11474,1.);
#11474 = DIRECTION('',(0.,-1.));
#11475 = ( GEOMETRIC_REPRESENTATION_CONTEXT(2) 
PARAMETRIC_REPRESENTATION_CONTEXT() REPRESENTATION_CONTEXT('2D SPACE',''
  ) );
#11476 = ORIENTED_EDGE('',*,*,#11477,.F.);
#11477 = EDGE_CURVE('',#11274,#11450,#11478,.T.);
#11478 = SURFACE_CURVE('',#11479,(#11483,#11490),.PCURVE_S1.);
#11479 = LINE('',#11480,#11481);
#11480 = CARTESIAN_POINT('',(32.54375,0.,104.6226));
#11481 = VECTOR('',#11482,1.);
#11482 = DIRECTION('',(1.,0.,-2.22044604925E-16));
#11483 = PCURVE('',#11291,#11484);
#11484 = DEFINITIONAL_REPRESENTATION('',(#11485),#11489);
#11485 = LINE('',#11486,#11487);
#11486 = CARTESIAN_POINT('',(19.84375,0.));
#11487 = VECTOR('',#11488,1.);
#11488 = DIRECTION('',(1.,0.));
#11489 = ( GEOMETRIC_REPRESENTATION_CONTEXT(2) 
PARAMETRIC_REPRESENTATION_CONTEXT() REPRESENTATION_CONTEXT('2D SPACE',''
  ) );
#11490 = PCURVE('',#9662,#11491);
#11491 = DEFINITIONAL_REPRESENTATION('',(#11492),#11496);
#11492 = LINE('',#11493,#11494);
#11493 = CARTESIAN_POINT('',(-78.80020621475,13.668867289989));
#11494 = VECTOR('',#11495,1.);
#11495 = DIRECTION('',(1.,-2.22044604925E-16));
#11496 = ( GEOMETRIC_REPRESENTATION_CONTEXT(2) 
PARAMETRIC_REPRESENTATION_CONTEXT() REPRESENTATION_CONTEXT('2D SPACE',''
  ) );
#11497 = ADVANCED_FACE('',(#11498),#11367,.F.);
#11498 = FACE_BOUND('',#11499,.F.);
#11499 = EDGE_LOOP('',(#11500,#11530,#11551,#11552));
#11500 = ORIENTED_EDGE('',*,*,#11501,.T.);
#11501 = EDGE_CURVE('',#11502,#11504,#11506,.T.);
#11502 = VERTEX_POINT('',#11503);
#11503 = CARTESIAN_POINT('',(37.6174,0.,161.7726));
#11504 = VERTEX_POINT('',#11505);
#11505 = CARTESIAN_POINT('',(37.6174,12.7,161.7726));
#11506 = SURFACE_CURVE('',#11507,(#11511,#11518),.PCURVE_S1.);
#11507 = LINE('',#11508,#11509);
#11508 = CARTESIAN_POINT('',(37.6174,0.,161.7726));
#11509 = VECTOR('',#11510,1.);
#11510 = DIRECTION('',(0.,1.,0.));
#11511 = PCURVE('',#11367,#11512);
#11512 = DEFINITIONAL_REPRESENTATION('',(#11513),#11517);
#11513 = LINE('',#11514,#11515);
#11514 = CARTESIAN_POINT('',(2.13162820728E-14,0.));
#11515 = VECTOR('',#11516,1.);
#11516 = DIRECTION('',(0.,-1.));
#11517 = ( GEOMETRIC_REPRESENTATION_CONTEXT(2) 
PARAMETRIC_REPRESENTATION_CONTEXT() REPRESENTATION_CONTEXT('2D SPACE',''
  ) );
#11518 = PCURVE('',#11519,#11524);
#11519 = PLANE('',#11520);
#11520 = AXIS2_PLACEMENT_3D('',#11521,#11522,#11523);
#11521 = CARTESIAN_POINT('',(37.6174,0.,159.39135));
#11522 = DIRECTION('',(1.,-0.,2.22044604925E-16));
#11523 = DIRECTION('',(-2.22044604925E-16,0.,1.));
#11524 = DEFINITIONAL_REPRESENTATION('',(#11525),#11529);
#11525 = LINE('',#11526,#11527);
#11526 = CARTESIAN_POINT('',(2.38125,0.));
#11527 = VECTOR('',#11528,1.);
#11528 = DIRECTION('',(0.,-1.));
#11529 = ( GEOMETRIC_REPRESENTATION_CONTEXT(2) 
PARAMETRIC_REPRESENTATION_CONTEXT() REPRESENTATION_CONTEXT('2D SPACE',''
  ) );
#11530 = ORIENTED_EDGE('',*,*,#11531,.T.);
#11531 = EDGE_CURVE('',#11504,#11352,#11532,.T.);
#11532 = SURFACE_CURVE('',#11533,(#11537,#11544),.PCURVE_S1.);
#11533 = LINE('',#11534,#11535);
#11534 = CARTESIAN_POINT('',(32.54375,12.7,161.7726));
#11535 = VECTOR('',#11536,1.);
#11536 = DIRECTION('',(1.,0.,-2.22044604925E-16));
#11537 = PCURVE('',#11367,#11538);
#11538 = DEFINITIONAL_REPRESENTATION('',(#11539),#11543);
#11539 = LINE('',#11540,#11541);
#11540 = CARTESIAN_POINT('',(-5.07365,-12.7));
#11541 = VECTOR('',#11542,1.);
#11542 = DIRECTION('',(1.,0.));
#11543 = ( GEOMETRIC_REPRESENTATION_CONTEXT(2) 
PARAMETRIC_REPRESENTATION_CONTEXT() REPRESENTATION_CONTEXT('2D SPACE',''
  ) );
#11544 = PCURVE('',#9608,#11545);
#11545 = DEFINITIONAL_REPRESENTATION('',(#11546),#11550);
#11546 = LINE('',#11547,#11548);
#11547 = CARTESIAN_POINT('',(-78.80020621475,70.818867289989));
#11548 = VECTOR('',#11549,1.);
#11549 = DIRECTION('',(1.,-2.22044604925E-16));
#11550 = ( GEOMETRIC_REPRESENTATION_CONTEXT(2) 
PARAMETRIC_REPRESENTATION_CONTEXT() REPRESENTATION_CONTEXT('2D SPACE',''
  ) );
#11551 = ORIENTED_EDGE('',*,*,#11349,.F.);
#11552 = ORIENTED_EDGE('',*,*,#11553,.F.);
#11553 = EDGE_CURVE('',#11502,#11350,#11554,.T.);
#11554 = SURFACE_CURVE('',#11555,(#11559,#11566),.PCURVE_S1.);
#11555 = LINE('',#11556,#11557);
#11556 = CARTESIAN_POINT('',(32.54375,0.,161.7726));
#11557 = VECTOR('',#11558,1.);
#11558 = DIRECTION('',(1.,0.,-2.22044604925E-16));
#11559 = PCURVE('',#11367,#11560);
#11560 = DEFINITIONAL_REPRESENTATION('',(#11561),#11565);
#11561 = LINE('',#11562,#11563);
#11562 = CARTESIAN_POINT('',(-5.07365,-0.));
#11563 = VECTOR('',#11564,1.);
#11564 = DIRECTION('',(1.,0.));
#11565 = ( GEOMETRIC_REPRESENTATION_CONTEXT(2) 
PARAMETRIC_REPRESENTATION_CONTEXT() REPRESENTATION_CONTEXT('2D SPACE',''
  ) );
#11566 = PCURVE('',#9662,#11567);
#11567 = DEFINITIONAL_REPRESENTATION('',(#11568),#11572);
#11568 = LINE('',#11569,#11570);
#11569 = CARTESIAN_POINT('',(-78.80020621475,70.818867289989));
#11570 = VECTOR('',#11571,1.);
#11571 = DIRECTION('',(1.,-2.22044604925E-16));
#11572 = ( GEOMETRIC_REPRESENTATION_CONTEXT(2) 
PARAMETRIC_REPRESENTATION_CONTEXT() REPRESENTATION_CONTEXT('2D SPACE',''
  ) );
#11573 = ADVANCED_FACE('',(#11574),#11465,.T.);
#11574 = FACE_BOUND('',#11575,.T.);
#11575 = EDGE_LOOP('',(#11576,#11606,#11627,#11628));
#11576 = ORIENTED_EDGE('',*,*,#11577,.T.);
#11577 = EDGE_CURVE('',#11578,#11580,#11582,.T.);
#11578 = VERTEX_POINT('',#11579);
#11579 = CARTESIAN_POINT('',(31.75,0.,102.24135));
#11580 = VERTEX_POINT('',#11581);
#11581 = CARTESIAN_POINT('',(31.75,12.7,102.24135));
#11582 = SURFACE_CURVE('',#11583,(#11587,#11594),.PCURVE_S1.);
#11583 = LINE('',#11584,#11585);
#11584 = CARTESIAN_POINT('',(31.75,0.,102.24135));
#11585 = VECTOR('',#11586,1.);
#11586 = DIRECTION('',(0.,1.,0.));
#11587 = PCURVE('',#11465,#11588);
#11588 = DEFINITIONAL_REPRESENTATION('',(#11589),#11593);
#11589 = LINE('',#11590,#11591);
#11590 = CARTESIAN_POINT('',(0.,0.));
#11591 = VECTOR('',#11592,1.);
#11592 = DIRECTION('',(0.,-1.));
#11593 = ( GEOMETRIC_REPRESENTATION_CONTEXT(2) 
PARAMETRIC_REPRESENTATION_CONTEXT() REPRESENTATION_CONTEXT('2D SPACE',''
  ) );
#11594 = PCURVE('',#11595,#11600);
#11595 = PLANE('',#11596);
#11596 = AXIS2_PLACEMENT_3D('',#11597,#11598,#11599);
#11597 = CARTESIAN_POINT('',(31.75,0.,102.24135));
#11598 = DIRECTION('',(-2.22044604925E-16,0.,-1.));
#11599 = DIRECTION('',(1.,0.,-2.22044604925E-16));
#11600 = DEFINITIONAL_REPRESENTATION('',(#11601),#11605);
#11601 = LINE('',#11602,#11603);
#11602 = CARTESIAN_POINT('',(7.105427357601E-15,0.));
#11603 = VECTOR('',#11604,1.);
#11604 = DIRECTION('',(0.,-1.));
#11605 = ( GEOMETRIC_REPRESENTATION_CONTEXT(2) 
PARAMETRIC_REPRESENTATION_CONTEXT() REPRESENTATION_CONTEXT('2D SPACE',''
  ) );
#11606 = ORIENTED_EDGE('',*,*,#11607,.T.);
#11607 = EDGE_CURVE('',#11580,#11427,#11608,.T.);
#11608 = SURFACE_CURVE('',#11609,(#11613,#11620),.PCURVE_S1.);
#11609 = LINE('',#11610,#11611);
#11610 = CARTESIAN_POINT('',(31.75,12.7,107.95));
#11611 = VECTOR('',#11612,1.);
#11612 = DIRECTION('',(-2.22044604925E-16,0.,1.));
#11613 = PCURVE('',#11465,#11614);
#11614 = DEFINITIONAL_REPRESENTATION('',(#11615),#11619);
#11615 = LINE('',#11616,#11617);
#11616 = CARTESIAN_POINT('',(5.70865,-12.7));
#11617 = VECTOR('',#11618,1.);
#11618 = DIRECTION('',(1.,0.));
#11619 = ( GEOMETRIC_REPRESENTATION_CONTEXT(2) 
PARAMETRIC_REPRESENTATION_CONTEXT() REPRESENTATION_CONTEXT('2D SPACE',''
  ) );
#11620 = PCURVE('',#9608,#11621);
#11621 = DEFINITIONAL_REPRESENTATION('',(#11622),#11626);
#11622 = LINE('',#11623,#11624);
#11623 = CARTESIAN_POINT('',(-79.59395621475,16.996267289989));
#11624 = VECTOR('',#11625,1.);
#11625 = DIRECTION('',(-2.22044604925E-16,1.));
#11626 = ( GEOMETRIC_REPRESENTATION_CONTEXT(2) 
PARAMETRIC_REPRESENTATION_CONTEXT() REPRESENTATION_CONTEXT('2D SPACE',''
  ) );
#11627 = ORIENTED_EDGE('',*,*,#11449,.F.);
#11628 = ORIENTED_EDGE('',*,*,#11629,.F.);
#11629 = EDGE_CURVE('',#11578,#11450,#11630,.T.);
#11630 = SURFACE_CURVE('',#11631,(#11635,#11642),.PCURVE_S1.);
#11631 = LINE('',#11632,#11633);
#11632 = CARTESIAN_POINT('',(31.75,0.,107.95));
#11633 = VECTOR('',#11634,1.);
#11634 = DIRECTION('',(-2.22044604925E-16,0.,1.));
#11635 = PCURVE('',#11465,#11636);
#11636 = DEFINITIONAL_REPRESENTATION('',(#11637),#11641);
#11637 = LINE('',#11638,#11639);
#11638 = CARTESIAN_POINT('',(5.70865,0.));
#11639 = VECTOR('',#11640,1.);
#11640 = DIRECTION('',(1.,0.));
#11641 = ( GEOMETRIC_REPRESENTATION_CONTEXT(2) 
PARAMETRIC_REPRESENTATION_CONTEXT() REPRESENTATION_CONTEXT('2D SPACE',''
  ) );
#11642 = PCURVE('',#9662,#11643);
#11643 = DEFINITIONAL_REPRESENTATION('',(#11644),#11648);
#11644 = LINE('',#11645,#11646);
#11645 = CARTESIAN_POINT('',(-79.59395621475,16.996267289989));
#11646 = VECTOR('',#11647,1.);
#11647 = DIRECTION('',(-2.22044604925E-16,1.));
#11648 = ( GEOMETRIC_REPRESENTATION_CONTEXT(2) 
PARAMETRIC_REPRESENTATION_CONTEXT() REPRESENTATION_CONTEXT('2D SPACE',''
  ) );
#11649 = ADVANCED_FACE('',(#11650),#11519,.F.);
#11650 = FACE_BOUND('',#11651,.F.);
#11651 = EDGE_LOOP('',(#11652,#11682,#11703,#11704));
#11652 = ORIENTED_EDGE('',*,*,#11653,.T.);
#11653 = EDGE_CURVE('',#11654,#11656,#11658,.T.);
#11654 = VERTEX_POINT('',#11655);
#11655 = CARTESIAN_POINT('',(37.6174,0.,159.39135));
#11656 = VERTEX_POINT('',#11657);
#11657 = CARTESIAN_POINT('',(37.6174,12.7,159.39135));
#11658 = SURFACE_CURVE('',#11659,(#11663,#11670),.PCURVE_S1.);
#11659 = LINE('',#11660,#11661);
#11660 = CARTESIAN_POINT('',(37.6174,0.,159.39135));
#11661 = VECTOR('',#11662,1.);
#11662 = DIRECTION('',(0.,1.,0.));
#11663 = PCURVE('',#11519,#11664);
#11664 = DEFINITIONAL_REPRESENTATION('',(#11665),#11669);
#11665 = LINE('',#11666,#11667);
#11666 = CARTESIAN_POINT('',(0.,0.));
#11667 = VECTOR('',#11668,1.);
#11668 = DIRECTION('',(0.,-1.));
#11669 = ( GEOMETRIC_REPRESENTATION_CONTEXT(2) 
PARAMETRIC_REPRESENTATION_CONTEXT() REPRESENTATION_CONTEXT('2D SPACE',''
  ) );
#11670 = PCURVE('',#11671,#11676);
#11671 = PLANE('',#11672);
#11672 = AXIS2_PLACEMENT_3D('',#11673,#11674,#11675);
#11673 = CARTESIAN_POINT('',(31.75,0.,159.39135));
#11674 = DIRECTION('',(-2.22044604925E-16,0.,-1.));
#11675 = DIRECTION('',(1.,0.,-2.22044604925E-16));
#11676 = DEFINITIONAL_REPRESENTATION('',(#11677),#11681);
#11677 = LINE('',#11678,#11679);
#11678 = CARTESIAN_POINT('',(5.8674,0.));
#11679 = VECTOR('',#11680,1.);
#11680 = DIRECTION('',(0.,-1.));
#11681 = ( GEOMETRIC_REPRESENTATION_CONTEXT(2) 
PARAMETRIC_REPRESENTATION_CONTEXT() REPRESENTATION_CONTEXT('2D SPACE',''
  ) );
#11682 = ORIENTED_EDGE('',*,*,#11683,.T.);
#11683 = EDGE_CURVE('',#11656,#11504,#11684,.T.);
#11684 = SURFACE_CURVE('',#11685,(#11689,#11696),.PCURVE_S1.);
#11685 = LINE('',#11686,#11687);
#11686 = CARTESIAN_POINT('',(37.6174,12.7,165.1));
#11687 = VECTOR('',#11688,1.);
#11688 = DIRECTION('',(-2.22044604925E-16,0.,1.));
#11689 = PCURVE('',#11519,#11690);
#11690 = DEFINITIONAL_REPRESENTATION('',(#11691),#11695);
#11691 = LINE('',#11692,#11693);
#11692 = CARTESIAN_POINT('',(5.70865,-12.7));
#11693 = VECTOR('',#11694,1.);
#11694 = DIRECTION('',(1.,0.));
#11695 = ( GEOMETRIC_REPRESENTATION_CONTEXT(2) 
PARAMETRIC_REPRESENTATION_CONTEXT() REPRESENTATION_CONTEXT('2D SPACE',''
  ) );
#11696 = PCURVE('',#9608,#11697);
#11697 = DEFINITIONAL_REPRESENTATION('',(#11698),#11702);
#11698 = LINE('',#11699,#11700);
#11699 = CARTESIAN_POINT('',(-73.72655621475,74.146267289989));
#11700 = VECTOR('',#11701,1.);
#11701 = DIRECTION('',(-2.22044604925E-16,1.));
#11702 = ( GEOMETRIC_REPRESENTATION_CONTEXT(2) 
PARAMETRIC_REPRESENTATION_CONTEXT() REPRESENTATION_CONTEXT('2D SPACE',''
  ) );
#11703 = ORIENTED_EDGE('',*,*,#11501,.F.);
#11704 = ORIENTED_EDGE('',*,*,#11705,.F.);
#11705 = EDGE_CURVE('',#11654,#11502,#11706,.T.);
#11706 = SURFACE_CURVE('',#11707,(#11711,#11718),.PCURVE_S1.);
#11707 = LINE('',#11708,#11709);
#11708 = CARTESIAN_POINT('',(37.6174,0.,165.1));
#11709 = VECTOR('',#11710,1.);
#11710 = DIRECTION('',(-2.22044604925E-16,0.,1.));
#11711 = PCURVE('',#11519,#11712);
#11712 = DEFINITIONAL_REPRESENTATION('',(#11713),#11717);
#11713 = LINE('',#11714,#11715);
#11714 = CARTESIAN_POINT('',(5.70865,0.));
#11715 = VECTOR('',#11716,1.);
#11716 = DIRECTION('',(1.,0.));
#11717 = ( GEOMETRIC_REPRESENTATION_CONTEXT(2) 
PARAMETRIC_REPRESENTATION_CONTEXT() REPRESENTATION_CONTEXT('2D SPACE',''
  ) );
#11718 = PCURVE('',#9662,#11719);
#11719 = DEFINITIONAL_REPRESENTATION('',(#11720),#11724);
#11720 = LINE('',#11721,#11722);
#11721 = CARTESIAN_POINT('',(-73.72655621475,74.146267289989));
#11722 = VECTOR('',#11723,1.);
#11723 = DIRECTION('',(-2.22044604925E-16,1.));
#11724 = ( GEOMETRIC_REPRESENTATION_CONTEXT(2) 
PARAMETRIC_REPRESENTATION_CONTEXT() REPRESENTATION_CONTEXT('2D SPACE',''
  ) );
#11725 = ADVANCED_FACE('',(#11726),#11595,.F.);
#11726 = FACE_BOUND('',#11727,.F.);
#11727 = EDGE_LOOP('',(#11728,#11729,#11752,#11780));
#11728 = ORIENTED_EDGE('',*,*,#11577,.T.);
#11729 = ORIENTED_EDGE('',*,*,#11730,.T.);
#11730 = EDGE_CURVE('',#11580,#11731,#11733,.T.);
#11731 = VERTEX_POINT('',#11732);
#11732 = CARTESIAN_POINT('',(37.6174,12.7,102.24135));
#11733 = SURFACE_CURVE('',#11734,(#11738,#11745),.PCURVE_S1.);
#11734 = LINE('',#11735,#11736);
#11735 = CARTESIAN_POINT('',(34.6837,12.7,102.24135));
#11736 = VECTOR('',#11737,1.);
#11737 = DIRECTION('',(1.,0.,-2.22044604925E-16));
#11738 = PCURVE('',#11595,#11739);
#11739 = DEFINITIONAL_REPRESENTATION('',(#11740),#11744);
#11740 = LINE('',#11741,#11742);
#11741 = CARTESIAN_POINT('',(2.9337,-12.7));
#11742 = VECTOR('',#11743,1.);
#11743 = DIRECTION('',(1.,0.));
#11744 = ( GEOMETRIC_REPRESENTATION_CONTEXT(2) 
PARAMETRIC_REPRESENTATION_CONTEXT() REPRESENTATION_CONTEXT('2D SPACE',''
  ) );
#11745 = PCURVE('',#9608,#11746);
#11746 = DEFINITIONAL_REPRESENTATION('',(#11747),#11751);
#11747 = LINE('',#11748,#11749);
#11748 = CARTESIAN_POINT('',(-76.66025621475,11.287617289989));
#11749 = VECTOR('',#11750,1.);
#11750 = DIRECTION('',(1.,-2.22044604925E-16));
#11751 = ( GEOMETRIC_REPRESENTATION_CONTEXT(2) 
PARAMETRIC_REPRESENTATION_CONTEXT() REPRESENTATION_CONTEXT('2D SPACE',''
  ) );
#11752 = ORIENTED_EDGE('',*,*,#11753,.F.);
#11753 = EDGE_CURVE('',#11754,#11731,#11756,.T.);
#11754 = VERTEX_POINT('',#11755);
#11755 = CARTESIAN_POINT('',(37.6174,0.,102.24135));
#11756 = SURFACE_CURVE('',#11757,(#11761,#11768),.PCURVE_S1.);
#11757 = LINE('',#11758,#11759);
#11758 = CARTESIAN_POINT('',(37.6174,0.,102.24135));
#11759 = VECTOR('',#11760,1.);
#11760 = DIRECTION('',(0.,1.,0.));
#11761 = PCURVE('',#11595,#11762);
#11762 = DEFINITIONAL_REPRESENTATION('',(#11763),#11767);
#11763 = LINE('',#11764,#11765);
#11764 = CARTESIAN_POINT('',(5.8674,0.));
#11765 = VECTOR('',#11766,1.);
#11766 = DIRECTION('',(0.,-1.));
#11767 = ( GEOMETRIC_REPRESENTATION_CONTEXT(2) 
PARAMETRIC_REPRESENTATION_CONTEXT() REPRESENTATION_CONTEXT('2D SPACE',''
  ) );
#11768 = PCURVE('',#11769,#11774);
#11769 = PLANE('',#11770);
#11770 = AXIS2_PLACEMENT_3D('',#11771,#11772,#11773);
#11771 = CARTESIAN_POINT('',(37.6174,0.,102.24135));
#11772 = DIRECTION('',(1.,-0.,2.22044604925E-16));
#11773 = DIRECTION('',(-2.22044604925E-16,0.,1.));
#11774 = DEFINITIONAL_REPRESENTATION('',(#11775),#11779);
#11775 = LINE('',#11776,#11777);
#11776 = CARTESIAN_POINT('',(0.,0.));
#11777 = VECTOR('',#11778,1.);
#11778 = DIRECTION('',(0.,-1.));
#11779 = ( GEOMETRIC_REPRESENTATION_CONTEXT(2) 
PARAMETRIC_REPRESENTATION_CONTEXT() REPRESENTATION_CONTEXT('2D SPACE',''
  ) );
#11780 = ORIENTED_EDGE('',*,*,#11781,.F.);
#11781 = EDGE_CURVE('',#11578,#11754,#11782,.T.);
#11782 = SURFACE_CURVE('',#11783,(#11787,#11794),.PCURVE_S1.);
#11783 = LINE('',#11784,#11785);
#11784 = CARTESIAN_POINT('',(34.6837,0.,102.24135));
#11785 = VECTOR('',#11786,1.);
#11786 = DIRECTION('',(1.,0.,-2.22044604925E-16));
#11787 = PCURVE('',#11595,#11788);
#11788 = DEFINITIONAL_REPRESENTATION('',(#11789),#11793);
#11789 = LINE('',#11790,#11791);
#11790 = CARTESIAN_POINT('',(2.9337,0.));
#11791 = VECTOR('',#11792,1.);
#11792 = DIRECTION('',(1.,0.));
#11793 = ( GEOMETRIC_REPRESENTATION_CONTEXT(2) 
PARAMETRIC_REPRESENTATION_CONTEXT() REPRESENTATION_CONTEXT('2D SPACE',''
  ) );
#11794 = PCURVE('',#9662,#11795);
#11795 = DEFINITIONAL_REPRESENTATION('',(#11796),#11800);
#11796 = LINE('',#11797,#11798);
#11797 = CARTESIAN_POINT('',(-76.66025621475,11.287617289989));
#11798 = VECTOR('',#11799,1.);
#11799 = DIRECTION('',(1.,-2.22044604925E-16));
#11800 = ( GEOMETRIC_REPRESENTATION_CONTEXT(2) 
PARAMETRIC_REPRESENTATION_CONTEXT() REPRESENTATION_CONTEXT('2D SPACE',''
  ) );
#11801 = ADVANCED_FACE('',(#11802),#11671,.F.);
#11802 = FACE_BOUND('',#11803,.F.);
#11803 = EDGE_LOOP('',(#11804,#11834,#11855,#11856));
#11804 = ORIENTED_EDGE('',*,*,#11805,.T.);
#11805 = EDGE_CURVE('',#11806,#11808,#11810,.T.);
#11806 = VERTEX_POINT('',#11807);
#11807 = CARTESIAN_POINT('',(31.75,0.,159.39135));
#11808 = VERTEX_POINT('',#11809);
#11809 = CARTESIAN_POINT('',(31.75,12.7,159.39135));
#11810 = SURFACE_CURVE('',#11811,(#11815,#11822),.PCURVE_S1.);
#11811 = LINE('',#11812,#11813);
#11812 = CARTESIAN_POINT('',(31.75,0.,159.39135));
#11813 = VECTOR('',#11814,1.);
#11814 = DIRECTION('',(0.,1.,0.));
#11815 = PCURVE('',#11671,#11816);
#11816 = DEFINITIONAL_REPRESENTATION('',(#11817),#11821);
#11817 = LINE('',#11818,#11819);
#11818 = CARTESIAN_POINT('',(-3.552713678801E-15,-0.));
#11819 = VECTOR('',#11820,1.);
#11820 = DIRECTION('',(0.,-1.));
#11821 = ( GEOMETRIC_REPRESENTATION_CONTEXT(2) 
PARAMETRIC_REPRESENTATION_CONTEXT() REPRESENTATION_CONTEXT('2D SPACE',''
  ) );
#11822 = PCURVE('',#11823,#11828);
#11823 = PLANE('',#11824);
#11824 = AXIS2_PLACEMENT_3D('',#11825,#11826,#11827);
#11825 = CARTESIAN_POINT('',(31.75,0.,159.39135));
#11826 = DIRECTION('',(1.,-0.,2.22044604925E-16));
#11827 = DIRECTION('',(-2.22044604925E-16,0.,1.));
#11828 = DEFINITIONAL_REPRESENTATION('',(#11829),#11833);
#11829 = LINE('',#11830,#11831);
#11830 = CARTESIAN_POINT('',(0.,0.));
#11831 = VECTOR('',#11832,1.);
#11832 = DIRECTION('',(0.,-1.));
#11833 = ( GEOMETRIC_REPRESENTATION_CONTEXT(2) 
PARAMETRIC_REPRESENTATION_CONTEXT() REPRESENTATION_CONTEXT('2D SPACE',''
  ) );
#11834 = ORIENTED_EDGE('',*,*,#11835,.T.);
#11835 = EDGE_CURVE('',#11808,#11656,#11836,.T.);
#11836 = SURFACE_CURVE('',#11837,(#11841,#11848),.PCURVE_S1.);
#11837 = LINE('',#11838,#11839);
#11838 = CARTESIAN_POINT('',(34.6837,12.7,159.39135));
#11839 = VECTOR('',#11840,1.);
#11840 = DIRECTION('',(1.,0.,-2.22044604925E-16));
#11841 = PCURVE('',#11671,#11842);
#11842 = DEFINITIONAL_REPRESENTATION('',(#11843),#11847);
#11843 = LINE('',#11844,#11845);
#11844 = CARTESIAN_POINT('',(2.9337,-12.7));
#11845 = VECTOR('',#11846,1.);
#11846 = DIRECTION('',(1.,0.));
#11847 = ( GEOMETRIC_REPRESENTATION_CONTEXT(2) 
PARAMETRIC_REPRESENTATION_CONTEXT() REPRESENTATION_CONTEXT('2D SPACE',''
  ) );
#11848 = PCURVE('',#9608,#11849);
#11849 = DEFINITIONAL_REPRESENTATION('',(#11850),#11854);
#11850 = LINE('',#11851,#11852);
#11851 = CARTESIAN_POINT('',(-76.66025621475,68.437617289989));
#11852 = VECTOR('',#11853,1.);
#11853 = DIRECTION('',(1.,-2.22044604925E-16));
#11854 = ( GEOMETRIC_REPRESENTATION_CONTEXT(2) 
PARAMETRIC_REPRESENTATION_CONTEXT() REPRESENTATION_CONTEXT('2D SPACE',''
  ) );
#11855 = ORIENTED_EDGE('',*,*,#11653,.F.);
#11856 = ORIENTED_EDGE('',*,*,#11857,.F.);
#11857 = EDGE_CURVE('',#11806,#11654,#11858,.T.);
#11858 = SURFACE_CURVE('',#11859,(#11863,#11870),.PCURVE_S1.);
#11859 = LINE('',#11860,#11861);
#11860 = CARTESIAN_POINT('',(34.6837,0.,159.39135));
#11861 = VECTOR('',#11862,1.);
#11862 = DIRECTION('',(1.,0.,-2.22044604925E-16));
#11863 = PCURVE('',#11671,#11864);
#11864 = DEFINITIONAL_REPRESENTATION('',(#11865),#11869);
#11865 = LINE('',#11866,#11867);
#11866 = CARTESIAN_POINT('',(2.9337,0.));
#11867 = VECTOR('',#11868,1.);
#11868 = DIRECTION('',(1.,0.));
#11869 = ( GEOMETRIC_REPRESENTATION_CONTEXT(2) 
PARAMETRIC_REPRESENTATION_CONTEXT() REPRESENTATION_CONTEXT('2D SPACE',''
  ) );
#11870 = PCURVE('',#9662,#11871);
#11871 = DEFINITIONAL_REPRESENTATION('',(#11872),#11876);
#11872 = LINE('',#11873,#11874);
#11873 = CARTESIAN_POINT('',(-76.66025621475,68.437617289989));
#11874 = VECTOR('',#11875,1.);
#11875 = DIRECTION('',(1.,-2.22044604925E-16));
#11876 = ( GEOMETRIC_REPRESENTATION_CONTEXT(2) 
PARAMETRIC_REPRESENTATION_CONTEXT() REPRESENTATION_CONTEXT('2D SPACE',''
  ) );
#11877 = ADVANCED_FACE('',(#11878),#11769,.F.);
#11878 = FACE_BOUND('',#11879,.F.);
#11879 = EDGE_LOOP('',(#11880,#11881,#11904,#11932));
#11880 = ORIENTED_EDGE('',*,*,#11753,.T.);
#11881 = ORIENTED_EDGE('',*,*,#11882,.T.);
#11882 = EDGE_CURVE('',#11731,#11883,#11885,.T.);
#11883 = VERTEX_POINT('',#11884);
#11884 = CARTESIAN_POINT('',(37.6174,12.7,104.6226));
#11885 = SURFACE_CURVE('',#11886,(#11890,#11897),.PCURVE_S1.);
#11886 = LINE('',#11887,#11888);
#11887 = CARTESIAN_POINT('',(37.6174,12.7,107.95));
#11888 = VECTOR('',#11889,1.);
#11889 = DIRECTION('',(-2.22044604925E-16,0.,1.));
#11890 = PCURVE('',#11769,#11891);
#11891 = DEFINITIONAL_REPRESENTATION('',(#11892),#11896);
#11892 = LINE('',#11893,#11894);
#11893 = CARTESIAN_POINT('',(5.70865,-12.7));
#11894 = VECTOR('',#11895,1.);
#11895 = DIRECTION('',(1.,0.));
#11896 = ( GEOMETRIC_REPRESENTATION_CONTEXT(2) 
PARAMETRIC_REPRESENTATION_CONTEXT() REPRESENTATION_CONTEXT('2D SPACE',''
  ) );
#11897 = PCURVE('',#9608,#11898);
#11898 = DEFINITIONAL_REPRESENTATION('',(#11899),#11903);
#11899 = LINE('',#11900,#11901);
#11900 = CARTESIAN_POINT('',(-73.72655621475,16.996267289989));
#11901 = VECTOR('',#11902,1.);
#11902 = DIRECTION('',(-2.22044604925E-16,1.));
#11903 = ( GEOMETRIC_REPRESENTATION_CONTEXT(2) 
PARAMETRIC_REPRESENTATION_CONTEXT() REPRESENTATION_CONTEXT('2D SPACE',''
  ) );
#11904 = ORIENTED_EDGE('',*,*,#11905,.F.);
#11905 = EDGE_CURVE('',#11906,#11883,#11908,.T.);
#11906 = VERTEX_POINT('',#11907);
#11907 = CARTESIAN_POINT('',(37.6174,0.,104.6226));
#11908 = SURFACE_CURVE('',#11909,(#11913,#11920),.PCURVE_S1.);
#11909 = LINE('',#11910,#11911);
#11910 = CARTESIAN_POINT('',(37.6174,0.,104.6226));
#11911 = VECTOR('',#11912,1.);
#11912 = DIRECTION('',(0.,1.,0.));
#11913 = PCURVE('',#11769,#11914);
#11914 = DEFINITIONAL_REPRESENTATION('',(#11915),#11919);
#11915 = LINE('',#11916,#11917);
#11916 = CARTESIAN_POINT('',(2.38125,0.));
#11917 = VECTOR('',#11918,1.);
#11918 = DIRECTION('',(0.,-1.));
#11919 = ( GEOMETRIC_REPRESENTATION_CONTEXT(2) 
PARAMETRIC_REPRESENTATION_CONTEXT() REPRESENTATION_CONTEXT('2D SPACE',''
  ) );
#11920 = PCURVE('',#11921,#11926);
#11921 = PLANE('',#11922);
#11922 = AXIS2_PLACEMENT_3D('',#11923,#11924,#11925);
#11923 = CARTESIAN_POINT('',(37.6174,0.,104.6226));
#11924 = DIRECTION('',(-2.22044604925E-16,0.,-1.));
#11925 = DIRECTION('',(1.,0.,-2.22044604925E-16));
#11926 = DEFINITIONAL_REPRESENTATION('',(#11927),#11931);
#11927 = LINE('',#11928,#11929);
#11928 = CARTESIAN_POINT('',(0.,0.));
#11929 = VECTOR('',#11930,1.);
#11930 = DIRECTION('',(0.,-1.));
#11931 = ( GEOMETRIC_REPRESENTATION_CONTEXT(2) 
PARAMETRIC_REPRESENTATION_CONTEXT() REPRESENTATION_CONTEXT('2D SPACE',''
  ) );
#11932 = ORIENTED_EDGE('',*,*,#11933,.F.);
#11933 = EDGE_CURVE('',#11754,#11906,#11934,.T.);
#11934 = SURFACE_CURVE('',#11935,(#11939,#11946),.PCURVE_S1.);
#11935 = LINE('',#11936,#11937);
#11936 = CARTESIAN_POINT('',(37.6174,0.,107.95));
#11937 = VECTOR('',#11938,1.);
#11938 = DIRECTION('',(-2.22044604925E-16,0.,1.));
#11939 = PCURVE('',#11769,#11940);
#11940 = DEFINITIONAL_REPRESENTATION('',(#11941),#11945);
#11941 = LINE('',#11942,#11943);
#11942 = CARTESIAN_POINT('',(5.70865,0.));
#11943 = VECTOR('',#11944,1.);
#11944 = DIRECTION('',(1.,0.));
#11945 = ( GEOMETRIC_REPRESENTATION_CONTEXT(2) 
PARAMETRIC_REPRESENTATION_CONTEXT() REPRESENTATION_CONTEXT('2D SPACE',''
  ) );
#11946 = PCURVE('',#9662,#11947);
#11947 = DEFINITIONAL_REPRESENTATION('',(#11948),#11952);
#11948 = LINE('',#11949,#11950);
#11949 = CARTESIAN_POINT('',(-73.72655621475,16.996267289989));
#11950 = VECTOR('',#11951,1.);
#11951 = DIRECTION('',(-2.22044604925E-16,1.));
#11952 = ( GEOMETRIC_REPRESENTATION_CONTEXT(2) 
PARAMETRIC_REPRESENTATION_CONTEXT() REPRESENTATION_CONTEXT('2D SPACE',''
  ) );
#11953 = ADVANCED_FACE('',(#11954),#11823,.T.);
#11954 = FACE_BOUND('',#11955,.T.);
#11955 = EDGE_LOOP('',(#11956,#11957,#11980,#12008));
#11956 = ORIENTED_EDGE('',*,*,#11805,.T.);
#11957 = ORIENTED_EDGE('',*,*,#11958,.T.);
#11958 = EDGE_CURVE('',#11808,#11959,#11961,.T.);
#11959 = VERTEX_POINT('',#11960);
#11960 = CARTESIAN_POINT('',(31.75,12.7,161.7726));
#11961 = SURFACE_CURVE('',#11962,(#11966,#11973),.PCURVE_S1.);
#11962 = LINE('',#11963,#11964);
#11963 = CARTESIAN_POINT('',(31.75,12.7,165.1));
#11964 = VECTOR('',#11965,1.);
#11965 = DIRECTION('',(-2.22044604925E-16,0.,1.));
#11966 = PCURVE('',#11823,#11967);
#11967 = DEFINITIONAL_REPRESENTATION('',(#11968),#11972);
#11968 = LINE('',#11969,#11970);
#11969 = CARTESIAN_POINT('',(5.70865,-12.7));
#11970 = VECTOR('',#11971,1.);
#11971 = DIRECTION('',(1.,0.));
#11972 = ( GEOMETRIC_REPRESENTATION_CONTEXT(2) 
PARAMETRIC_REPRESENTATION_CONTEXT() REPRESENTATION_CONTEXT('2D SPACE',''
  ) );
#11973 = PCURVE('',#9608,#11974);
#11974 = DEFINITIONAL_REPRESENTATION('',(#11975),#11979);
#11975 = LINE('',#11976,#11977);
#11976 = CARTESIAN_POINT('',(-79.59395621475,74.146267289989));
#11977 = VECTOR('',#11978,1.);
#11978 = DIRECTION('',(-2.22044604925E-16,1.));
#11979 = ( GEOMETRIC_REPRESENTATION_CONTEXT(2) 
PARAMETRIC_REPRESENTATION_CONTEXT() REPRESENTATION_CONTEXT('2D SPACE',''
  ) );
#11980 = ORIENTED_EDGE('',*,*,#11981,.F.);
#11981 = EDGE_CURVE('',#11982,#11959,#11984,.T.);
#11982 = VERTEX_POINT('',#11983);
#11983 = CARTESIAN_POINT('',(31.75,0.,161.7726));
#11984 = SURFACE_CURVE('',#11985,(#11989,#11996),.PCURVE_S1.);
#11985 = LINE('',#11986,#11987);
#11986 = CARTESIAN_POINT('',(31.75,0.,161.7726));
#11987 = VECTOR('',#11988,1.);
#11988 = DIRECTION('',(0.,1.,0.));
#11989 = PCURVE('',#11823,#11990);
#11990 = DEFINITIONAL_REPRESENTATION('',(#11991),#11995);
#11991 = LINE('',#11992,#11993);
#11992 = CARTESIAN_POINT('',(2.38125,0.));
#11993 = VECTOR('',#11994,1.);
#11994 = DIRECTION('',(0.,-1.));
#11995 = ( GEOMETRIC_REPRESENTATION_CONTEXT(2) 
PARAMETRIC_REPRESENTATION_CONTEXT() REPRESENTATION_CONTEXT('2D SPACE',''
  ) );
#11996 = PCURVE('',#11997,#12002);
#11997 = PLANE('',#11998);
#11998 = AXIS2_PLACEMENT_3D('',#11999,#12000,#12001);
#11999 = CARTESIAN_POINT('',(12.7,0.,161.7726));
#12000 = DIRECTION('',(-2.22044604925E-16,0.,-1.));
#12001 = DIRECTION('',(1.,0.,-2.22044604925E-16));
#12002 = DEFINITIONAL_REPRESENTATION('',(#12003),#12007);
#12003 = LINE('',#12004,#12005);
#12004 = CARTESIAN_POINT('',(19.05,0.));
#12005 = VECTOR('',#12006,1.);
#12006 = DIRECTION('',(0.,-1.));
#12007 = ( GEOMETRIC_REPRESENTATION_CONTEXT(2) 
PARAMETRIC_REPRESENTATION_CONTEXT() REPRESENTATION_CONTEXT('2D SPACE',''
  ) );
#12008 = ORIENTED_EDGE('',*,*,#12009,.F.);
#12009 = EDGE_CURVE('',#11806,#11982,#12010,.T.);
#12010 = SURFACE_CURVE('',#12011,(#12015,#12022),.PCURVE_S1.);
#12011 = LINE('',#12012,#12013);
#12012 = CARTESIAN_POINT('',(31.75,0.,165.1));
#12013 = VECTOR('',#12014,1.);
#12014 = DIRECTION('',(-2.22044604925E-16,0.,1.));
#12015 = PCURVE('',#11823,#12016);
#12016 = DEFINITIONAL_REPRESENTATION('',(#12017),#12021);
#12017 = LINE('',#12018,#12019);
#12018 = CARTESIAN_POINT('',(5.70865,0.));
#12019 = VECTOR('',#12020,1.);
#12020 = DIRECTION('',(1.,0.));
#12021 = ( GEOMETRIC_REPRESENTATION_CONTEXT(2) 
PARAMETRIC_REPRESENTATION_CONTEXT() REPRESENTATION_CONTEXT('2D SPACE',''
  ) );
#12022 = PCURVE('',#9662,#12023);
#12023 = DEFINITIONAL_REPRESENTATION('',(#12024),#12028);
#12024 = LINE('',#12025,#12026);
#12025 = CARTESIAN_POINT('',(-79.59395621475,74.146267289989));
#12026 = VECTOR('',#12027,1.);
#12027 = DIRECTION('',(-2.22044604925E-16,1.));
#12028 = ( GEOMETRIC_REPRESENTATION_CONTEXT(2) 
PARAMETRIC_REPRESENTATION_CONTEXT() REPRESENTATION_CONTEXT('2D SPACE',''
  ) );
#12029 = ADVANCED_FACE('',(#12030),#11921,.F.);
#12030 = FACE_BOUND('',#12031,.F.);
#12031 = EDGE_LOOP('',(#12032,#12033,#12056,#12084));
#12032 = ORIENTED_EDGE('',*,*,#11905,.T.);
#12033 = ORIENTED_EDGE('',*,*,#12034,.T.);
#12034 = EDGE_CURVE('',#11883,#12035,#12037,.T.);
#12035 = VERTEX_POINT('',#12036);
#12036 = CARTESIAN_POINT('',(52.3875,12.7,104.6226));
#12037 = SURFACE_CURVE('',#12038,(#12042,#12049),.PCURVE_S1.);
#12038 = LINE('',#12039,#12040);
#12039 = CARTESIAN_POINT('',(32.54375,12.7,104.6226));
#12040 = VECTOR('',#12041,1.);
#12041 = DIRECTION('',(1.,0.,-2.22044604925E-16));
#12042 = PCURVE('',#11921,#12043);
#12043 = DEFINITIONAL_REPRESENTATION('',(#12044),#12048);
#12044 = LINE('',#12045,#12046);
#12045 = CARTESIAN_POINT('',(-5.07365,-12.7));
#12046 = VECTOR('',#12047,1.);
#12047 = DIRECTION('',(1.,0.));
#12048 = ( GEOMETRIC_REPRESENTATION_CONTEXT(2) 
PARAMETRIC_REPRESENTATION_CONTEXT() REPRESENTATION_CONTEXT('2D SPACE',''
  ) );
#12049 = PCURVE('',#9608,#12050);
#12050 = DEFINITIONAL_REPRESENTATION('',(#12051),#12055);
#12051 = LINE('',#12052,#12053);
#12052 = CARTESIAN_POINT('',(-78.80020621475,13.668867289989));
#12053 = VECTOR('',#12054,1.);
#12054 = DIRECTION('',(1.,-2.22044604925E-16));
#12055 = ( GEOMETRIC_REPRESENTATION_CONTEXT(2) 
PARAMETRIC_REPRESENTATION_CONTEXT() REPRESENTATION_CONTEXT('2D SPACE',''
  ) );
#12056 = ORIENTED_EDGE('',*,*,#12057,.F.);
#12057 = EDGE_CURVE('',#12058,#12035,#12060,.T.);
#12058 = VERTEX_POINT('',#12059);
#12059 = CARTESIAN_POINT('',(52.3875,0.,104.6226));
#12060 = SURFACE_CURVE('',#12061,(#12065,#12072),.PCURVE_S1.);
#12061 = LINE('',#12062,#12063);
#12062 = CARTESIAN_POINT('',(52.3875,0.,104.6226));
#12063 = VECTOR('',#12064,1.);
#12064 = DIRECTION('',(0.,1.,0.));
#12065 = PCURVE('',#11921,#12066);
#12066 = DEFINITIONAL_REPRESENTATION('',(#12067),#12071);
#12067 = LINE('',#12068,#12069);
#12068 = CARTESIAN_POINT('',(14.7701,0.));
#12069 = VECTOR('',#12070,1.);
#12070 = DIRECTION('',(0.,-1.));
#12071 = ( GEOMETRIC_REPRESENTATION_CONTEXT(2) 
PARAMETRIC_REPRESENTATION_CONTEXT() REPRESENTATION_CONTEXT('2D SPACE',''
  ) );
#12072 = PCURVE('',#12073,#12078);
#12073 = PLANE('',#12074);
#12074 = AXIS2_PLACEMENT_3D('',#12075,#12076,#12077);
#12075 = CARTESIAN_POINT('',(52.3875,0.,104.6226));
#12076 = DIRECTION('',(1.,-0.,2.22044604925E-16));
#12077 = DIRECTION('',(-2.22044604925E-16,0.,1.));
#12078 = DEFINITIONAL_REPRESENTATION('',(#12079),#12083);
#12079 = LINE('',#12080,#12081);
#12080 = CARTESIAN_POINT('',(0.,0.));
#12081 = VECTOR('',#12082,1.);
#12082 = DIRECTION('',(0.,-1.));
#12083 = ( GEOMETRIC_REPRESENTATION_CONTEXT(2) 
PARAMETRIC_REPRESENTATION_CONTEXT() REPRESENTATION_CONTEXT('2D SPACE',''
  ) );
#12084 = ORIENTED_EDGE('',*,*,#12085,.F.);
#12085 = EDGE_CURVE('',#11906,#12058,#12086,.T.);
#12086 = SURFACE_CURVE('',#12087,(#12091,#12098),.PCURVE_S1.);
#12087 = LINE('',#12088,#12089);
#12088 = CARTESIAN_POINT('',(32.54375,0.,104.6226));
#12089 = VECTOR('',#12090,1.);
#12090 = DIRECTION('',(1.,0.,-2.22044604925E-16));
#12091 = PCURVE('',#11921,#12092);
#12092 = DEFINITIONAL_REPRESENTATION('',(#12093),#12097);
#12093 = LINE('',#12094,#12095);
#12094 = CARTESIAN_POINT('',(-5.07365,-0.));
#12095 = VECTOR('',#12096,1.);
#12096 = DIRECTION('',(1.,0.));
#12097 = ( GEOMETRIC_REPRESENTATION_CONTEXT(2) 
PARAMETRIC_REPRESENTATION_CONTEXT() REPRESENTATION_CONTEXT('2D SPACE',''
  ) );
#12098 = PCURVE('',#9662,#12099);
#12099 = DEFINITIONAL_REPRESENTATION('',(#12100),#12104);
#12100 = LINE('',#12101,#12102);
#12101 = CARTESIAN_POINT('',(-78.80020621475,13.668867289989));
#12102 = VECTOR('',#12103,1.);
#12103 = DIRECTION('',(1.,-2.22044604925E-16));
#12104 = ( GEOMETRIC_REPRESENTATION_CONTEXT(2) 
PARAMETRIC_REPRESENTATION_CONTEXT() REPRESENTATION_CONTEXT('2D SPACE',''
  ) );
#12105 = ADVANCED_FACE('',(#12106),#11997,.F.);
#12106 = FACE_BOUND('',#12107,.F.);
#12107 = EDGE_LOOP('',(#12108,#12138,#12159,#12160));
#12108 = ORIENTED_EDGE('',*,*,#12109,.T.);
#12109 = EDGE_CURVE('',#12110,#12112,#12114,.T.);
#12110 = VERTEX_POINT('',#12111);
#12111 = CARTESIAN_POINT('',(12.7,0.,161.7726));
#12112 = VERTEX_POINT('',#12113);
#12113 = CARTESIAN_POINT('',(12.7,12.7,161.7726));
#12114 = SURFACE_CURVE('',#12115,(#12119,#12126),.PCURVE_S1.);
#12115 = LINE('',#12116,#12117);
#12116 = CARTESIAN_POINT('',(12.7,0.,161.7726));
#12117 = VECTOR('',#12118,1.);
#12118 = DIRECTION('',(0.,1.,0.));
#12119 = PCURVE('',#11997,#12120);
#12120 = DEFINITIONAL_REPRESENTATION('',(#12121),#12125);
#12121 = LINE('',#12122,#12123);
#12122 = CARTESIAN_POINT('',(1.24344978758E-14,0.));
#12123 = VECTOR('',#12124,1.);
#12124 = DIRECTION('',(0.,-1.));
#12125 = ( GEOMETRIC_REPRESENTATION_CONTEXT(2) 
PARAMETRIC_REPRESENTATION_CONTEXT() REPRESENTATION_CONTEXT('2D SPACE',''
  ) );
#12126 = PCURVE('',#12127,#12132);
#12127 = PLANE('',#12128);
#12128 = AXIS2_PLACEMENT_3D('',#12129,#12130,#12131);
#12129 = CARTESIAN_POINT('',(12.7,0.,161.7726));
#12130 = DIRECTION('',(-1.,0.,0.));
#12131 = DIRECTION('',(0.,0.,-1.));
#12132 = DEFINITIONAL_REPRESENTATION('',(#12133),#12137);
#12133 = LINE('',#12134,#12135);
#12134 = CARTESIAN_POINT('',(0.,-0.));
#12135 = VECTOR('',#12136,1.);
#12136 = DIRECTION('',(0.,-1.));
#12137 = ( GEOMETRIC_REPRESENTATION_CONTEXT(2) 
PARAMETRIC_REPRESENTATION_CONTEXT() REPRESENTATION_CONTEXT('2D SPACE',''
  ) );
#12138 = ORIENTED_EDGE('',*,*,#12139,.T.);
#12139 = EDGE_CURVE('',#12112,#11959,#12140,.T.);
#12140 = SURFACE_CURVE('',#12141,(#12145,#12152),.PCURVE_S1.);
#12141 = LINE('',#12142,#12143);
#12142 = CARTESIAN_POINT('',(32.54375,12.7,161.7726));
#12143 = VECTOR('',#12144,1.);
#12144 = DIRECTION('',(1.,0.,-2.22044604925E-16));
#12145 = PCURVE('',#11997,#12146);
#12146 = DEFINITIONAL_REPRESENTATION('',(#12147),#12151);
#12147 = LINE('',#12148,#12149);
#12148 = CARTESIAN_POINT('',(19.84375,-12.7));
#12149 = VECTOR('',#12150,1.);
#12150 = DIRECTION('',(1.,0.));
#12151 = ( GEOMETRIC_REPRESENTATION_CONTEXT(2) 
PARAMETRIC_REPRESENTATION_CONTEXT() REPRESENTATION_CONTEXT('2D SPACE',''
  ) );
#12152 = PCURVE('',#9608,#12153);
#12153 = DEFINITIONAL_REPRESENTATION('',(#12154),#12158);
#12154 = LINE('',#12155,#12156);
#12155 = CARTESIAN_POINT('',(-78.80020621475,70.818867289989));
#12156 = VECTOR('',#12157,1.);
#12157 = DIRECTION('',(1.,-2.22044604925E-16));
#12158 = ( GEOMETRIC_REPRESENTATION_CONTEXT(2) 
PARAMETRIC_REPRESENTATION_CONTEXT() REPRESENTATION_CONTEXT('2D SPACE',''
  ) );
#12159 = ORIENTED_EDGE('',*,*,#11981,.F.);
#12160 = ORIENTED_EDGE('',*,*,#12161,.F.);
#12161 = EDGE_CURVE('',#12110,#11982,#12162,.T.);
#12162 = SURFACE_CURVE('',#12163,(#12167,#12174),.PCURVE_S1.);
#12163 = LINE('',#12164,#12165);
#12164 = CARTESIAN_POINT('',(32.54375,0.,161.7726));
#12165 = VECTOR('',#12166,1.);
#12166 = DIRECTION('',(1.,0.,-2.22044604925E-16));
#12167 = PCURVE('',#11997,#12168);
#12168 = DEFINITIONAL_REPRESENTATION('',(#12169),#12173);
#12169 = LINE('',#12170,#12171);
#12170 = CARTESIAN_POINT('',(19.84375,0.));
#12171 = VECTOR('',#12172,1.);
#12172 = DIRECTION('',(1.,0.));
#12173 = ( GEOMETRIC_REPRESENTATION_CONTEXT(2) 
PARAMETRIC_REPRESENTATION_CONTEXT() REPRESENTATION_CONTEXT('2D SPACE',''
  ) );
#12174 = PCURVE('',#9662,#12175);
#12175 = DEFINITIONAL_REPRESENTATION('',(#12176),#12180);
#12176 = LINE('',#12177,#12178);
#12177 = CARTESIAN_POINT('',(-78.80020621475,70.818867289989));
#12178 = VECTOR('',#12179,1.);
#12179 = DIRECTION('',(1.,-2.22044604925E-16));
#12180 = ( GEOMETRIC_REPRESENTATION_CONTEXT(2) 
PARAMETRIC_REPRESENTATION_CONTEXT() REPRESENTATION_CONTEXT('2D SPACE',''
  ) );
#12181 = ADVANCED_FACE('',(#12182),#12073,.F.);
#12182 = FACE_BOUND('',#12183,.F.);
#12183 = EDGE_LOOP('',(#12184,#12185,#12208,#12236));
#12184 = ORIENTED_EDGE('',*,*,#12057,.T.);
#12185 = ORIENTED_EDGE('',*,*,#12186,.T.);
#12186 = EDGE_CURVE('',#12035,#12187,#12189,.T.);
#12187 = VERTEX_POINT('',#12188);
#12188 = CARTESIAN_POINT('',(52.3875,12.7,111.2774));
#12189 = SURFACE_CURVE('',#12190,(#12194,#12201),.PCURVE_S1.);
#12190 = LINE('',#12191,#12192);
#12191 = CARTESIAN_POINT('',(52.3875,12.7,107.95));
#12192 = VECTOR('',#12193,1.);
#12193 = DIRECTION('',(-2.22044604925E-16,0.,1.));
#12194 = PCURVE('',#12073,#12195);
#12195 = DEFINITIONAL_REPRESENTATION('',(#12196),#12200);
#12196 = LINE('',#12197,#12198);
#12197 = CARTESIAN_POINT('',(3.3274,-12.7));
#12198 = VECTOR('',#12199,1.);
#12199 = DIRECTION('',(1.,0.));
#12200 = ( GEOMETRIC_REPRESENTATION_CONTEXT(2) 
PARAMETRIC_REPRESENTATION_CONTEXT() REPRESENTATION_CONTEXT('2D SPACE',''
  ) );
#12201 = PCURVE('',#9608,#12202);
#12202 = DEFINITIONAL_REPRESENTATION('',(#12203),#12207);
#12203 = LINE('',#12204,#12205);
#12204 = CARTESIAN_POINT('',(-58.95645621475,16.996267289989));
#12205 = VECTOR('',#12206,1.);
#12206 = DIRECTION('',(-2.22044604925E-16,1.));
#12207 = ( GEOMETRIC_REPRESENTATION_CONTEXT(2) 
PARAMETRIC_REPRESENTATION_CONTEXT() REPRESENTATION_CONTEXT('2D SPACE',''
  ) );
#12208 = ORIENTED_EDGE('',*,*,#12209,.F.);
#12209 = EDGE_CURVE('',#12210,#12187,#12212,.T.);
#12210 = VERTEX_POINT('',#12211);
#12211 = CARTESIAN_POINT('',(52.3875,0.,111.2774));
#12212 = SURFACE_CURVE('',#12213,(#12217,#12224),.PCURVE_S1.);
#12213 = LINE('',#12214,#12215);
#12214 = CARTESIAN_POINT('',(52.3875,0.,111.2774));
#12215 = VECTOR('',#12216,1.);
#12216 = DIRECTION('',(0.,1.,0.));
#12217 = PCURVE('',#12073,#12218);
#12218 = DEFINITIONAL_REPRESENTATION('',(#12219),#12223);
#12219 = LINE('',#12220,#12221);
#12220 = CARTESIAN_POINT('',(6.6548,0.));
#12221 = VECTOR('',#12222,1.);
#12222 = DIRECTION('',(0.,-1.));
#12223 = ( GEOMETRIC_REPRESENTATION_CONTEXT(2) 
PARAMETRIC_REPRESENTATION_CONTEXT() REPRESENTATION_CONTEXT('2D SPACE',''
  ) );
#12224 = PCURVE('',#12225,#12230);
#12225 = PLANE('',#12226);
#12226 = AXIS2_PLACEMENT_3D('',#12227,#12228,#12229);
#12227 = CARTESIAN_POINT('',(37.6174,0.,111.2774));
#12228 = DIRECTION('',(-2.22044604925E-16,0.,-1.));
#12229 = DIRECTION('',(1.,0.,-2.22044604925E-16));
#12230 = DEFINITIONAL_REPRESENTATION('',(#12231),#12235);
#12231 = LINE('',#12232,#12233);
#12232 = CARTESIAN_POINT('',(14.7701,0.));
#12233 = VECTOR('',#12234,1.);
#12234 = DIRECTION('',(0.,-1.));
#12235 = ( GEOMETRIC_REPRESENTATION_CONTEXT(2) 
PARAMETRIC_REPRESENTATION_CONTEXT() REPRESENTATION_CONTEXT('2D SPACE',''
  ) );
#12236 = ORIENTED_EDGE('',*,*,#12237,.F.);
#12237 = EDGE_CURVE('',#12058,#12210,#12238,.T.);
#12238 = SURFACE_CURVE('',#12239,(#12243,#12250),.PCURVE_S1.);
#12239 = LINE('',#12240,#12241);
#12240 = CARTESIAN_POINT('',(52.3875,0.,107.95));
#12241 = VECTOR('',#12242,1.);
#12242 = DIRECTION('',(-2.22044604925E-16,0.,1.));
#12243 = PCURVE('',#12073,#12244);
#12244 = DEFINITIONAL_REPRESENTATION('',(#12245),#12249);
#12245 = LINE('',#12246,#12247);
#12246 = CARTESIAN_POINT('',(3.3274,0.));
#12247 = VECTOR('',#12248,1.);
#12248 = DIRECTION('',(1.,0.));
#12249 = ( GEOMETRIC_REPRESENTATION_CONTEXT(2) 
PARAMETRIC_REPRESENTATION_CONTEXT() REPRESENTATION_CONTEXT('2D SPACE',''
  ) );
#12250 = PCURVE('',#9662,#12251);
#12251 = DEFINITIONAL_REPRESENTATION('',(#12252),#12256);
#12252 = LINE('',#12253,#12254);
#12253 = CARTESIAN_POINT('',(-58.95645621475,16.996267289989));
#12254 = VECTOR('',#12255,1.);
#12255 = DIRECTION('',(-2.22044604925E-16,1.));
#12256 = ( GEOMETRIC_REPRESENTATION_CONTEXT(2) 
PARAMETRIC_REPRESENTATION_CONTEXT() REPRESENTATION_CONTEXT('2D SPACE',''
  ) );
#12257 = ADVANCED_FACE('',(#12258),#12127,.T.);
#12258 = FACE_BOUND('',#12259,.T.);
#12259 = EDGE_LOOP('',(#12260,#12261,#12284,#12312));
#12260 = ORIENTED_EDGE('',*,*,#12109,.T.);
#12261 = ORIENTED_EDGE('',*,*,#12262,.T.);
#12262 = EDGE_CURVE('',#12112,#12263,#12265,.T.);
#12263 = VERTEX_POINT('',#12264);
#12264 = CARTESIAN_POINT('',(12.7,12.7,111.2774));
#12265 = SURFACE_CURVE('',#12266,(#12270,#12277),.PCURVE_S1.);
#12266 = LINE('',#12267,#12268);
#12267 = CARTESIAN_POINT('',(12.7,12.7,203.2));
#12268 = VECTOR('',#12269,1.);
#12269 = DIRECTION('',(0.,0.,-1.));
#12270 = PCURVE('',#12127,#12271);
#12271 = DEFINITIONAL_REPRESENTATION('',(#12272),#12276);
#12272 = LINE('',#12273,#12274);
#12273 = CARTESIAN_POINT('',(-41.4274,-12.7));
#12274 = VECTOR('',#12275,1.);
#12275 = DIRECTION('',(1.,0.));
#12276 = ( GEOMETRIC_REPRESENTATION_CONTEXT(2) 
PARAMETRIC_REPRESENTATION_CONTEXT() REPRESENTATION_CONTEXT('2D SPACE',''
  ) );
#12277 = PCURVE('',#9608,#12278);
#12278 = DEFINITIONAL_REPRESENTATION('',(#12279),#12283);
#12279 = LINE('',#12280,#12281);
#12280 = CARTESIAN_POINT('',(-98.64395621475,112.24626728998));
#12281 = VECTOR('',#12282,1.);
#12282 = DIRECTION('',(0.,-1.));
#12283 = ( GEOMETRIC_REPRESENTATION_CONTEXT(2) 
PARAMETRIC_REPRESENTATION_CONTEXT() REPRESENTATION_CONTEXT('2D SPACE',''
  ) );
#12284 = ORIENTED_EDGE('',*,*,#12285,.F.);
#12285 = EDGE_CURVE('',#12286,#12263,#12288,.T.);
#12286 = VERTEX_POINT('',#12287);
#12287 = CARTESIAN_POINT('',(12.7,0.,111.2774));
#12288 = SURFACE_CURVE('',#12289,(#12293,#12300),.PCURVE_S1.);
#12289 = LINE('',#12290,#12291);
#12290 = CARTESIAN_POINT('',(12.7,0.,111.2774));
#12291 = VECTOR('',#12292,1.);
#12292 = DIRECTION('',(0.,1.,0.));
#12293 = PCURVE('',#12127,#12294);
#12294 = DEFINITIONAL_REPRESENTATION('',(#12295),#12299);
#12295 = LINE('',#12296,#12297);
#12296 = CARTESIAN_POINT('',(50.4952,0.));
#12297 = VECTOR('',#12298,1.);
#12298 = DIRECTION('',(0.,-1.));
#12299 = ( GEOMETRIC_REPRESENTATION_CONTEXT(2) 
PARAMETRIC_REPRESENTATION_CONTEXT() REPRESENTATION_CONTEXT('2D SPACE',''
  ) );
#12300 = PCURVE('',#12301,#12306);
#12301 = PLANE('',#12302);
#12302 = AXIS2_PLACEMENT_3D('',#12303,#12304,#12305);
#12303 = CARTESIAN_POINT('',(12.7,0.,111.2774));
#12304 = DIRECTION('',(-2.22044604925E-16,0.,-1.));
#12305 = DIRECTION('',(1.,0.,-2.22044604925E-16));
#12306 = DEFINITIONAL_REPRESENTATION('',(#12307),#12311);
#12307 = LINE('',#12308,#12309);
#12308 = CARTESIAN_POINT('',(0.,0.));
#12309 = VECTOR('',#12310,1.);
#12310 = DIRECTION('',(0.,-1.));
#12311 = ( GEOMETRIC_REPRESENTATION_CONTEXT(2) 
PARAMETRIC_REPRESENTATION_CONTEXT() REPRESENTATION_CONTEXT('2D SPACE',''
  ) );
#12312 = ORIENTED_EDGE('',*,*,#12313,.F.);
#12313 = EDGE_CURVE('',#12110,#12286,#12314,.T.);
#12314 = SURFACE_CURVE('',#12315,(#12319,#12326),.PCURVE_S1.);
#12315 = LINE('',#12316,#12317);
#12316 = CARTESIAN_POINT('',(12.7,0.,203.2));
#12317 = VECTOR('',#12318,1.);
#12318 = DIRECTION('',(0.,0.,-1.));
#12319 = PCURVE('',#12127,#12320);
#12320 = DEFINITIONAL_REPRESENTATION('',(#12321),#12325);
#12321 = LINE('',#12322,#12323);
#12322 = CARTESIAN_POINT('',(-41.4274,-0.));
#12323 = VECTOR('',#12324,1.);
#12324 = DIRECTION('',(1.,0.));
#12325 = ( GEOMETRIC_REPRESENTATION_CONTEXT(2) 
PARAMETRIC_REPRESENTATION_CONTEXT() REPRESENTATION_CONTEXT('2D SPACE',''
  ) );
#12326 = PCURVE('',#9662,#12327);
#12327 = DEFINITIONAL_REPRESENTATION('',(#12328),#12332);
#12328 = LINE('',#12329,#12330);
#12329 = CARTESIAN_POINT('',(-98.64395621475,112.24626728998));
#12330 = VECTOR('',#12331,1.);
#12331 = DIRECTION('',(0.,-1.));
#12332 = ( GEOMETRIC_REPRESENTATION_CONTEXT(2) 
PARAMETRIC_REPRESENTATION_CONTEXT() REPRESENTATION_CONTEXT('2D SPACE',''
  ) );
#12333 = ADVANCED_FACE('',(#12334),#12225,.T.);
#12334 = FACE_BOUND('',#12335,.T.);
#12335 = EDGE_LOOP('',(#12336,#12366,#12387,#12388));
#12336 = ORIENTED_EDGE('',*,*,#12337,.T.);
#12337 = EDGE_CURVE('',#12338,#12340,#12342,.T.);
#12338 = VERTEX_POINT('',#12339);
#12339 = CARTESIAN_POINT('',(37.6174,0.,111.2774));
#12340 = VERTEX_POINT('',#12341);
#12341 = CARTESIAN_POINT('',(37.6174,12.7,111.2774));
#12342 = SURFACE_CURVE('',#12343,(#12347,#12354),.PCURVE_S1.);
#12343 = LINE('',#12344,#12345);
#12344 = CARTESIAN_POINT('',(37.6174,0.,111.2774));
#12345 = VECTOR('',#12346,1.);
#12346 = DIRECTION('',(0.,1.,0.));
#12347 = PCURVE('',#12225,#12348);
#12348 = DEFINITIONAL_REPRESENTATION('',(#12349),#12353);
#12349 = LINE('',#12350,#12351);
#12350 = CARTESIAN_POINT('',(0.,0.));
#12351 = VECTOR('',#12352,1.);
#12352 = DIRECTION('',(0.,-1.));
#12353 = ( GEOMETRIC_REPRESENTATION_CONTEXT(2) 
PARAMETRIC_REPRESENTATION_CONTEXT() REPRESENTATION_CONTEXT('2D SPACE',''
  ) );
#12354 = PCURVE('',#12355,#12360);
#12355 = PLANE('',#12356);
#12356 = AXIS2_PLACEMENT_3D('',#12357,#12358,#12359);
#12357 = CARTESIAN_POINT('',(37.6174,0.,111.2774));
#12358 = DIRECTION('',(1.,-0.,2.22044604925E-16));
#12359 = DIRECTION('',(-2.22044604925E-16,0.,1.));
#12360 = DEFINITIONAL_REPRESENTATION('',(#12361),#12365);
#12361 = LINE('',#12362,#12363);
#12362 = CARTESIAN_POINT('',(0.,0.));
#12363 = VECTOR('',#12364,1.);
#12364 = DIRECTION('',(0.,-1.));
#12365 = ( GEOMETRIC_REPRESENTATION_CONTEXT(2) 
PARAMETRIC_REPRESENTATION_CONTEXT() REPRESENTATION_CONTEXT('2D SPACE',''
  ) );
#12366 = ORIENTED_EDGE('',*,*,#12367,.T.);
#12367 = EDGE_CURVE('',#12340,#12187,#12368,.T.);
#12368 = SURFACE_CURVE('',#12369,(#12373,#12380),.PCURVE_S1.);
#12369 = LINE('',#12370,#12371);
#12370 = CARTESIAN_POINT('',(32.54375,12.7,111.2774));
#12371 = VECTOR('',#12372,1.);
#12372 = DIRECTION('',(1.,0.,-2.22044604925E-16));
#12373 = PCURVE('',#12225,#12374);
#12374 = DEFINITIONAL_REPRESENTATION('',(#12375),#12379);
#12375 = LINE('',#12376,#12377);
#12376 = CARTESIAN_POINT('',(-5.07365,-12.7));
#12377 = VECTOR('',#12378,1.);
#12378 = DIRECTION('',(1.,0.));
#12379 = ( GEOMETRIC_REPRESENTATION_CONTEXT(2) 
PARAMETRIC_REPRESENTATION_CONTEXT() REPRESENTATION_CONTEXT('2D SPACE',''
  ) );
#12380 = PCURVE('',#9608,#12381);
#12381 = DEFINITIONAL_REPRESENTATION('',(#12382),#12386);
#12382 = LINE('',#12383,#12384);
#12383 = CARTESIAN_POINT('',(-78.80020621475,20.323667289989));
#12384 = VECTOR('',#12385,1.);
#12385 = DIRECTION('',(1.,-2.22044604925E-16));
#12386 = ( GEOMETRIC_REPRESENTATION_CONTEXT(2) 
PARAMETRIC_REPRESENTATION_CONTEXT() REPRESENTATION_CONTEXT('2D SPACE',''
  ) );
#12387 = ORIENTED_EDGE('',*,*,#12209,.F.);
#12388 = ORIENTED_EDGE('',*,*,#12389,.F.);
#12389 = EDGE_CURVE('',#12338,#12210,#12390,.T.);
#12390 = SURFACE_CURVE('',#12391,(#12395,#12402),.PCURVE_S1.);
#12391 = LINE('',#12392,#12393);
#12392 = CARTESIAN_POINT('',(32.54375,0.,111.2774));
#12393 = VECTOR('',#12394,1.);
#12394 = DIRECTION('',(1.,0.,-2.22044604925E-16));
#12395 = PCURVE('',#12225,#12396);
#12396 = DEFINITIONAL_REPRESENTATION('',(#12397),#12401);
#12397 = LINE('',#12398,#12399);
#12398 = CARTESIAN_POINT('',(-5.07365,-0.));
#12399 = VECTOR('',#12400,1.);
#12400 = DIRECTION('',(1.,0.));
#12401 = ( GEOMETRIC_REPRESENTATION_CONTEXT(2) 
PARAMETRIC_REPRESENTATION_CONTEXT() REPRESENTATION_CONTEXT('2D SPACE',''
  ) );
#12402 = PCURVE('',#9662,#12403);
#12403 = DEFINITIONAL_REPRESENTATION('',(#12404),#12408);
#12404 = LINE('',#12405,#12406);
#12405 = CARTESIAN_POINT('',(-78.80020621475,20.323667289989));
#12406 = VECTOR('',#12407,1.);
#12407 = DIRECTION('',(1.,-2.22044604925E-16));
#12408 = ( GEOMETRIC_REPRESENTATION_CONTEXT(2) 
PARAMETRIC_REPRESENTATION_CONTEXT() REPRESENTATION_CONTEXT('2D SPACE',''
  ) );
#12409 = ADVANCED_FACE('',(#12410),#12301,.T.);
#12410 = FACE_BOUND('',#12411,.T.);
#12411 = EDGE_LOOP('',(#12412,#12413,#12436,#12464));
#12412 = ORIENTED_EDGE('',*,*,#12285,.T.);
#12413 = ORIENTED_EDGE('',*,*,#12414,.T.);
#12414 = EDGE_CURVE('',#12263,#12415,#12417,.T.);
#12415 = VERTEX_POINT('',#12416);
#12416 = CARTESIAN_POINT('',(31.75,12.7,111.2774));
#12417 = SURFACE_CURVE('',#12418,(#12422,#12429),.PCURVE_S1.);
#12418 = LINE('',#12419,#12420);
#12419 = CARTESIAN_POINT('',(32.54375,12.7,111.2774));
#12420 = VECTOR('',#12421,1.);
#12421 = DIRECTION('',(1.,0.,-2.22044604925E-16));
#12422 = PCURVE('',#12301,#12423);
#12423 = DEFINITIONAL_REPRESENTATION('',(#12424),#12428);
#12424 = LINE('',#12425,#12426);
#12425 = CARTESIAN_POINT('',(19.84375,-12.7));
#12426 = VECTOR('',#12427,1.);
#12427 = DIRECTION('',(1.,0.));
#12428 = ( GEOMETRIC_REPRESENTATION_CONTEXT(2) 
PARAMETRIC_REPRESENTATION_CONTEXT() REPRESENTATION_CONTEXT('2D SPACE',''
  ) );
#12429 = PCURVE('',#9608,#12430);
#12430 = DEFINITIONAL_REPRESENTATION('',(#12431),#12435);
#12431 = LINE('',#12432,#12433);
#12432 = CARTESIAN_POINT('',(-78.80020621475,20.323667289989));
#12433 = VECTOR('',#12434,1.);
#12434 = DIRECTION('',(1.,-2.22044604925E-16));
#12435 = ( GEOMETRIC_REPRESENTATION_CONTEXT(2) 
PARAMETRIC_REPRESENTATION_CONTEXT() REPRESENTATION_CONTEXT('2D SPACE',''
  ) );
#12436 = ORIENTED_EDGE('',*,*,#12437,.F.);
#12437 = EDGE_CURVE('',#12438,#12415,#12440,.T.);
#12438 = VERTEX_POINT('',#12439);
#12439 = CARTESIAN_POINT('',(31.75,0.,111.2774));
#12440 = SURFACE_CURVE('',#12441,(#12445,#12452),.PCURVE_S1.);
#12441 = LINE('',#12442,#12443);
#12442 = CARTESIAN_POINT('',(31.75,0.,111.2774));
#12443 = VECTOR('',#12444,1.);
#12444 = DIRECTION('',(0.,1.,0.));
#12445 = PCURVE('',#12301,#12446);
#12446 = DEFINITIONAL_REPRESENTATION('',(#12447),#12451);
#12447 = LINE('',#12448,#12449);
#12448 = CARTESIAN_POINT('',(19.05,0.));
#12449 = VECTOR('',#12450,1.);
#12450 = DIRECTION('',(0.,-1.));
#12451 = ( GEOMETRIC_REPRESENTATION_CONTEXT(2) 
PARAMETRIC_REPRESENTATION_CONTEXT() REPRESENTATION_CONTEXT('2D SPACE',''
  ) );
#12452 = PCURVE('',#12453,#12458);
#12453 = PLANE('',#12454);
#12454 = AXIS2_PLACEMENT_3D('',#12455,#12456,#12457);
#12455 = CARTESIAN_POINT('',(31.75,0.,111.2774));
#12456 = DIRECTION('',(1.,-0.,2.22044604925E-16));
#12457 = DIRECTION('',(-2.22044604925E-16,0.,1.));
#12458 = DEFINITIONAL_REPRESENTATION('',(#12459),#12463);
#12459 = LINE('',#12460,#12461);
#12460 = CARTESIAN_POINT('',(0.,0.));
#12461 = VECTOR('',#12462,1.);
#12462 = DIRECTION('',(0.,-1.));
#12463 = ( GEOMETRIC_REPRESENTATION_CONTEXT(2) 
PARAMETRIC_REPRESENTATION_CONTEXT() REPRESENTATION_CONTEXT('2D SPACE',''
  ) );
#12464 = ORIENTED_EDGE('',*,*,#12465,.F.);
#12465 = EDGE_CURVE('',#12286,#12438,#12466,.T.);
#12466 = SURFACE_CURVE('',#12467,(#12471,#12478),.PCURVE_S1.);
#12467 = LINE('',#12468,#12469);
#12468 = CARTESIAN_POINT('',(32.54375,0.,111.2774));
#12469 = VECTOR('',#12470,1.);
#12470 = DIRECTION('',(1.,0.,-2.22044604925E-16));
#12471 = PCURVE('',#12301,#12472);
#12472 = DEFINITIONAL_REPRESENTATION('',(#12473),#12477);
#12473 = LINE('',#12474,#12475);
#12474 = CARTESIAN_POINT('',(19.84375,0.));
#12475 = VECTOR('',#12476,1.);
#12476 = DIRECTION('',(1.,0.));
#12477 = ( GEOMETRIC_REPRESENTATION_CONTEXT(2) 
PARAMETRIC_REPRESENTATION_CONTEXT() REPRESENTATION_CONTEXT('2D SPACE',''
  ) );
#12478 = PCURVE('',#9662,#12479);
#12479 = DEFINITIONAL_REPRESENTATION('',(#12480),#12484);
#12480 = LINE('',#12481,#12482);
#12481 = CARTESIAN_POINT('',(-78.80020621475,20.323667289989));
#12482 = VECTOR('',#12483,1.);
#12483 = DIRECTION('',(1.,-2.22044604925E-16));
#12484 = ( GEOMETRIC_REPRESENTATION_CONTEXT(2) 
PARAMETRIC_REPRESENTATION_CONTEXT() REPRESENTATION_CONTEXT('2D SPACE',''
  ) );
#12485 = ADVANCED_FACE('',(#12486),#12355,.F.);
#12486 = FACE_BOUND('',#12487,.F.);
#12487 = EDGE_LOOP('',(#12488,#12489,#12512,#12540));
#12488 = ORIENTED_EDGE('',*,*,#12337,.T.);
#12489 = ORIENTED_EDGE('',*,*,#12490,.T.);
#12490 = EDGE_CURVE('',#12340,#12491,#12493,.T.);
#12491 = VERTEX_POINT('',#12492);
#12492 = CARTESIAN_POINT('',(37.6174,12.7,113.65865));
#12493 = SURFACE_CURVE('',#12494,(#12498,#12505),.PCURVE_S1.);
#12494 = LINE('',#12495,#12496);
#12495 = CARTESIAN_POINT('',(37.6174,12.7,107.95));
#12496 = VECTOR('',#12497,1.);
#12497 = DIRECTION('',(-2.22044604925E-16,0.,1.));
#12498 = PCURVE('',#12355,#12499);
#12499 = DEFINITIONAL_REPRESENTATION('',(#12500),#12504);
#12500 = LINE('',#12501,#12502);
#12501 = CARTESIAN_POINT('',(-3.3274,-12.7));
#12502 = VECTOR('',#12503,1.);
#12503 = DIRECTION('',(1.,0.));
#12504 = ( GEOMETRIC_REPRESENTATION_CONTEXT(2) 
PARAMETRIC_REPRESENTATION_CONTEXT() REPRESENTATION_CONTEXT('2D SPACE',''
  ) );
#12505 = PCURVE('',#9608,#12506);
#12506 = DEFINITIONAL_REPRESENTATION('',(#12507),#12511);
#12507 = LINE('',#12508,#12509);
#12508 = CARTESIAN_POINT('',(-73.72655621475,16.996267289989));
#12509 = VECTOR('',#12510,1.);
#12510 = DIRECTION('',(-2.22044604925E-16,1.));
#12511 = ( GEOMETRIC_REPRESENTATION_CONTEXT(2) 
PARAMETRIC_REPRESENTATION_CONTEXT() REPRESENTATION_CONTEXT('2D SPACE',''
  ) );
#12512 = ORIENTED_EDGE('',*,*,#12513,.F.);
#12513 = EDGE_CURVE('',#12514,#12491,#12516,.T.);
#12514 = VERTEX_POINT('',#12515);
#12515 = CARTESIAN_POINT('',(37.6174,0.,113.65865));
#12516 = SURFACE_CURVE('',#12517,(#12521,#12528),.PCURVE_S1.);
#12517 = LINE('',#12518,#12519);
#12518 = CARTESIAN_POINT('',(37.6174,0.,113.65865));
#12519 = VECTOR('',#12520,1.);
#12520 = DIRECTION('',(0.,1.,0.));
#12521 = PCURVE('',#12355,#12522);
#12522 = DEFINITIONAL_REPRESENTATION('',(#12523),#12527);
#12523 = LINE('',#12524,#12525);
#12524 = CARTESIAN_POINT('',(2.38125,0.));
#12525 = VECTOR('',#12526,1.);
#12526 = DIRECTION('',(0.,-1.));
#12527 = ( GEOMETRIC_REPRESENTATION_CONTEXT(2) 
PARAMETRIC_REPRESENTATION_CONTEXT() REPRESENTATION_CONTEXT('2D SPACE',''
  ) );
#12528 = PCURVE('',#12529,#12534);
#12529 = PLANE('',#12530);
#12530 = AXIS2_PLACEMENT_3D('',#12531,#12532,#12533);
#12531 = CARTESIAN_POINT('',(31.75,0.,113.65865));
#12532 = DIRECTION('',(-2.22044604925E-16,0.,-1.));
#12533 = DIRECTION('',(1.,0.,-2.22044604925E-16));
#12534 = DEFINITIONAL_REPRESENTATION('',(#12535),#12539);
#12535 = LINE('',#12536,#12537);
#12536 = CARTESIAN_POINT('',(5.8674,0.));
#12537 = VECTOR('',#12538,1.);
#12538 = DIRECTION('',(0.,-1.));
#12539 = ( GEOMETRIC_REPRESENTATION_CONTEXT(2) 
PARAMETRIC_REPRESENTATION_CONTEXT() REPRESENTATION_CONTEXT('2D SPACE',''
  ) );
#12540 = ORIENTED_EDGE('',*,*,#12541,.F.);
#12541 = EDGE_CURVE('',#12338,#12514,#12542,.T.);
#12542 = SURFACE_CURVE('',#12543,(#12547,#12554),.PCURVE_S1.);
#12543 = LINE('',#12544,#12545);
#12544 = CARTESIAN_POINT('',(37.6174,0.,107.95));
#12545 = VECTOR('',#12546,1.);
#12546 = DIRECTION('',(-2.22044604925E-16,0.,1.));
#12547 = PCURVE('',#12355,#12548);
#12548 = DEFINITIONAL_REPRESENTATION('',(#12549),#12553);
#12549 = LINE('',#12550,#12551);
#12550 = CARTESIAN_POINT('',(-3.3274,-0.));
#12551 = VECTOR('',#12552,1.);
#12552 = DIRECTION('',(1.,0.));
#12553 = ( GEOMETRIC_REPRESENTATION_CONTEXT(2) 
PARAMETRIC_REPRESENTATION_CONTEXT() REPRESENTATION_CONTEXT('2D SPACE',''
  ) );
#12554 = PCURVE('',#9662,#12555);
#12555 = DEFINITIONAL_REPRESENTATION('',(#12556),#12560);
#12556 = LINE('',#12557,#12558);
#12557 = CARTESIAN_POINT('',(-73.72655621475,16.996267289989));
#12558 = VECTOR('',#12559,1.);
#12559 = DIRECTION('',(-2.22044604925E-16,1.));
#12560 = ( GEOMETRIC_REPRESENTATION_CONTEXT(2) 
PARAMETRIC_REPRESENTATION_CONTEXT() REPRESENTATION_CONTEXT('2D SPACE',''
  ) );
#12561 = ADVANCED_FACE('',(#12562),#12453,.T.);
#12562 = FACE_BOUND('',#12563,.T.);
#12563 = EDGE_LOOP('',(#12564,#12565,#12588,#12611));
#12564 = ORIENTED_EDGE('',*,*,#12437,.T.);
#12565 = ORIENTED_EDGE('',*,*,#12566,.T.);
#12566 = EDGE_CURVE('',#12415,#12567,#12569,.T.);
#12567 = VERTEX_POINT('',#12568);
#12568 = CARTESIAN_POINT('',(31.75,12.7,113.65865));
#12569 = SURFACE_CURVE('',#12570,(#12574,#12581),.PCURVE_S1.);
#12570 = LINE('',#12571,#12572);
#12571 = CARTESIAN_POINT('',(31.75,12.7,107.95));
#12572 = VECTOR('',#12573,1.);
#12573 = DIRECTION('',(-2.22044604925E-16,0.,1.));
#12574 = PCURVE('',#12453,#12575);
#12575 = DEFINITIONAL_REPRESENTATION('',(#12576),#12580);
#12576 = LINE('',#12577,#12578);
#12577 = CARTESIAN_POINT('',(-3.3274,-12.7));
#12578 = VECTOR('',#12579,1.);
#12579 = DIRECTION('',(1.,0.));
#12580 = ( GEOMETRIC_REPRESENTATION_CONTEXT(2) 
PARAMETRIC_REPRESENTATION_CONTEXT() REPRESENTATION_CONTEXT('2D SPACE',''
  ) );
#12581 = PCURVE('',#9608,#12582);
#12582 = DEFINITIONAL_REPRESENTATION('',(#12583),#12587);
#12583 = LINE('',#12584,#12585);
#12584 = CARTESIAN_POINT('',(-79.59395621475,16.996267289989));
#12585 = VECTOR('',#12586,1.);
#12586 = DIRECTION('',(-2.22044604925E-16,1.));
#12587 = ( GEOMETRIC_REPRESENTATION_CONTEXT(2) 
PARAMETRIC_REPRESENTATION_CONTEXT() REPRESENTATION_CONTEXT('2D SPACE',''
  ) );
#12588 = ORIENTED_EDGE('',*,*,#12589,.F.);
#12589 = EDGE_CURVE('',#12590,#12567,#12592,.T.);
#12590 = VERTEX_POINT('',#12591);
#12591 = CARTESIAN_POINT('',(31.75,0.,113.65865));
#12592 = SURFACE_CURVE('',#12593,(#12597,#12604),.PCURVE_S1.);
#12593 = LINE('',#12594,#12595);
#12594 = CARTESIAN_POINT('',(31.75,0.,113.65865));
#12595 = VECTOR('',#12596,1.);
#12596 = DIRECTION('',(0.,1.,0.));
#12597 = PCURVE('',#12453,#12598);
#12598 = DEFINITIONAL_REPRESENTATION('',(#12599),#12603);
#12599 = LINE('',#12600,#12601);
#12600 = CARTESIAN_POINT('',(2.38125,0.));
#12601 = VECTOR('',#12602,1.);
#12602 = DIRECTION('',(0.,-1.));
#12603 = ( GEOMETRIC_REPRESENTATION_CONTEXT(2) 
PARAMETRIC_REPRESENTATION_CONTEXT() REPRESENTATION_CONTEXT('2D SPACE',''
  ) );
#12604 = PCURVE('',#12529,#12605);
#12605 = DEFINITIONAL_REPRESENTATION('',(#12606),#12610);
#12606 = LINE('',#12607,#12608);
#12607 = CARTESIAN_POINT('',(7.105427357601E-15,0.));
#12608 = VECTOR('',#12609,1.);
#12609 = DIRECTION('',(0.,-1.));
#12610 = ( GEOMETRIC_REPRESENTATION_CONTEXT(2) 
PARAMETRIC_REPRESENTATION_CONTEXT() REPRESENTATION_CONTEXT('2D SPACE',''
  ) );
#12611 = ORIENTED_EDGE('',*,*,#12612,.F.);
#12612 = EDGE_CURVE('',#12438,#12590,#12613,.T.);
#12613 = SURFACE_CURVE('',#12614,(#12618,#12625),.PCURVE_S1.);
#12614 = LINE('',#12615,#12616);
#12615 = CARTESIAN_POINT('',(31.75,0.,107.95));
#12616 = VECTOR('',#12617,1.);
#12617 = DIRECTION('',(-2.22044604925E-16,0.,1.));
#12618 = PCURVE('',#12453,#12619);
#12619 = DEFINITIONAL_REPRESENTATION('',(#12620),#12624);
#12620 = LINE('',#12621,#12622);
#12621 = CARTESIAN_POINT('',(-3.3274,-0.));
#12622 = VECTOR('',#12623,1.);
#12623 = DIRECTION('',(1.,0.));
#12624 = ( GEOMETRIC_REPRESENTATION_CONTEXT(2) 
PARAMETRIC_REPRESENTATION_CONTEXT() REPRESENTATION_CONTEXT('2D SPACE',''
  ) );
#12625 = PCURVE('',#9662,#12626);
#12626 = DEFINITIONAL_REPRESENTATION('',(#12627),#12631);
#12627 = LINE('',#12628,#12629);
#12628 = CARTESIAN_POINT('',(-79.59395621475,16.996267289989));
#12629 = VECTOR('',#12630,1.);
#12630 = DIRECTION('',(-2.22044604925E-16,1.));
#12631 = ( GEOMETRIC_REPRESENTATION_CONTEXT(2) 
PARAMETRIC_REPRESENTATION_CONTEXT() REPRESENTATION_CONTEXT('2D SPACE',''
  ) );
#12632 = ADVANCED_FACE('',(#12633),#12529,.T.);
#12633 = FACE_BOUND('',#12634,.T.);
#12634 = EDGE_LOOP('',(#12635,#12636,#12657,#12658));
#12635 = ORIENTED_EDGE('',*,*,#12589,.T.);
#12636 = ORIENTED_EDGE('',*,*,#12637,.T.);
#12637 = EDGE_CURVE('',#12567,#12491,#12638,.T.);
#12638 = SURFACE_CURVE('',#12639,(#12643,#12650),.PCURVE_S1.);
#12639 = LINE('',#12640,#12641);
#12640 = CARTESIAN_POINT('',(34.6837,12.7,113.65865));
#12641 = VECTOR('',#12642,1.);
#12642 = DIRECTION('',(1.,0.,-2.22044604925E-16));
#12643 = PCURVE('',#12529,#12644);
#12644 = DEFINITIONAL_REPRESENTATION('',(#12645),#12649);
#12645 = LINE('',#12646,#12647);
#12646 = CARTESIAN_POINT('',(2.9337,-12.7));
#12647 = VECTOR('',#12648,1.);
#12648 = DIRECTION('',(1.,0.));
#12649 = ( GEOMETRIC_REPRESENTATION_CONTEXT(2) 
PARAMETRIC_REPRESENTATION_CONTEXT() REPRESENTATION_CONTEXT('2D SPACE',''
  ) );
#12650 = PCURVE('',#9608,#12651);
#12651 = DEFINITIONAL_REPRESENTATION('',(#12652),#12656);
#12652 = LINE('',#12653,#12654);
#12653 = CARTESIAN_POINT('',(-76.66025621475,22.704917289989));
#12654 = VECTOR('',#12655,1.);
#12655 = DIRECTION('',(1.,-2.22044604925E-16));
#12656 = ( GEOMETRIC_REPRESENTATION_CONTEXT(2) 
PARAMETRIC_REPRESENTATION_CONTEXT() REPRESENTATION_CONTEXT('2D SPACE',''
  ) );
#12657 = ORIENTED_EDGE('',*,*,#12513,.F.);
#12658 = ORIENTED_EDGE('',*,*,#12659,.F.);
#12659 = EDGE_CURVE('',#12590,#12514,#12660,.T.);
#12660 = SURFACE_CURVE('',#12661,(#12665,#12672),.PCURVE_S1.);
#12661 = LINE('',#12662,#12663);
#12662 = CARTESIAN_POINT('',(34.6837,0.,113.65865));
#12663 = VECTOR('',#12664,1.);
#12664 = DIRECTION('',(1.,0.,-2.22044604925E-16));
#12665 = PCURVE('',#12529,#12666);
#12666 = DEFINITIONAL_REPRESENTATION('',(#12667),#12671);
#12667 = LINE('',#12668,#12669);
#12668 = CARTESIAN_POINT('',(2.9337,0.));
#12669 = VECTOR('',#12670,1.);
#12670 = DIRECTION('',(1.,0.));
#12671 = ( GEOMETRIC_REPRESENTATION_CONTEXT(2) 
PARAMETRIC_REPRESENTATION_CONTEXT() REPRESENTATION_CONTEXT('2D SPACE',''
  ) );
#12672 = PCURVE('',#9662,#12673);
#12673 = DEFINITIONAL_REPRESENTATION('',(#12674),#12678);
#12674 = LINE('',#12675,#12676);
#12675 = CARTESIAN_POINT('',(-76.66025621475,22.704917289989));
#12676 = VECTOR('',#12677,1.);
#12677 = DIRECTION('',(1.,-2.22044604925E-16));
#12678 = ( GEOMETRIC_REPRESENTATION_CONTEXT(2) 
PARAMETRIC_REPRESENTATION_CONTEXT() REPRESENTATION_CONTEXT('2D SPACE',''
  ) );
#12679 = ADVANCED_FACE('',(#12680),#12694,.F.);
#12680 = FACE_BOUND('',#12681,.F.);
#12681 = EDGE_LOOP('',(#12682,#12710,#12731,#12732));
#12682 = ORIENTED_EDGE('',*,*,#12683,.T.);
#12683 = EDGE_CURVE('',#12684,#12686,#12688,.T.);
#12684 = VERTEX_POINT('',#12685);
#12685 = CARTESIAN_POINT('',(54.1274,0.,6.35));
#12686 = VERTEX_POINT('',#12687);
#12687 = CARTESIAN_POINT('',(54.1274,12.7,6.35));
#12688 = SEAM_CURVE('',#12689,(#12693,#12704),.PCURVE_S1.);
#12689 = LINE('',#12690,#12691);
#12690 = CARTESIAN_POINT('',(54.1274,0.,6.35));
#12691 = VECTOR('',#12692,1.);
#12692 = DIRECTION('',(0.,1.,0.));
#12693 = PCURVE('',#12694,#12699);
#12694 = CYLINDRICAL_SURFACE('',#12695,3.3274);
#12695 = AXIS2_PLACEMENT_3D('',#12696,#12697,#12698);
#12696 = CARTESIAN_POINT('',(50.8,0.,6.35));
#12697 = DIRECTION('',(0.,-1.,0.));
#12698 = DIRECTION('',(1.,0.,0.));
#12699 = DEFINITIONAL_REPRESENTATION('',(#12700),#12703);
#12700 = B_SPLINE_CURVE_WITH_KNOTS('',1,(#12701,#12702),.UNSPECIFIED.,
  .F.,.F.,(2,2),(0.,12.7),.PIECEWISE_BEZIER_KNOTS.);
#12701 = CARTESIAN_POINT('',(0.,0.));
#12702 = CARTESIAN_POINT('',(0.,-12.7));
#12703 = ( GEOMETRIC_REPRESENTATION_CONTEXT(2) 
PARAMETRIC_REPRESENTATION_CONTEXT() REPRESENTATION_CONTEXT('2D SPACE',''
  ) );
#12704 = PCURVE('',#12694,#12705);
#12705 = DEFINITIONAL_REPRESENTATION('',(#12706),#12709);
#12706 = B_SPLINE_CURVE_WITH_KNOTS('',1,(#12707,#12708),.UNSPECIFIED.,
  .F.,.F.,(2,2),(0.,12.7),.PIECEWISE_BEZIER_KNOTS.);
#12707 = CARTESIAN_POINT('',(6.28318530718,0.));
#12708 = CARTESIAN_POINT('',(6.28318530718,-12.7));
#12709 = ( GEOMETRIC_REPRESENTATION_CONTEXT(2) 
PARAMETRIC_REPRESENTATION_CONTEXT() REPRESENTATION_CONTEXT('2D SPACE',''
  ) );
#12710 = ORIENTED_EDGE('',*,*,#12711,.T.);
#12711 = EDGE_CURVE('',#12686,#12686,#12712,.T.);
#12712 = SURFACE_CURVE('',#12713,(#12718,#12724),.PCURVE_S1.);
#12713 = CIRCLE('',#12714,3.3274);
#12714 = AXIS2_PLACEMENT_3D('',#12715,#12716,#12717);
#12715 = CARTESIAN_POINT('',(50.8,12.7,6.35));
#12716 = DIRECTION('',(0.,-1.,0.));
#12717 = DIRECTION('',(1.,0.,0.));
#12718 = PCURVE('',#12694,#12719);
#12719 = DEFINITIONAL_REPRESENTATION('',(#12720),#12723);
#12720 = B_SPLINE_CURVE_WITH_KNOTS('',1,(#12721,#12722),.UNSPECIFIED.,
  .F.,.F.,(2,2),(0.,6.28318530718),.PIECEWISE_BEZIER_KNOTS.);
#12721 = CARTESIAN_POINT('',(0.,-12.7));
#12722 = CARTESIAN_POINT('',(6.28318530718,-12.7));
#12723 = ( GEOMETRIC_REPRESENTATION_CONTEXT(2) 
PARAMETRIC_REPRESENTATION_CONTEXT() REPRESENTATION_CONTEXT('2D SPACE',''
  ) );
#12724 = PCURVE('',#9608,#12725);
#12725 = DEFINITIONAL_REPRESENTATION('',(#12726),#12730);
#12726 = CIRCLE('',#12727,3.3274);
#12727 = AXIS2_PLACEMENT_2D('',#12728,#12729);
#12728 = CARTESIAN_POINT('',(-60.54395621475,-84.60373271001));
#12729 = DIRECTION('',(1.,0.));
#12730 = ( GEOMETRIC_REPRESENTATION_CONTEXT(2) 
PARAMETRIC_REPRESENTATION_CONTEXT() REPRESENTATION_CONTEXT('2D SPACE',''
  ) );
#12731 = ORIENTED_EDGE('',*,*,#12683,.F.);
#12732 = ORIENTED_EDGE('',*,*,#12733,.F.);
#12733 = EDGE_CURVE('',#12684,#12684,#12734,.T.);
#12734 = SURFACE_CURVE('',#12735,(#12740,#12746),.PCURVE_S1.);
#12735 = CIRCLE('',#12736,3.3274);
#12736 = AXIS2_PLACEMENT_3D('',#12737,#12738,#12739);
#12737 = CARTESIAN_POINT('',(50.8,0.,6.35));
#12738 = DIRECTION('',(0.,-1.,0.));
#12739 = DIRECTION('',(1.,0.,0.));
#12740 = PCURVE('',#12694,#12741);
#12741 = DEFINITIONAL_REPRESENTATION('',(#12742),#12745);
#12742 = B_SPLINE_CURVE_WITH_KNOTS('',1,(#12743,#12744),.UNSPECIFIED.,
  .F.,.F.,(2,2),(0.,6.28318530718),.PIECEWISE_BEZIER_KNOTS.);
#12743 = CARTESIAN_POINT('',(0.,0.));
#12744 = CARTESIAN_POINT('',(6.28318530718,0.));
#12745 = ( GEOMETRIC_REPRESENTATION_CONTEXT(2) 
PARAMETRIC_REPRESENTATION_CONTEXT() REPRESENTATION_CONTEXT('2D SPACE',''
  ) );
#12746 = PCURVE('',#9662,#12747);
#12747 = DEFINITIONAL_REPRESENTATION('',(#12748),#12752);
#12748 = CIRCLE('',#12749,3.3274);
#12749 = AXIS2_PLACEMENT_2D('',#12750,#12751);
#12750 = CARTESIAN_POINT('',(-60.54395621475,-84.60373271001));
#12751 = DIRECTION('',(1.,0.));
#12752 = ( GEOMETRIC_REPRESENTATION_CONTEXT(2) 
PARAMETRIC_REPRESENTATION_CONTEXT() REPRESENTATION_CONTEXT('2D SPACE',''
  ) );
#12753 = ADVANCED_FACE('',(#12754),#12768,.F.);
#12754 = FACE_BOUND('',#12755,.F.);
#12755 = EDGE_LOOP('',(#12756,#12784,#12805,#12806));
#12756 = ORIENTED_EDGE('',*,*,#12757,.T.);
#12757 = EDGE_CURVE('',#12758,#12760,#12762,.T.);
#12758 = VERTEX_POINT('',#12759);
#12759 = CARTESIAN_POINT('',(35.941,0.,31.75));
#12760 = VERTEX_POINT('',#12761);
#12761 = CARTESIAN_POINT('',(35.941,12.7,31.75));
#12762 = SEAM_CURVE('',#12763,(#12767,#12778),.PCURVE_S1.);
#12763 = LINE('',#12764,#12765);
#12764 = CARTESIAN_POINT('',(35.941,0.,31.75));
#12765 = VECTOR('',#12766,1.);
#12766 = DIRECTION('',(0.,1.,0.));
#12767 = PCURVE('',#12768,#12773);
#12768 = CYLINDRICAL_SURFACE('',#12769,4.191);
#12769 = AXIS2_PLACEMENT_3D('',#12770,#12771,#12772);
#12770 = CARTESIAN_POINT('',(31.75,0.,31.75));
#12771 = DIRECTION('',(0.,-1.,0.));
#12772 = DIRECTION('',(1.,0.,0.));
#12773 = DEFINITIONAL_REPRESENTATION('',(#12774),#12777);
#12774 = B_SPLINE_CURVE_WITH_KNOTS('',1,(#12775,#12776),.UNSPECIFIED.,
  .F.,.F.,(2,2),(0.,12.7),.PIECEWISE_BEZIER_KNOTS.);
#12775 = CARTESIAN_POINT('',(0.,0.));
#12776 = CARTESIAN_POINT('',(0.,-12.7));
#12777 = ( GEOMETRIC_REPRESENTATION_CONTEXT(2) 
PARAMETRIC_REPRESENTATION_CONTEXT() REPRESENTATION_CONTEXT('2D SPACE',''
  ) );
#12778 = PCURVE('',#12768,#12779);
#12779 = DEFINITIONAL_REPRESENTATION('',(#12780),#12783);
#12780 = B_SPLINE_CURVE_WITH_KNOTS('',1,(#12781,#12782),.UNSPECIFIED.,
  .F.,.F.,(2,2),(0.,12.7),.PIECEWISE_BEZIER_KNOTS.);
#12781 = CARTESIAN_POINT('',(6.28318530718,0.));
#12782 = CARTESIAN_POINT('',(6.28318530718,-12.7));
#12783 = ( GEOMETRIC_REPRESENTATION_CONTEXT(2) 
PARAMETRIC_REPRESENTATION_CONTEXT() REPRESENTATION_CONTEXT('2D SPACE',''
  ) );
#12784 = ORIENTED_EDGE('',*,*,#12785,.T.);
#12785 = EDGE_CURVE('',#12760,#12760,#12786,.T.);
#12786 = SURFACE_CURVE('',#12787,(#12792,#12798),.PCURVE_S1.);
#12787 = CIRCLE('',#12788,4.191);
#12788 = AXIS2_PLACEMENT_3D('',#12789,#12790,#12791);
#12789 = CARTESIAN_POINT('',(31.75,12.7,31.75));
#12790 = DIRECTION('',(0.,-1.,0.));
#12791 = DIRECTION('',(1.,0.,0.));
#12792 = PCURVE('',#12768,#12793);
#12793 = DEFINITIONAL_REPRESENTATION('',(#12794),#12797);
#12794 = B_SPLINE_CURVE_WITH_KNOTS('',1,(#12795,#12796),.UNSPECIFIED.,
  .F.,.F.,(2,2),(0.,6.28318530718),.PIECEWISE_BEZIER_KNOTS.);
#12795 = CARTESIAN_POINT('',(0.,-12.7));
#12796 = CARTESIAN_POINT('',(6.28318530718,-12.7));
#12797 = ( GEOMETRIC_REPRESENTATION_CONTEXT(2) 
PARAMETRIC_REPRESENTATION_CONTEXT() REPRESENTATION_CONTEXT('2D SPACE',''
  ) );
#12798 = PCURVE('',#9608,#12799);
#12799 = DEFINITIONAL_REPRESENTATION('',(#12800),#12804);
#12800 = CIRCLE('',#12801,4.191);
#12801 = AXIS2_PLACEMENT_2D('',#12802,#12803);
#12802 = CARTESIAN_POINT('',(-79.59395621475,-59.20373271001));
#12803 = DIRECTION('',(1.,0.));
#12804 = ( GEOMETRIC_REPRESENTATION_CONTEXT(2) 
PARAMETRIC_REPRESENTATION_CONTEXT() REPRESENTATION_CONTEXT('2D SPACE',''
  ) );
#12805 = ORIENTED_EDGE('',*,*,#12757,.F.);
#12806 = ORIENTED_EDGE('',*,*,#12807,.F.);
#12807 = EDGE_CURVE('',#12758,#12758,#12808,.T.);
#12808 = SURFACE_CURVE('',#12809,(#12814,#12820),.PCURVE_S1.);
#12809 = CIRCLE('',#12810,4.191);
#12810 = AXIS2_PLACEMENT_3D('',#12811,#12812,#12813);
#12811 = CARTESIAN_POINT('',(31.75,0.,31.75));
#12812 = DIRECTION('',(0.,-1.,0.));
#12813 = DIRECTION('',(1.,0.,0.));
#12814 = PCURVE('',#12768,#12815);
#12815 = DEFINITIONAL_REPRESENTATION('',(#12816),#12819);
#12816 = B_SPLINE_CURVE_WITH_KNOTS('',1,(#12817,#12818),.UNSPECIFIED.,
  .F.,.F.,(2,2),(0.,6.28318530718),.PIECEWISE_BEZIER_KNOTS.);
#12817 = CARTESIAN_POINT('',(0.,0.));
#12818 = CARTESIAN_POINT('',(6.28318530718,0.));
#12819 = ( GEOMETRIC_REPRESENTATION_CONTEXT(2) 
PARAMETRIC_REPRESENTATION_CONTEXT() REPRESENTATION_CONTEXT('2D SPACE',''
  ) );
#12820 = PCURVE('',#9662,#12821);
#12821 = DEFINITIONAL_REPRESENTATION('',(#12822),#12826);
#12822 = CIRCLE('',#12823,4.191);
#12823 = AXIS2_PLACEMENT_2D('',#12824,#12825);
#12824 = CARTESIAN_POINT('',(-79.59395621475,-59.20373271001));
#12825 = DIRECTION('',(1.,0.));
#12826 = ( GEOMETRIC_REPRESENTATION_CONTEXT(2) 
PARAMETRIC_REPRESENTATION_CONTEXT() REPRESENTATION_CONTEXT('2D SPACE',''
  ) );
#12827 = ADVANCED_FACE('',(#12828),#12842,.F.);
#12828 = FACE_BOUND('',#12829,.F.);
#12829 = EDGE_LOOP('',(#12830,#12858,#12879,#12880));
#12830 = ORIENTED_EDGE('',*,*,#12831,.T.);
#12831 = EDGE_CURVE('',#12832,#12834,#12836,.T.);
#12832 = VERTEX_POINT('',#12833);
#12833 = CARTESIAN_POINT('',(74.041,0.,31.75));
#12834 = VERTEX_POINT('',#12835);
#12835 = CARTESIAN_POINT('',(74.041,12.7,31.75));
#12836 = SEAM_CURVE('',#12837,(#12841,#12852),.PCURVE_S1.);
#12837 = LINE('',#12838,#12839);
#12838 = CARTESIAN_POINT('',(74.041,0.,31.75));
#12839 = VECTOR('',#12840,1.);
#12840 = DIRECTION('',(0.,1.,0.));
#12841 = PCURVE('',#12842,#12847);
#12842 = CYLINDRICAL_SURFACE('',#12843,4.191);
#12843 = AXIS2_PLACEMENT_3D('',#12844,#12845,#12846);
#12844 = CARTESIAN_POINT('',(69.85,0.,31.75));
#12845 = DIRECTION('',(0.,-1.,0.));
#12846 = DIRECTION('',(1.,0.,0.));
#12847 = DEFINITIONAL_REPRESENTATION('',(#12848),#12851);
#12848 = B_SPLINE_CURVE_WITH_KNOTS('',1,(#12849,#12850),.UNSPECIFIED.,
  .F.,.F.,(2,2),(0.,12.7),.PIECEWISE_BEZIER_KNOTS.);
#12849 = CARTESIAN_POINT('',(0.,0.));
#12850 = CARTESIAN_POINT('',(0.,-12.7));
#12851 = ( GEOMETRIC_REPRESENTATION_CONTEXT(2) 
PARAMETRIC_REPRESENTATION_CONTEXT() REPRESENTATION_CONTEXT('2D SPACE',''
  ) );
#12852 = PCURVE('',#12842,#12853);
#12853 = DEFINITIONAL_REPRESENTATION('',(#12854),#12857);
#12854 = B_SPLINE_CURVE_WITH_KNOTS('',1,(#12855,#12856),.UNSPECIFIED.,
  .F.,.F.,(2,2),(0.,12.7),.PIECEWISE_BEZIER_KNOTS.);
#12855 = CARTESIAN_POINT('',(6.28318530718,0.));
#12856 = CARTESIAN_POINT('',(6.28318530718,-12.7));
#12857 = ( GEOMETRIC_REPRESENTATION_CONTEXT(2) 
PARAMETRIC_REPRESENTATION_CONTEXT() REPRESENTATION_CONTEXT('2D SPACE',''
  ) );
#12858 = ORIENTED_EDGE('',*,*,#12859,.T.);
#12859 = EDGE_CURVE('',#12834,#12834,#12860,.T.);
#12860 = SURFACE_CURVE('',#12861,(#12866,#12872),.PCURVE_S1.);
#12861 = CIRCLE('',#12862,4.191);
#12862 = AXIS2_PLACEMENT_3D('',#12863,#12864,#12865);
#12863 = CARTESIAN_POINT('',(69.85,12.7,31.75));
#12864 = DIRECTION('',(0.,-1.,0.));
#12865 = DIRECTION('',(1.,0.,0.));
#12866 = PCURVE('',#12842,#12867);
#12867 = DEFINITIONAL_REPRESENTATION('',(#12868),#12871);
#12868 = B_SPLINE_CURVE_WITH_KNOTS('',1,(#12869,#12870),.UNSPECIFIED.,
  .F.,.F.,(2,2),(0.,6.28318530718),.PIECEWISE_BEZIER_KNOTS.);
#12869 = CARTESIAN_POINT('',(0.,-12.7));
#12870 = CARTESIAN_POINT('',(6.28318530718,-12.7));
#12871 = ( GEOMETRIC_REPRESENTATION_CONTEXT(2) 
PARAMETRIC_REPRESENTATION_CONTEXT() REPRESENTATION_CONTEXT('2D SPACE',''
  ) );
#12872 = PCURVE('',#9608,#12873);
#12873 = DEFINITIONAL_REPRESENTATION('',(#12874),#12878);
#12874 = CIRCLE('',#12875,4.191);
#12875 = AXIS2_PLACEMENT_2D('',#12876,#12877);
#12876 = CARTESIAN_POINT('',(-41.49395621475,-59.20373271001));
#12877 = DIRECTION('',(1.,0.));
#12878 = ( GEOMETRIC_REPRESENTATION_CONTEXT(2) 
PARAMETRIC_REPRESENTATION_CONTEXT() REPRESENTATION_CONTEXT('2D SPACE',''
  ) );
#12879 = ORIENTED_EDGE('',*,*,#12831,.F.);
#12880 = ORIENTED_EDGE('',*,*,#12881,.F.);
#12881 = EDGE_CURVE('',#12832,#12832,#12882,.T.);
#12882 = SURFACE_CURVE('',#12883,(#12888,#12894),.PCURVE_S1.);
#12883 = CIRCLE('',#12884,4.191);
#12884 = AXIS2_PLACEMENT_3D('',#12885,#12886,#12887);
#12885 = CARTESIAN_POINT('',(69.85,0.,31.75));
#12886 = DIRECTION('',(0.,-1.,0.));
#12887 = DIRECTION('',(1.,0.,0.));
#12888 = PCURVE('',#12842,#12889);
#12889 = DEFINITIONAL_REPRESENTATION('',(#12890),#12893);
#12890 = B_SPLINE_CURVE_WITH_KNOTS('',1,(#12891,#12892),.UNSPECIFIED.,
  .F.,.F.,(2,2),(0.,6.28318530718),.PIECEWISE_BEZIER_KNOTS.);
#12891 = CARTESIAN_POINT('',(0.,0.));
#12892 = CARTESIAN_POINT('',(6.28318530718,0.));
#12893 = ( GEOMETRIC_REPRESENTATION_CONTEXT(2) 
PARAMETRIC_REPRESENTATION_CONTEXT() REPRESENTATION_CONTEXT('2D SPACE',''
  ) );
#12894 = PCURVE('',#9662,#12895);
#12895 = DEFINITIONAL_REPRESENTATION('',(#12896),#12900);
#12896 = CIRCLE('',#12897,4.191);
#12897 = AXIS2_PLACEMENT_2D('',#12898,#12899);
#12898 = CARTESIAN_POINT('',(-41.49395621475,-59.20373271001));
#12899 = DIRECTION('',(1.,0.));
#12900 = ( GEOMETRIC_REPRESENTATION_CONTEXT(2) 
PARAMETRIC_REPRESENTATION_CONTEXT() REPRESENTATION_CONTEXT('2D SPACE',''
  ) );
#12901 = ADVANCED_FACE('',(#12902),#12916,.F.);
#12902 = FACE_BOUND('',#12903,.F.);
#12903 = EDGE_LOOP('',(#12904,#12932,#12953,#12954));
#12904 = ORIENTED_EDGE('',*,*,#12905,.T.);
#12905 = EDGE_CURVE('',#12906,#12908,#12910,.T.);
#12906 = VERTEX_POINT('',#12907);
#12907 = CARTESIAN_POINT('',(35.941,0.,69.85));
#12908 = VERTEX_POINT('',#12909);
#12909 = CARTESIAN_POINT('',(35.941,12.7,69.85));
#12910 = SEAM_CURVE('',#12911,(#12915,#12926),.PCURVE_S1.);
#12911 = LINE('',#12912,#12913);
#12912 = CARTESIAN_POINT('',(35.941,0.,69.85));
#12913 = VECTOR('',#12914,1.);
#12914 = DIRECTION('',(0.,1.,0.));
#12915 = PCURVE('',#12916,#12921);
#12916 = CYLINDRICAL_SURFACE('',#12917,4.191);
#12917 = AXIS2_PLACEMENT_3D('',#12918,#12919,#12920);
#12918 = CARTESIAN_POINT('',(31.75,0.,69.85));
#12919 = DIRECTION('',(0.,-1.,0.));
#12920 = DIRECTION('',(1.,0.,0.));
#12921 = DEFINITIONAL_REPRESENTATION('',(#12922),#12925);
#12922 = B_SPLINE_CURVE_WITH_KNOTS('',1,(#12923,#12924),.UNSPECIFIED.,
  .F.,.F.,(2,2),(0.,12.7),.PIECEWISE_BEZIER_KNOTS.);
#12923 = CARTESIAN_POINT('',(0.,0.));
#12924 = CARTESIAN_POINT('',(0.,-12.7));
#12925 = ( GEOMETRIC_REPRESENTATION_CONTEXT(2) 
PARAMETRIC_REPRESENTATION_CONTEXT() REPRESENTATION_CONTEXT('2D SPACE',''
  ) );
#12926 = PCURVE('',#12916,#12927);
#12927 = DEFINITIONAL_REPRESENTATION('',(#12928),#12931);
#12928 = B_SPLINE_CURVE_WITH_KNOTS('',1,(#12929,#12930),.UNSPECIFIED.,
  .F.,.F.,(2,2),(0.,12.7),.PIECEWISE_BEZIER_KNOTS.);
#12929 = CARTESIAN_POINT('',(6.28318530718,0.));
#12930 = CARTESIAN_POINT('',(6.28318530718,-12.7));
#12931 = ( GEOMETRIC_REPRESENTATION_CONTEXT(2) 
PARAMETRIC_REPRESENTATION_CONTEXT() REPRESENTATION_CONTEXT('2D SPACE',''
  ) );
#12932 = ORIENTED_EDGE('',*,*,#12933,.T.);
#12933 = EDGE_CURVE('',#12908,#12908,#12934,.T.);
#12934 = SURFACE_CURVE('',#12935,(#12940,#12946),.PCURVE_S1.);
#12935 = CIRCLE('',#12936,4.191);
#12936 = AXIS2_PLACEMENT_3D('',#12937,#12938,#12939);
#12937 = CARTESIAN_POINT('',(31.75,12.7,69.85));
#12938 = DIRECTION('',(0.,-1.,0.));
#12939 = DIRECTION('',(1.,0.,0.));
#12940 = PCURVE('',#12916,#12941);
#12941 = DEFINITIONAL_REPRESENTATION('',(#12942),#12945);
#12942 = B_SPLINE_CURVE_WITH_KNOTS('',1,(#12943,#12944),.UNSPECIFIED.,
  .F.,.F.,(2,2),(0.,6.28318530718),.PIECEWISE_BEZIER_KNOTS.);
#12943 = CARTESIAN_POINT('',(0.,-12.7));
#12944 = CARTESIAN_POINT('',(6.28318530718,-12.7));
#12945 = ( GEOMETRIC_REPRESENTATION_CONTEXT(2) 
PARAMETRIC_REPRESENTATION_CONTEXT() REPRESENTATION_CONTEXT('2D SPACE',''
  ) );
#12946 = PCURVE('',#9608,#12947);
#12947 = DEFINITIONAL_REPRESENTATION('',(#12948),#12952);
#12948 = CIRCLE('',#12949,4.191);
#12949 = AXIS2_PLACEMENT_2D('',#12950,#12951);
#12950 = CARTESIAN_POINT('',(-79.59395621475,-21.10373271001));
#12951 = DIRECTION('',(1.,0.));
#12952 = ( GEOMETRIC_REPRESENTATION_CONTEXT(2) 
PARAMETRIC_REPRESENTATION_CONTEXT() REPRESENTATION_CONTEXT('2D SPACE',''
  ) );
#12953 = ORIENTED_EDGE('',*,*,#12905,.F.);
#12954 = ORIENTED_EDGE('',*,*,#12955,.F.);
#12955 = EDGE_CURVE('',#12906,#12906,#12956,.T.);
#12956 = SURFACE_CURVE('',#12957,(#12962,#12968),.PCURVE_S1.);
#12957 = CIRCLE('',#12958,4.191);
#12958 = AXIS2_PLACEMENT_3D('',#12959,#12960,#12961);
#12959 = CARTESIAN_POINT('',(31.75,0.,69.85));
#12960 = DIRECTION('',(0.,-1.,0.));
#12961 = DIRECTION('',(1.,0.,0.));
#12962 = PCURVE('',#12916,#12963);
#12963 = DEFINITIONAL_REPRESENTATION('',(#12964),#12967);
#12964 = B_SPLINE_CURVE_WITH_KNOTS('',1,(#12965,#12966),.UNSPECIFIED.,
  .F.,.F.,(2,2),(0.,6.28318530718),.PIECEWISE_BEZIER_KNOTS.);
#12965 = CARTESIAN_POINT('',(0.,0.));
#12966 = CARTESIAN_POINT('',(6.28318530718,0.));
#12967 = ( GEOMETRIC_REPRESENTATION_CONTEXT(2) 
PARAMETRIC_REPRESENTATION_CONTEXT() REPRESENTATION_CONTEXT('2D SPACE',''
  ) );
#12968 = PCURVE('',#9662,#12969);
#12969 = DEFINITIONAL_REPRESENTATION('',(#12970),#12974);
#12970 = CIRCLE('',#12971,4.191);
#12971 = AXIS2_PLACEMENT_2D('',#12972,#12973);
#12972 = CARTESIAN_POINT('',(-79.59395621475,-21.10373271001));
#12973 = DIRECTION('',(1.,0.));
#12974 = ( GEOMETRIC_REPRESENTATION_CONTEXT(2) 
PARAMETRIC_REPRESENTATION_CONTEXT() REPRESENTATION_CONTEXT('2D SPACE',''
  ) );
#12975 = ADVANCED_FACE('',(#12976),#12990,.F.);
#12976 = FACE_BOUND('',#12977,.F.);
#12977 = EDGE_LOOP('',(#12978,#13006,#13027,#13028));
#12978 = ORIENTED_EDGE('',*,*,#12979,.T.);
#12979 = EDGE_CURVE('',#12980,#12982,#12984,.T.);
#12980 = VERTEX_POINT('',#12981);
#12981 = CARTESIAN_POINT('',(74.041,0.,69.85));
#12982 = VERTEX_POINT('',#12983);
#12983 = CARTESIAN_POINT('',(74.041,12.7,69.85));
#12984 = SEAM_CURVE('',#12985,(#12989,#13000),.PCURVE_S1.);
#12985 = LINE('',#12986,#12987);
#12986 = CARTESIAN_POINT('',(74.041,0.,69.85));
#12987 = VECTOR('',#12988,1.);
#12988 = DIRECTION('',(0.,1.,0.));
#12989 = PCURVE('',#12990,#12995);
#12990 = CYLINDRICAL_SURFACE('',#12991,4.191);
#12991 = AXIS2_PLACEMENT_3D('',#12992,#12993,#12994);
#12992 = CARTESIAN_POINT('',(69.85,0.,69.85));
#12993 = DIRECTION('',(0.,-1.,0.));
#12994 = DIRECTION('',(1.,0.,0.));
#12995 = DEFINITIONAL_REPRESENTATION('',(#12996),#12999);
#12996 = B_SPLINE_CURVE_WITH_KNOTS('',1,(#12997,#12998),.UNSPECIFIED.,
  .F.,.F.,(2,2),(0.,12.7),.PIECEWISE_BEZIER_KNOTS.);
#12997 = CARTESIAN_POINT('',(0.,0.));
#12998 = CARTESIAN_POINT('',(0.,-12.7));
#12999 = ( GEOMETRIC_REPRESENTATION_CONTEXT(2) 
PARAMETRIC_REPRESENTATION_CONTEXT() REPRESENTATION_CONTEXT('2D SPACE',''
  ) );
#13000 = PCURVE('',#12990,#13001);
#13001 = DEFINITIONAL_REPRESENTATION('',(#13002),#13005);
#13002 = B_SPLINE_CURVE_WITH_KNOTS('',1,(#13003,#13004),.UNSPECIFIED.,
  .F.,.F.,(2,2),(0.,12.7),.PIECEWISE_BEZIER_KNOTS.);
#13003 = CARTESIAN_POINT('',(6.28318530718,0.));
#13004 = CARTESIAN_POINT('',(6.28318530718,-12.7));
#13005 = ( GEOMETRIC_REPRESENTATION_CONTEXT(2) 
PARAMETRIC_REPRESENTATION_CONTEXT() REPRESENTATION_CONTEXT('2D SPACE',''
  ) );
#13006 = ORIENTED_EDGE('',*,*,#13007,.T.);
#13007 = EDGE_CURVE('',#12982,#12982,#13008,.T.);
#13008 = SURFACE_CURVE('',#13009,(#13014,#13020),.PCURVE_S1.);
#13009 = CIRCLE('',#13010,4.191);
#13010 = AXIS2_PLACEMENT_3D('',#13011,#13012,#13013);
#13011 = CARTESIAN_POINT('',(69.85,12.7,69.85));
#13012 = DIRECTION('',(0.,-1.,0.));
#13013 = DIRECTION('',(1.,0.,0.));
#13014 = PCURVE('',#12990,#13015);
#13015 = DEFINITIONAL_REPRESENTATION('',(#13016),#13019);
#13016 = B_SPLINE_CURVE_WITH_KNOTS('',1,(#13017,#13018),.UNSPECIFIED.,
  .F.,.F.,(2,2),(0.,6.28318530718),.PIECEWISE_BEZIER_KNOTS.);
#13017 = CARTESIAN_POINT('',(0.,-12.7));
#13018 = CARTESIAN_POINT('',(6.28318530718,-12.7));
#13019 = ( GEOMETRIC_REPRESENTATION_CONTEXT(2) 
PARAMETRIC_REPRESENTATION_CONTEXT() REPRESENTATION_CONTEXT('2D SPACE',''
  ) );
#13020 = PCURVE('',#9608,#13021);
#13021 = DEFINITIONAL_REPRESENTATION('',(#13022),#13026);
#13022 = CIRCLE('',#13023,4.191);
#13023 = AXIS2_PLACEMENT_2D('',#13024,#13025);
#13024 = CARTESIAN_POINT('',(-41.49395621475,-21.10373271001));
#13025 = DIRECTION('',(1.,0.));
#13026 = ( GEOMETRIC_REPRESENTATION_CONTEXT(2) 
PARAMETRIC_REPRESENTATION_CONTEXT() REPRESENTATION_CONTEXT('2D SPACE',''
  ) );
#13027 = ORIENTED_EDGE('',*,*,#12979,.F.);
#13028 = ORIENTED_EDGE('',*,*,#13029,.F.);
#13029 = EDGE_CURVE('',#12980,#12980,#13030,.T.);
#13030 = SURFACE_CURVE('',#13031,(#13036,#13042),.PCURVE_S1.);
#13031 = CIRCLE('',#13032,4.191);
#13032 = AXIS2_PLACEMENT_3D('',#13033,#13034,#13035);
#13033 = CARTESIAN_POINT('',(69.85,0.,69.85));
#13034 = DIRECTION('',(0.,-1.,0.));
#13035 = DIRECTION('',(1.,0.,0.));
#13036 = PCURVE('',#12990,#13037);
#13037 = DEFINITIONAL_REPRESENTATION('',(#13038),#13041);
#13038 = B_SPLINE_CURVE_WITH_KNOTS('',1,(#13039,#13040),.UNSPECIFIED.,
  .F.,.F.,(2,2),(0.,6.28318530718),.PIECEWISE_BEZIER_KNOTS.);
#13039 = CARTESIAN_POINT('',(0.,0.));
#13040 = CARTESIAN_POINT('',(6.28318530718,0.));
#13041 = ( GEOMETRIC_REPRESENTATION_CONTEXT(2) 
PARAMETRIC_REPRESENTATION_CONTEXT() REPRESENTATION_CONTEXT('2D SPACE',''
  ) );
#13042 = PCURVE('',#9662,#13043);
#13043 = DEFINITIONAL_REPRESENTATION('',(#13044),#13048);
#13044 = CIRCLE('',#13045,4.191);
#13045 = AXIS2_PLACEMENT_2D('',#13046,#13047);
#13046 = CARTESIAN_POINT('',(-41.49395621475,-21.10373271001));
#13047 = DIRECTION('',(1.,0.));
#13048 = ( GEOMETRIC_REPRESENTATION_CONTEXT(2) 
PARAMETRIC_REPRESENTATION_CONTEXT() REPRESENTATION_CONTEXT('2D SPACE',''
  ) );
#13049 = ADVANCED_FACE('',(#13050),#13064,.F.);
#13050 = FACE_BOUND('',#13051,.F.);
#13051 = EDGE_LOOP('',(#13052,#13080,#13101,#13102));
#13052 = ORIENTED_EDGE('',*,*,#13053,.T.);
#13053 = EDGE_CURVE('',#13054,#13056,#13058,.T.);
#13054 = VERTEX_POINT('',#13055);
#13055 = CARTESIAN_POINT('',(123.9774,0.,6.35));
#13056 = VERTEX_POINT('',#13057);
#13057 = CARTESIAN_POINT('',(123.9774,12.7,6.35));
#13058 = SEAM_CURVE('',#13059,(#13063,#13074),.PCURVE_S1.);
#13059 = LINE('',#13060,#13061);
#13060 = CARTESIAN_POINT('',(123.9774,0.,6.35));
#13061 = VECTOR('',#13062,1.);
#13062 = DIRECTION('',(0.,1.,0.));
#13063 = PCURVE('',#13064,#13069);
#13064 = CYLINDRICAL_SURFACE('',#13065,3.3274);
#13065 = AXIS2_PLACEMENT_3D('',#13066,#13067,#13068);
#13066 = CARTESIAN_POINT('',(120.65,0.,6.35));
#13067 = DIRECTION('',(0.,-1.,0.));
#13068 = DIRECTION('',(1.,0.,0.));
#13069 = DEFINITIONAL_REPRESENTATION('',(#13070),#13073);
#13070 = B_SPLINE_CURVE_WITH_KNOTS('',1,(#13071,#13072),.UNSPECIFIED.,
  .F.,.F.,(2,2),(0.,12.7),.PIECEWISE_BEZIER_KNOTS.);
#13071 = CARTESIAN_POINT('',(0.,0.));
#13072 = CARTESIAN_POINT('',(0.,-12.7));
#13073 = ( GEOMETRIC_REPRESENTATION_CONTEXT(2) 
PARAMETRIC_REPRESENTATION_CONTEXT() REPRESENTATION_CONTEXT('2D SPACE',''
  ) );
#13074 = PCURVE('',#13064,#13075);
#13075 = DEFINITIONAL_REPRESENTATION('',(#13076),#13079);
#13076 = B_SPLINE_CURVE_WITH_KNOTS('',1,(#13077,#13078),.UNSPECIFIED.,
  .F.,.F.,(2,2),(0.,12.7),.PIECEWISE_BEZIER_KNOTS.);
#13077 = CARTESIAN_POINT('',(6.28318530718,0.));
#13078 = CARTESIAN_POINT('',(6.28318530718,-12.7));
#13079 = ( GEOMETRIC_REPRESENTATION_CONTEXT(2) 
PARAMETRIC_REPRESENTATION_CONTEXT() REPRESENTATION_CONTEXT('2D SPACE',''
  ) );
#13080 = ORIENTED_EDGE('',*,*,#13081,.T.);
#13081 = EDGE_CURVE('',#13056,#13056,#13082,.T.);
#13082 = SURFACE_CURVE('',#13083,(#13088,#13094),.PCURVE_S1.);
#13083 = CIRCLE('',#13084,3.3274);
#13084 = AXIS2_PLACEMENT_3D('',#13085,#13086,#13087);
#13085 = CARTESIAN_POINT('',(120.65,12.7,6.35));
#13086 = DIRECTION('',(0.,-1.,0.));
#13087 = DIRECTION('',(1.,0.,0.));
#13088 = PCURVE('',#13064,#13089);
#13089 = DEFINITIONAL_REPRESENTATION('',(#13090),#13093);
#13090 = B_SPLINE_CURVE_WITH_KNOTS('',1,(#13091,#13092),.UNSPECIFIED.,
  .F.,.F.,(2,2),(0.,6.28318530718),.PIECEWISE_BEZIER_KNOTS.);
#13091 = CARTESIAN_POINT('',(0.,-12.7));
#13092 = CARTESIAN_POINT('',(6.28318530718,-12.7));
#13093 = ( GEOMETRIC_REPRESENTATION_CONTEXT(2) 
PARAMETRIC_REPRESENTATION_CONTEXT() REPRESENTATION_CONTEXT('2D SPACE',''
  ) );
#13094 = PCURVE('',#9608,#13095);
#13095 = DEFINITIONAL_REPRESENTATION('',(#13096),#13100);
#13096 = CIRCLE('',#13097,3.3274);
#13097 = AXIS2_PLACEMENT_2D('',#13098,#13099);
#13098 = CARTESIAN_POINT('',(9.306043785242,-84.60373271001));
#13099 = DIRECTION('',(1.,0.));
#13100 = ( GEOMETRIC_REPRESENTATION_CONTEXT(2) 
PARAMETRIC_REPRESENTATION_CONTEXT() REPRESENTATION_CONTEXT('2D SPACE',''
  ) );
#13101 = ORIENTED_EDGE('',*,*,#13053,.F.);
#13102 = ORIENTED_EDGE('',*,*,#13103,.F.);
#13103 = EDGE_CURVE('',#13054,#13054,#13104,.T.);
#13104 = SURFACE_CURVE('',#13105,(#13110,#13116),.PCURVE_S1.);
#13105 = CIRCLE('',#13106,3.3274);
#13106 = AXIS2_PLACEMENT_3D('',#13107,#13108,#13109);
#13107 = CARTESIAN_POINT('',(120.65,0.,6.35));
#13108 = DIRECTION('',(0.,-1.,0.));
#13109 = DIRECTION('',(1.,0.,0.));
#13110 = PCURVE('',#13064,#13111);
#13111 = DEFINITIONAL_REPRESENTATION('',(#13112),#13115);
#13112 = B_SPLINE_CURVE_WITH_KNOTS('',1,(#13113,#13114),.UNSPECIFIED.,
  .F.,.F.,(2,2),(0.,6.28318530718),.PIECEWISE_BEZIER_KNOTS.);
#13113 = CARTESIAN_POINT('',(0.,0.));
#13114 = CARTESIAN_POINT('',(6.28318530718,0.));
#13115 = ( GEOMETRIC_REPRESENTATION_CONTEXT(2) 
PARAMETRIC_REPRESENTATION_CONTEXT() REPRESENTATION_CONTEXT('2D SPACE',''
  ) );
#13116 = PCURVE('',#9662,#13117);
#13117 = DEFINITIONAL_REPRESENTATION('',(#13118),#13122);
#13118 = CIRCLE('',#13119,3.3274);
#13119 = AXIS2_PLACEMENT_2D('',#13120,#13121);
#13120 = CARTESIAN_POINT('',(9.306043785242,-84.60373271001));
#13121 = DIRECTION('',(1.,0.));
#13122 = ( GEOMETRIC_REPRESENTATION_CONTEXT(2) 
PARAMETRIC_REPRESENTATION_CONTEXT() REPRESENTATION_CONTEXT('2D SPACE',''
  ) );
#13123 = ADVANCED_FACE('',(#13124),#13138,.F.);
#13124 = FACE_BOUND('',#13125,.F.);
#13125 = EDGE_LOOP('',(#13126,#13154,#13175,#13176));
#13126 = ORIENTED_EDGE('',*,*,#13127,.T.);
#13127 = EDGE_CURVE('',#13128,#13130,#13132,.T.);
#13128 = VERTEX_POINT('',#13129);
#13129 = CARTESIAN_POINT('',(193.8274,0.,6.35));
#13130 = VERTEX_POINT('',#13131);
#13131 = CARTESIAN_POINT('',(193.8274,12.7,6.35));
#13132 = SEAM_CURVE('',#13133,(#13137,#13148),.PCURVE_S1.);
#13133 = LINE('',#13134,#13135);
#13134 = CARTESIAN_POINT('',(193.8274,0.,6.35));
#13135 = VECTOR('',#13136,1.);
#13136 = DIRECTION('',(0.,1.,0.));
#13137 = PCURVE('',#13138,#13143);
#13138 = CYLINDRICAL_SURFACE('',#13139,3.3274);
#13139 = AXIS2_PLACEMENT_3D('',#13140,#13141,#13142);
#13140 = CARTESIAN_POINT('',(190.5,0.,6.35));
#13141 = DIRECTION('',(0.,-1.,0.));
#13142 = DIRECTION('',(1.,0.,0.));
#13143 = DEFINITIONAL_REPRESENTATION('',(#13144),#13147);
#13144 = B_SPLINE_CURVE_WITH_KNOTS('',1,(#13145,#13146),.UNSPECIFIED.,
  .F.,.F.,(2,2),(0.,12.7),.PIECEWISE_BEZIER_KNOTS.);
#13145 = CARTESIAN_POINT('',(0.,0.));
#13146 = CARTESIAN_POINT('',(0.,-12.7));
#13147 = ( GEOMETRIC_REPRESENTATION_CONTEXT(2) 
PARAMETRIC_REPRESENTATION_CONTEXT() REPRESENTATION_CONTEXT('2D SPACE',''
  ) );
#13148 = PCURVE('',#13138,#13149);
#13149 = DEFINITIONAL_REPRESENTATION('',(#13150),#13153);
#13150 = B_SPLINE_CURVE_WITH_KNOTS('',1,(#13151,#13152),.UNSPECIFIED.,
  .F.,.F.,(2,2),(0.,12.7),.PIECEWISE_BEZIER_KNOTS.);
#13151 = CARTESIAN_POINT('',(6.28318530718,0.));
#13152 = CARTESIAN_POINT('',(6.28318530718,-12.7));
#13153 = ( GEOMETRIC_REPRESENTATION_CONTEXT(2) 
PARAMETRIC_REPRESENTATION_CONTEXT() REPRESENTATION_CONTEXT('2D SPACE',''
  ) );
#13154 = ORIENTED_EDGE('',*,*,#13155,.T.);
#13155 = EDGE_CURVE('',#13130,#13130,#13156,.T.);
#13156 = SURFACE_CURVE('',#13157,(#13162,#13168),.PCURVE_S1.);
#13157 = CIRCLE('',#13158,3.3274);
#13158 = AXIS2_PLACEMENT_3D('',#13159,#13160,#13161);
#13159 = CARTESIAN_POINT('',(190.5,12.7,6.35));
#13160 = DIRECTION('',(0.,-1.,0.));
#13161 = DIRECTION('',(1.,0.,0.));
#13162 = PCURVE('',#13138,#13163);
#13163 = DEFINITIONAL_REPRESENTATION('',(#13164),#13167);
#13164 = B_SPLINE_CURVE_WITH_KNOTS('',1,(#13165,#13166),.UNSPECIFIED.,
  .F.,.F.,(2,2),(0.,6.28318530718),.PIECEWISE_BEZIER_KNOTS.);
#13165 = CARTESIAN_POINT('',(0.,-12.7));
#13166 = CARTESIAN_POINT('',(6.28318530718,-12.7));
#13167 = ( GEOMETRIC_REPRESENTATION_CONTEXT(2) 
PARAMETRIC_REPRESENTATION_CONTEXT() REPRESENTATION_CONTEXT('2D SPACE',''
  ) );
#13168 = PCURVE('',#9608,#13169);
#13169 = DEFINITIONAL_REPRESENTATION('',(#13170),#13174);
#13170 = CIRCLE('',#13171,3.3274);
#13171 = AXIS2_PLACEMENT_2D('',#13172,#13173);
#13172 = CARTESIAN_POINT('',(79.156043785242,-84.60373271001));
#13173 = DIRECTION('',(1.,0.));
#13174 = ( GEOMETRIC_REPRESENTATION_CONTEXT(2) 
PARAMETRIC_REPRESENTATION_CONTEXT() REPRESENTATION_CONTEXT('2D SPACE',''
  ) );
#13175 = ORIENTED_EDGE('',*,*,#13127,.F.);
#13176 = ORIENTED_EDGE('',*,*,#13177,.F.);
#13177 = EDGE_CURVE('',#13128,#13128,#13178,.T.);
#13178 = SURFACE_CURVE('',#13179,(#13184,#13190),.PCURVE_S1.);
#13179 = CIRCLE('',#13180,3.3274);
#13180 = AXIS2_PLACEMENT_3D('',#13181,#13182,#13183);
#13181 = CARTESIAN_POINT('',(190.5,0.,6.35));
#13182 = DIRECTION('',(0.,-1.,0.));
#13183 = DIRECTION('',(1.,0.,0.));
#13184 = PCURVE('',#13138,#13185);
#13185 = DEFINITIONAL_REPRESENTATION('',(#13186),#13189);
#13186 = B_SPLINE_CURVE_WITH_KNOTS('',1,(#13187,#13188),.UNSPECIFIED.,
  .F.,.F.,(2,2),(0.,6.28318530718),.PIECEWISE_BEZIER_KNOTS.);
#13187 = CARTESIAN_POINT('',(0.,0.));
#13188 = CARTESIAN_POINT('',(6.28318530718,0.));
#13189 = ( GEOMETRIC_REPRESENTATION_CONTEXT(2) 
PARAMETRIC_REPRESENTATION_CONTEXT() REPRESENTATION_CONTEXT('2D SPACE',''
  ) );
#13190 = PCURVE('',#9662,#13191);
#13191 = DEFINITIONAL_REPRESENTATION('',(#13192),#13196);
#13192 = CIRCLE('',#13193,3.3274);
#13193 = AXIS2_PLACEMENT_2D('',#13194,#13195);
#13194 = CARTESIAN_POINT('',(79.156043785242,-84.60373271001));
#13195 = DIRECTION('',(1.,0.));
#13196 = ( GEOMETRIC_REPRESENTATION_CONTEXT(2) 
PARAMETRIC_REPRESENTATION_CONTEXT() REPRESENTATION_CONTEXT('2D SPACE',''
  ) );
#13197 = ADVANCED_FACE('',(#13198),#13212,.F.);
#13198 = FACE_BOUND('',#13199,.F.);
#13199 = EDGE_LOOP('',(#13200,#13228,#13249,#13250));
#13200 = ORIENTED_EDGE('',*,*,#13201,.T.);
#13201 = EDGE_CURVE('',#13202,#13204,#13206,.T.);
#13202 = VERTEX_POINT('',#13203);
#13203 = CARTESIAN_POINT('',(175.641,0.,31.75));
#13204 = VERTEX_POINT('',#13205);
#13205 = CARTESIAN_POINT('',(175.641,12.7,31.75));
#13206 = SEAM_CURVE('',#13207,(#13211,#13222),.PCURVE_S1.);
#13207 = LINE('',#13208,#13209);
#13208 = CARTESIAN_POINT('',(175.641,0.,31.75));
#13209 = VECTOR('',#13210,1.);
#13210 = DIRECTION('',(0.,1.,0.));
#13211 = PCURVE('',#13212,#13217);
#13212 = CYLINDRICAL_SURFACE('',#13213,4.191);
#13213 = AXIS2_PLACEMENT_3D('',#13214,#13215,#13216);
#13214 = CARTESIAN_POINT('',(171.45,0.,31.75));
#13215 = DIRECTION('',(0.,-1.,0.));
#13216 = DIRECTION('',(1.,0.,0.));
#13217 = DEFINITIONAL_REPRESENTATION('',(#13218),#13221);
#13218 = B_SPLINE_CURVE_WITH_KNOTS('',1,(#13219,#13220),.UNSPECIFIED.,
  .F.,.F.,(2,2),(0.,12.7),.PIECEWISE_BEZIER_KNOTS.);
#13219 = CARTESIAN_POINT('',(0.,0.));
#13220 = CARTESIAN_POINT('',(0.,-12.7));
#13221 = ( GEOMETRIC_REPRESENTATION_CONTEXT(2) 
PARAMETRIC_REPRESENTATION_CONTEXT() REPRESENTATION_CONTEXT('2D SPACE',''
  ) );
#13222 = PCURVE('',#13212,#13223);
#13223 = DEFINITIONAL_REPRESENTATION('',(#13224),#13227);
#13224 = B_SPLINE_CURVE_WITH_KNOTS('',1,(#13225,#13226),.UNSPECIFIED.,
  .F.,.F.,(2,2),(0.,12.7),.PIECEWISE_BEZIER_KNOTS.);
#13225 = CARTESIAN_POINT('',(6.28318530718,0.));
#13226 = CARTESIAN_POINT('',(6.28318530718,-12.7));
#13227 = ( GEOMETRIC_REPRESENTATION_CONTEXT(2) 
PARAMETRIC_REPRESENTATION_CONTEXT() REPRESENTATION_CONTEXT('2D SPACE',''
  ) );
#13228 = ORIENTED_EDGE('',*,*,#13229,.T.);
#13229 = EDGE_CURVE('',#13204,#13204,#13230,.T.);
#13230 = SURFACE_CURVE('',#13231,(#13236,#13242),.PCURVE_S1.);
#13231 = CIRCLE('',#13232,4.191);
#13232 = AXIS2_PLACEMENT_3D('',#13233,#13234,#13235);
#13233 = CARTESIAN_POINT('',(171.45,12.7,31.75));
#13234 = DIRECTION('',(0.,-1.,0.));
#13235 = DIRECTION('',(1.,0.,0.));
#13236 = PCURVE('',#13212,#13237);
#13237 = DEFINITIONAL_REPRESENTATION('',(#13238),#13241);
#13238 = B_SPLINE_CURVE_WITH_KNOTS('',1,(#13239,#13240),.UNSPECIFIED.,
  .F.,.F.,(2,2),(0.,6.28318530718),.PIECEWISE_BEZIER_KNOTS.);
#13239 = CARTESIAN_POINT('',(0.,-12.7));
#13240 = CARTESIAN_POINT('',(6.28318530718,-12.7));
#13241 = ( GEOMETRIC_REPRESENTATION_CONTEXT(2) 
PARAMETRIC_REPRESENTATION_CONTEXT() REPRESENTATION_CONTEXT('2D SPACE',''
  ) );
#13242 = PCURVE('',#9608,#13243);
#13243 = DEFINITIONAL_REPRESENTATION('',(#13244),#13248);
#13244 = CIRCLE('',#13245,4.191);
#13245 = AXIS2_PLACEMENT_2D('',#13246,#13247);
#13246 = CARTESIAN_POINT('',(60.106043785242,-59.20373271001));
#13247 = DIRECTION('',(1.,0.));
#13248 = ( GEOMETRIC_REPRESENTATION_CONTEXT(2) 
PARAMETRIC_REPRESENTATION_CONTEXT() REPRESENTATION_CONTEXT('2D SPACE',''
  ) );
#13249 = ORIENTED_EDGE('',*,*,#13201,.F.);
#13250 = ORIENTED_EDGE('',*,*,#13251,.F.);
#13251 = EDGE_CURVE('',#13202,#13202,#13252,.T.);
#13252 = SURFACE_CURVE('',#13253,(#13258,#13264),.PCURVE_S1.);
#13253 = CIRCLE('',#13254,4.191);
#13254 = AXIS2_PLACEMENT_3D('',#13255,#13256,#13257);
#13255 = CARTESIAN_POINT('',(171.45,0.,31.75));
#13256 = DIRECTION('',(0.,-1.,0.));
#13257 = DIRECTION('',(1.,0.,0.));
#13258 = PCURVE('',#13212,#13259);
#13259 = DEFINITIONAL_REPRESENTATION('',(#13260),#13263);
#13260 = B_SPLINE_CURVE_WITH_KNOTS('',1,(#13261,#13262),.UNSPECIFIED.,
  .F.,.F.,(2,2),(0.,6.28318530718),.PIECEWISE_BEZIER_KNOTS.);
#13261 = CARTESIAN_POINT('',(0.,0.));
#13262 = CARTESIAN_POINT('',(6.28318530718,0.));
#13263 = ( GEOMETRIC_REPRESENTATION_CONTEXT(2) 
PARAMETRIC_REPRESENTATION_CONTEXT() REPRESENTATION_CONTEXT('2D SPACE',''
  ) );
#13264 = PCURVE('',#9662,#13265);
#13265 = DEFINITIONAL_REPRESENTATION('',(#13266),#13270);
#13266 = CIRCLE('',#13267,4.191);
#13267 = AXIS2_PLACEMENT_2D('',#13268,#13269);
#13268 = CARTESIAN_POINT('',(60.106043785242,-59.20373271001));
#13269 = DIRECTION('',(1.,0.));
#13270 = ( GEOMETRIC_REPRESENTATION_CONTEXT(2) 
PARAMETRIC_REPRESENTATION_CONTEXT() REPRESENTATION_CONTEXT('2D SPACE',''
  ) );
#13271 = ADVANCED_FACE('',(#13272),#13286,.F.);
#13272 = FACE_BOUND('',#13273,.F.);
#13273 = EDGE_LOOP('',(#13274,#13302,#13323,#13324));
#13274 = ORIENTED_EDGE('',*,*,#13275,.T.);
#13275 = EDGE_CURVE('',#13276,#13278,#13280,.T.);
#13276 = VERTEX_POINT('',#13277);
#13277 = CARTESIAN_POINT('',(213.741,0.,31.75));
#13278 = VERTEX_POINT('',#13279);
#13279 = CARTESIAN_POINT('',(213.741,12.7,31.75));
#13280 = SEAM_CURVE('',#13281,(#13285,#13296),.PCURVE_S1.);
#13281 = LINE('',#13282,#13283);
#13282 = CARTESIAN_POINT('',(213.741,0.,31.75));
#13283 = VECTOR('',#13284,1.);
#13284 = DIRECTION('',(0.,1.,0.));
#13285 = PCURVE('',#13286,#13291);
#13286 = CYLINDRICAL_SURFACE('',#13287,4.191);
#13287 = AXIS2_PLACEMENT_3D('',#13288,#13289,#13290);
#13288 = CARTESIAN_POINT('',(209.55,0.,31.75));
#13289 = DIRECTION('',(0.,-1.,0.));
#13290 = DIRECTION('',(1.,0.,0.));
#13291 = DEFINITIONAL_REPRESENTATION('',(#13292),#13295);
#13292 = B_SPLINE_CURVE_WITH_KNOTS('',1,(#13293,#13294),.UNSPECIFIED.,
  .F.,.F.,(2,2),(0.,12.7),.PIECEWISE_BEZIER_KNOTS.);
#13293 = CARTESIAN_POINT('',(0.,0.));
#13294 = CARTESIAN_POINT('',(0.,-12.7));
#13295 = ( GEOMETRIC_REPRESENTATION_CONTEXT(2) 
PARAMETRIC_REPRESENTATION_CONTEXT() REPRESENTATION_CONTEXT('2D SPACE',''
  ) );
#13296 = PCURVE('',#13286,#13297);
#13297 = DEFINITIONAL_REPRESENTATION('',(#13298),#13301);
#13298 = B_SPLINE_CURVE_WITH_KNOTS('',1,(#13299,#13300),.UNSPECIFIED.,
  .F.,.F.,(2,2),(0.,12.7),.PIECEWISE_BEZIER_KNOTS.);
#13299 = CARTESIAN_POINT('',(6.28318530718,0.));
#13300 = CARTESIAN_POINT('',(6.28318530718,-12.7));
#13301 = ( GEOMETRIC_REPRESENTATION_CONTEXT(2) 
PARAMETRIC_REPRESENTATION_CONTEXT() REPRESENTATION_CONTEXT('2D SPACE',''
  ) );
#13302 = ORIENTED_EDGE('',*,*,#13303,.T.);
#13303 = EDGE_CURVE('',#13278,#13278,#13304,.T.);
#13304 = SURFACE_CURVE('',#13305,(#13310,#13316),.PCURVE_S1.);
#13305 = CIRCLE('',#13306,4.191);
#13306 = AXIS2_PLACEMENT_3D('',#13307,#13308,#13309);
#13307 = CARTESIAN_POINT('',(209.55,12.7,31.75));
#13308 = DIRECTION('',(0.,-1.,0.));
#13309 = DIRECTION('',(1.,0.,0.));
#13310 = PCURVE('',#13286,#13311);
#13311 = DEFINITIONAL_REPRESENTATION('',(#13312),#13315);
#13312 = B_SPLINE_CURVE_WITH_KNOTS('',1,(#13313,#13314),.UNSPECIFIED.,
  .F.,.F.,(2,2),(0.,6.28318530718),.PIECEWISE_BEZIER_KNOTS.);
#13313 = CARTESIAN_POINT('',(0.,-12.7));
#13314 = CARTESIAN_POINT('',(6.28318530718,-12.7));
#13315 = ( GEOMETRIC_REPRESENTATION_CONTEXT(2) 
PARAMETRIC_REPRESENTATION_CONTEXT() REPRESENTATION_CONTEXT('2D SPACE',''
  ) );
#13316 = PCURVE('',#9608,#13317);
#13317 = DEFINITIONAL_REPRESENTATION('',(#13318),#13322);
#13318 = CIRCLE('',#13319,4.191);
#13319 = AXIS2_PLACEMENT_2D('',#13320,#13321);
#13320 = CARTESIAN_POINT('',(98.206043785242,-59.20373271001));
#13321 = DIRECTION('',(1.,0.));
#13322 = ( GEOMETRIC_REPRESENTATION_CONTEXT(2) 
PARAMETRIC_REPRESENTATION_CONTEXT() REPRESENTATION_CONTEXT('2D SPACE',''
  ) );
#13323 = ORIENTED_EDGE('',*,*,#13275,.F.);
#13324 = ORIENTED_EDGE('',*,*,#13325,.F.);
#13325 = EDGE_CURVE('',#13276,#13276,#13326,.T.);
#13326 = SURFACE_CURVE('',#13327,(#13332,#13338),.PCURVE_S1.);
#13327 = CIRCLE('',#13328,4.191);
#13328 = AXIS2_PLACEMENT_3D('',#13329,#13330,#13331);
#13329 = CARTESIAN_POINT('',(209.55,0.,31.75));
#13330 = DIRECTION('',(0.,-1.,0.));
#13331 = DIRECTION('',(1.,0.,0.));
#13332 = PCURVE('',#13286,#13333);
#13333 = DEFINITIONAL_REPRESENTATION('',(#13334),#13337);
#13334 = B_SPLINE_CURVE_WITH_KNOTS('',1,(#13335,#13336),.UNSPECIFIED.,
  .F.,.F.,(2,2),(0.,6.28318530718),.PIECEWISE_BEZIER_KNOTS.);
#13335 = CARTESIAN_POINT('',(0.,0.));
#13336 = CARTESIAN_POINT('',(6.28318530718,0.));
#13337 = ( GEOMETRIC_REPRESENTATION_CONTEXT(2) 
PARAMETRIC_REPRESENTATION_CONTEXT() REPRESENTATION_CONTEXT('2D SPACE',''
  ) );
#13338 = PCURVE('',#9662,#13339);
#13339 = DEFINITIONAL_REPRESENTATION('',(#13340),#13344);
#13340 = CIRCLE('',#13341,4.191);
#13341 = AXIS2_PLACEMENT_2D('',#13342,#13343);
#13342 = CARTESIAN_POINT('',(98.206043785242,-59.20373271001));
#13343 = DIRECTION('',(1.,0.));
#13344 = ( GEOMETRIC_REPRESENTATION_CONTEXT(2) 
PARAMETRIC_REPRESENTATION_CONTEXT() REPRESENTATION_CONTEXT('2D SPACE',''
  ) );
#13345 = ADVANCED_FACE('',(#13346),#13360,.F.);
#13346 = FACE_BOUND('',#13347,.F.);
#13347 = EDGE_LOOP('',(#13348,#13376,#13397,#13398));
#13348 = ORIENTED_EDGE('',*,*,#13349,.T.);
#13349 = EDGE_CURVE('',#13350,#13352,#13354,.T.);
#13350 = VERTEX_POINT('',#13351);
#13351 = CARTESIAN_POINT('',(175.641,0.,69.85));
#13352 = VERTEX_POINT('',#13353);
#13353 = CARTESIAN_POINT('',(175.641,12.7,69.85));
#13354 = SEAM_CURVE('',#13355,(#13359,#13370),.PCURVE_S1.);
#13355 = LINE('',#13356,#13357);
#13356 = CARTESIAN_POINT('',(175.641,0.,69.85));
#13357 = VECTOR('',#13358,1.);
#13358 = DIRECTION('',(0.,1.,0.));
#13359 = PCURVE('',#13360,#13365);
#13360 = CYLINDRICAL_SURFACE('',#13361,4.191);
#13361 = AXIS2_PLACEMENT_3D('',#13362,#13363,#13364);
#13362 = CARTESIAN_POINT('',(171.45,0.,69.85));
#13363 = DIRECTION('',(0.,-1.,0.));
#13364 = DIRECTION('',(1.,0.,0.));
#13365 = DEFINITIONAL_REPRESENTATION('',(#13366),#13369);
#13366 = B_SPLINE_CURVE_WITH_KNOTS('',1,(#13367,#13368),.UNSPECIFIED.,
  .F.,.F.,(2,2),(0.,12.7),.PIECEWISE_BEZIER_KNOTS.);
#13367 = CARTESIAN_POINT('',(0.,0.));
#13368 = CARTESIAN_POINT('',(0.,-12.7));
#13369 = ( GEOMETRIC_REPRESENTATION_CONTEXT(2) 
PARAMETRIC_REPRESENTATION_CONTEXT() REPRESENTATION_CONTEXT('2D SPACE',''
  ) );
#13370 = PCURVE('',#13360,#13371);
#13371 = DEFINITIONAL_REPRESENTATION('',(#13372),#13375);
#13372 = B_SPLINE_CURVE_WITH_KNOTS('',1,(#13373,#13374),.UNSPECIFIED.,
  .F.,.F.,(2,2),(0.,12.7),.PIECEWISE_BEZIER_KNOTS.);
#13373 = CARTESIAN_POINT('',(6.28318530718,0.));
#13374 = CARTESIAN_POINT('',(6.28318530718,-12.7));
#13375 = ( GEOMETRIC_REPRESENTATION_CONTEXT(2) 
PARAMETRIC_REPRESENTATION_CONTEXT() REPRESENTATION_CONTEXT('2D SPACE',''
  ) );
#13376 = ORIENTED_EDGE('',*,*,#13377,.T.);
#13377 = EDGE_CURVE('',#13352,#13352,#13378,.T.);
#13378 = SURFACE_CURVE('',#13379,(#13384,#13390),.PCURVE_S1.);
#13379 = CIRCLE('',#13380,4.191);
#13380 = AXIS2_PLACEMENT_3D('',#13381,#13382,#13383);
#13381 = CARTESIAN_POINT('',(171.45,12.7,69.85));
#13382 = DIRECTION('',(0.,-1.,0.));
#13383 = DIRECTION('',(1.,0.,0.));
#13384 = PCURVE('',#13360,#13385);
#13385 = DEFINITIONAL_REPRESENTATION('',(#13386),#13389);
#13386 = B_SPLINE_CURVE_WITH_KNOTS('',1,(#13387,#13388),.UNSPECIFIED.,
  .F.,.F.,(2,2),(0.,6.28318530718),.PIECEWISE_BEZIER_KNOTS.);
#13387 = CARTESIAN_POINT('',(0.,-12.7));
#13388 = CARTESIAN_POINT('',(6.28318530718,-12.7));
#13389 = ( GEOMETRIC_REPRESENTATION_CONTEXT(2) 
PARAMETRIC_REPRESENTATION_CONTEXT() REPRESENTATION_CONTEXT('2D SPACE',''
  ) );
#13390 = PCURVE('',#9608,#13391);
#13391 = DEFINITIONAL_REPRESENTATION('',(#13392),#13396);
#13392 = CIRCLE('',#13393,4.191);
#13393 = AXIS2_PLACEMENT_2D('',#13394,#13395);
#13394 = CARTESIAN_POINT('',(60.106043785242,-21.10373271001));
#13395 = DIRECTION('',(1.,0.));
#13396 = ( GEOMETRIC_REPRESENTATION_CONTEXT(2) 
PARAMETRIC_REPRESENTATION_CONTEXT() REPRESENTATION_CONTEXT('2D SPACE',''
  ) );
#13397 = ORIENTED_EDGE('',*,*,#13349,.F.);
#13398 = ORIENTED_EDGE('',*,*,#13399,.F.);
#13399 = EDGE_CURVE('',#13350,#13350,#13400,.T.);
#13400 = SURFACE_CURVE('',#13401,(#13406,#13412),.PCURVE_S1.);
#13401 = CIRCLE('',#13402,4.191);
#13402 = AXIS2_PLACEMENT_3D('',#13403,#13404,#13405);
#13403 = CARTESIAN_POINT('',(171.45,0.,69.85));
#13404 = DIRECTION('',(0.,-1.,0.));
#13405 = DIRECTION('',(1.,0.,0.));
#13406 = PCURVE('',#13360,#13407);
#13407 = DEFINITIONAL_REPRESENTATION('',(#13408),#13411);
#13408 = B_SPLINE_CURVE_WITH_KNOTS('',1,(#13409,#13410),.UNSPECIFIED.,
  .F.,.F.,(2,2),(0.,6.28318530718),.PIECEWISE_BEZIER_KNOTS.);
#13409 = CARTESIAN_POINT('',(0.,0.));
#13410 = CARTESIAN_POINT('',(6.28318530718,0.));
#13411 = ( GEOMETRIC_REPRESENTATION_CONTEXT(2) 
PARAMETRIC_REPRESENTATION_CONTEXT() REPRESENTATION_CONTEXT('2D SPACE',''
  ) );
#13412 = PCURVE('',#9662,#13413);
#13413 = DEFINITIONAL_REPRESENTATION('',(#13414),#13418);
#13414 = CIRCLE('',#13415,4.191);
#13415 = AXIS2_PLACEMENT_2D('',#13416,#13417);
#13416 = CARTESIAN_POINT('',(60.106043785242,-21.10373271001));
#13417 = DIRECTION('',(1.,0.));
#13418 = ( GEOMETRIC_REPRESENTATION_CONTEXT(2) 
PARAMETRIC_REPRESENTATION_CONTEXT() REPRESENTATION_CONTEXT('2D SPACE',''
  ) );
#13419 = ADVANCED_FACE('',(#13420),#13434,.F.);
#13420 = FACE_BOUND('',#13421,.F.);
#13421 = EDGE_LOOP('',(#13422,#13450,#13471,#13472));
#13422 = ORIENTED_EDGE('',*,*,#13423,.T.);
#13423 = EDGE_CURVE('',#13424,#13426,#13428,.T.);
#13424 = VERTEX_POINT('',#13425);
#13425 = CARTESIAN_POINT('',(213.741,0.,69.85));
#13426 = VERTEX_POINT('',#13427);
#13427 = CARTESIAN_POINT('',(213.741,12.7,69.85));
#13428 = SEAM_CURVE('',#13429,(#13433,#13444),.PCURVE_S1.);
#13429 = LINE('',#13430,#13431);
#13430 = CARTESIAN_POINT('',(213.741,0.,69.85));
#13431 = VECTOR('',#13432,1.);
#13432 = DIRECTION('',(0.,1.,0.));
#13433 = PCURVE('',#13434,#13439);
#13434 = CYLINDRICAL_SURFACE('',#13435,4.191);
#13435 = AXIS2_PLACEMENT_3D('',#13436,#13437,#13438);
#13436 = CARTESIAN_POINT('',(209.55,0.,69.85));
#13437 = DIRECTION('',(0.,-1.,0.));
#13438 = DIRECTION('',(1.,0.,0.));
#13439 = DEFINITIONAL_REPRESENTATION('',(#13440),#13443);
#13440 = B_SPLINE_CURVE_WITH_KNOTS('',1,(#13441,#13442),.UNSPECIFIED.,
  .F.,.F.,(2,2),(0.,12.7),.PIECEWISE_BEZIER_KNOTS.);
#13441 = CARTESIAN_POINT('',(0.,0.));
#13442 = CARTESIAN_POINT('',(0.,-12.7));
#13443 = ( GEOMETRIC_REPRESENTATION_CONTEXT(2) 
PARAMETRIC_REPRESENTATION_CONTEXT() REPRESENTATION_CONTEXT('2D SPACE',''
  ) );
#13444 = PCURVE('',#13434,#13445);
#13445 = DEFINITIONAL_REPRESENTATION('',(#13446),#13449);
#13446 = B_SPLINE_CURVE_WITH_KNOTS('',1,(#13447,#13448),.UNSPECIFIED.,
  .F.,.F.,(2,2),(0.,12.7),.PIECEWISE_BEZIER_KNOTS.);
#13447 = CARTESIAN_POINT('',(6.28318530718,0.));
#13448 = CARTESIAN_POINT('',(6.28318530718,-12.7));
#13449 = ( GEOMETRIC_REPRESENTATION_CONTEXT(2) 
PARAMETRIC_REPRESENTATION_CONTEXT() REPRESENTATION_CONTEXT('2D SPACE',''
  ) );
#13450 = ORIENTED_EDGE('',*,*,#13451,.T.);
#13451 = EDGE_CURVE('',#13426,#13426,#13452,.T.);
#13452 = SURFACE_CURVE('',#13453,(#13458,#13464),.PCURVE_S1.);
#13453 = CIRCLE('',#13454,4.191);
#13454 = AXIS2_PLACEMENT_3D('',#13455,#13456,#13457);
#13455 = CARTESIAN_POINT('',(209.55,12.7,69.85));
#13456 = DIRECTION('',(0.,-1.,0.));
#13457 = DIRECTION('',(1.,0.,0.));
#13458 = PCURVE('',#13434,#13459);
#13459 = DEFINITIONAL_REPRESENTATION('',(#13460),#13463);
#13460 = B_SPLINE_CURVE_WITH_KNOTS('',1,(#13461,#13462),.UNSPECIFIED.,
  .F.,.F.,(2,2),(0.,6.28318530718),.PIECEWISE_BEZIER_KNOTS.);
#13461 = CARTESIAN_POINT('',(0.,-12.7));
#13462 = CARTESIAN_POINT('',(6.28318530718,-12.7));
#13463 = ( GEOMETRIC_REPRESENTATION_CONTEXT(2) 
PARAMETRIC_REPRESENTATION_CONTEXT() REPRESENTATION_CONTEXT('2D SPACE',''
  ) );
#13464 = PCURVE('',#9608,#13465);
#13465 = DEFINITIONAL_REPRESENTATION('',(#13466),#13470);
#13466 = CIRCLE('',#13467,4.191);
#13467 = AXIS2_PLACEMENT_2D('',#13468,#13469);
#13468 = CARTESIAN_POINT('',(98.206043785242,-21.10373271001));
#13469 = DIRECTION('',(1.,0.));
#13470 = ( GEOMETRIC_REPRESENTATION_CONTEXT(2) 
PARAMETRIC_REPRESENTATION_CONTEXT() REPRESENTATION_CONTEXT('2D SPACE',''
  ) );
#13471 = ORIENTED_EDGE('',*,*,#13423,.F.);
#13472 = ORIENTED_EDGE('',*,*,#13473,.F.);
#13473 = EDGE_CURVE('',#13424,#13424,#13474,.T.);
#13474 = SURFACE_CURVE('',#13475,(#13480,#13486),.PCURVE_S1.);
#13475 = CIRCLE('',#13476,4.191);
#13476 = AXIS2_PLACEMENT_3D('',#13477,#13478,#13479);
#13477 = CARTESIAN_POINT('',(209.55,0.,69.85));
#13478 = DIRECTION('',(0.,-1.,0.));
#13479 = DIRECTION('',(1.,0.,0.));
#13480 = PCURVE('',#13434,#13481);
#13481 = DEFINITIONAL_REPRESENTATION('',(#13482),#13485);
#13482 = B_SPLINE_CURVE_WITH_KNOTS('',1,(#13483,#13484),.UNSPECIFIED.,
  .F.,.F.,(2,2),(0.,6.28318530718),.PIECEWISE_BEZIER_KNOTS.);
#13483 = CARTESIAN_POINT('',(0.,0.));
#13484 = CARTESIAN_POINT('',(6.28318530718,0.));
#13485 = ( GEOMETRIC_REPRESENTATION_CONTEXT(2) 
PARAMETRIC_REPRESENTATION_CONTEXT() REPRESENTATION_CONTEXT('2D SPACE',''
  ) );
#13486 = PCURVE('',#9662,#13487);
#13487 = DEFINITIONAL_REPRESENTATION('',(#13488),#13492);
#13488 = CIRCLE('',#13489,4.191);
#13489 = AXIS2_PLACEMENT_2D('',#13490,#13491);
#13490 = CARTESIAN_POINT('',(98.206043785242,-21.10373271001));
#13491 = DIRECTION('',(1.,0.));
#13492 = ( GEOMETRIC_REPRESENTATION_CONTEXT(2) 
PARAMETRIC_REPRESENTATION_CONTEXT() REPRESENTATION_CONTEXT('2D SPACE',''
  ) );
#13493 = ADVANCED_FACE('',(#13494),#13508,.F.);
#13494 = FACE_BOUND('',#13495,.F.);
#13495 = EDGE_LOOP('',(#13496,#13524,#13545,#13546));
#13496 = ORIENTED_EDGE('',*,*,#13497,.T.);
#13497 = EDGE_CURVE('',#13498,#13500,#13502,.T.);
#13498 = VERTEX_POINT('',#13499);
#13499 = CARTESIAN_POINT('',(35.941,0.,146.05));
#13500 = VERTEX_POINT('',#13501);
#13501 = CARTESIAN_POINT('',(35.941,12.7,146.05));
#13502 = SEAM_CURVE('',#13503,(#13507,#13518),.PCURVE_S1.);
#13503 = LINE('',#13504,#13505);
#13504 = CARTESIAN_POINT('',(35.941,0.,146.05));
#13505 = VECTOR('',#13506,1.);
#13506 = DIRECTION('',(0.,1.,0.));
#13507 = PCURVE('',#13508,#13513);
#13508 = CYLINDRICAL_SURFACE('',#13509,4.191);
#13509 = AXIS2_PLACEMENT_3D('',#13510,#13511,#13512);
#13510 = CARTESIAN_POINT('',(31.75,0.,146.05));
#13511 = DIRECTION('',(0.,-1.,0.));
#13512 = DIRECTION('',(1.,0.,0.));
#13513 = DEFINITIONAL_REPRESENTATION('',(#13514),#13517);
#13514 = B_SPLINE_CURVE_WITH_KNOTS('',1,(#13515,#13516),.UNSPECIFIED.,
  .F.,.F.,(2,2),(0.,12.7),.PIECEWISE_BEZIER_KNOTS.);
#13515 = CARTESIAN_POINT('',(0.,0.));
#13516 = CARTESIAN_POINT('',(0.,-12.7));
#13517 = ( GEOMETRIC_REPRESENTATION_CONTEXT(2) 
PARAMETRIC_REPRESENTATION_CONTEXT() REPRESENTATION_CONTEXT('2D SPACE',''
  ) );
#13518 = PCURVE('',#13508,#13519);
#13519 = DEFINITIONAL_REPRESENTATION('',(#13520),#13523);
#13520 = B_SPLINE_CURVE_WITH_KNOTS('',1,(#13521,#13522),.UNSPECIFIED.,
  .F.,.F.,(2,2),(0.,12.7),.PIECEWISE_BEZIER_KNOTS.);
#13521 = CARTESIAN_POINT('',(6.28318530718,0.));
#13522 = CARTESIAN_POINT('',(6.28318530718,-12.7));
#13523 = ( GEOMETRIC_REPRESENTATION_CONTEXT(2) 
PARAMETRIC_REPRESENTATION_CONTEXT() REPRESENTATION_CONTEXT('2D SPACE',''
  ) );
#13524 = ORIENTED_EDGE('',*,*,#13525,.T.);
#13525 = EDGE_CURVE('',#13500,#13500,#13526,.T.);
#13526 = SURFACE_CURVE('',#13527,(#13532,#13538),.PCURVE_S1.);
#13527 = CIRCLE('',#13528,4.191);
#13528 = AXIS2_PLACEMENT_3D('',#13529,#13530,#13531);
#13529 = CARTESIAN_POINT('',(31.75,12.7,146.05));
#13530 = DIRECTION('',(0.,-1.,0.));
#13531 = DIRECTION('',(1.,0.,0.));
#13532 = PCURVE('',#13508,#13533);
#13533 = DEFINITIONAL_REPRESENTATION('',(#13534),#13537);
#13534 = B_SPLINE_CURVE_WITH_KNOTS('',1,(#13535,#13536),.UNSPECIFIED.,
  .F.,.F.,(2,2),(0.,6.28318530718),.PIECEWISE_BEZIER_KNOTS.);
#13535 = CARTESIAN_POINT('',(0.,-12.7));
#13536 = CARTESIAN_POINT('',(6.28318530718,-12.7));
#13537 = ( GEOMETRIC_REPRESENTATION_CONTEXT(2) 
PARAMETRIC_REPRESENTATION_CONTEXT() REPRESENTATION_CONTEXT('2D SPACE',''
  ) );
#13538 = PCURVE('',#9608,#13539);
#13539 = DEFINITIONAL_REPRESENTATION('',(#13540),#13544);
#13540 = CIRCLE('',#13541,4.191);
#13541 = AXIS2_PLACEMENT_2D('',#13542,#13543);
#13542 = CARTESIAN_POINT('',(-79.59395621475,55.096267289989));
#13543 = DIRECTION('',(1.,0.));
#13544 = ( GEOMETRIC_REPRESENTATION_CONTEXT(2) 
PARAMETRIC_REPRESENTATION_CONTEXT() REPRESENTATION_CONTEXT('2D SPACE',''
  ) );
#13545 = ORIENTED_EDGE('',*,*,#13497,.F.);
#13546 = ORIENTED_EDGE('',*,*,#13547,.F.);
#13547 = EDGE_CURVE('',#13498,#13498,#13548,.T.);
#13548 = SURFACE_CURVE('',#13549,(#13554,#13560),.PCURVE_S1.);
#13549 = CIRCLE('',#13550,4.191);
#13550 = AXIS2_PLACEMENT_3D('',#13551,#13552,#13553);
#13551 = CARTESIAN_POINT('',(31.75,0.,146.05));
#13552 = DIRECTION('',(0.,-1.,0.));
#13553 = DIRECTION('',(1.,0.,0.));
#13554 = PCURVE('',#13508,#13555);
#13555 = DEFINITIONAL_REPRESENTATION('',(#13556),#13559);
#13556 = B_SPLINE_CURVE_WITH_KNOTS('',1,(#13557,#13558),.UNSPECIFIED.,
  .F.,.F.,(2,2),(0.,6.28318530718),.PIECEWISE_BEZIER_KNOTS.);
#13557 = CARTESIAN_POINT('',(0.,0.));
#13558 = CARTESIAN_POINT('',(6.28318530718,0.));
#13559 = ( GEOMETRIC_REPRESENTATION_CONTEXT(2) 
PARAMETRIC_REPRESENTATION_CONTEXT() REPRESENTATION_CONTEXT('2D SPACE',''
  ) );
#13560 = PCURVE('',#9662,#13561);
#13561 = DEFINITIONAL_REPRESENTATION('',(#13562),#13566);
#13562 = CIRCLE('',#13563,4.191);
#13563 = AXIS2_PLACEMENT_2D('',#13564,#13565);
#13564 = CARTESIAN_POINT('',(-79.59395621475,55.096267289989));
#13565 = DIRECTION('',(1.,0.));
#13566 = ( GEOMETRIC_REPRESENTATION_CONTEXT(2) 
PARAMETRIC_REPRESENTATION_CONTEXT() REPRESENTATION_CONTEXT('2D SPACE',''
  ) );
#13567 = ADVANCED_FACE('',(#13568),#13582,.F.);
#13568 = FACE_BOUND('',#13569,.F.);
#13569 = EDGE_LOOP('',(#13570,#13598,#13619,#13620));
#13570 = ORIENTED_EDGE('',*,*,#13571,.T.);
#13571 = EDGE_CURVE('',#13572,#13574,#13576,.T.);
#13572 = VERTEX_POINT('',#13573);
#13573 = CARTESIAN_POINT('',(74.041,0.,146.05));
#13574 = VERTEX_POINT('',#13575);
#13575 = CARTESIAN_POINT('',(74.041,12.7,146.05));
#13576 = SEAM_CURVE('',#13577,(#13581,#13592),.PCURVE_S1.);
#13577 = LINE('',#13578,#13579);
#13578 = CARTESIAN_POINT('',(74.041,0.,146.05));
#13579 = VECTOR('',#13580,1.);
#13580 = DIRECTION('',(0.,1.,0.));
#13581 = PCURVE('',#13582,#13587);
#13582 = CYLINDRICAL_SURFACE('',#13583,4.191);
#13583 = AXIS2_PLACEMENT_3D('',#13584,#13585,#13586);
#13584 = CARTESIAN_POINT('',(69.85,0.,146.05));
#13585 = DIRECTION('',(0.,-1.,0.));
#13586 = DIRECTION('',(1.,0.,0.));
#13587 = DEFINITIONAL_REPRESENTATION('',(#13588),#13591);
#13588 = B_SPLINE_CURVE_WITH_KNOTS('',1,(#13589,#13590),.UNSPECIFIED.,
  .F.,.F.,(2,2),(0.,12.7),.PIECEWISE_BEZIER_KNOTS.);
#13589 = CARTESIAN_POINT('',(0.,0.));
#13590 = CARTESIAN_POINT('',(0.,-12.7));
#13591 = ( GEOMETRIC_REPRESENTATION_CONTEXT(2) 
PARAMETRIC_REPRESENTATION_CONTEXT() REPRESENTATION_CONTEXT('2D SPACE',''
  ) );
#13592 = PCURVE('',#13582,#13593);
#13593 = DEFINITIONAL_REPRESENTATION('',(#13594),#13597);
#13594 = B_SPLINE_CURVE_WITH_KNOTS('',1,(#13595,#13596),.UNSPECIFIED.,
  .F.,.F.,(2,2),(0.,12.7),.PIECEWISE_BEZIER_KNOTS.);
#13595 = CARTESIAN_POINT('',(6.28318530718,0.));
#13596 = CARTESIAN_POINT('',(6.28318530718,-12.7));
#13597 = ( GEOMETRIC_REPRESENTATION_CONTEXT(2) 
PARAMETRIC_REPRESENTATION_CONTEXT() REPRESENTATION_CONTEXT('2D SPACE',''
  ) );
#13598 = ORIENTED_EDGE('',*,*,#13599,.T.);
#13599 = EDGE_CURVE('',#13574,#13574,#13600,.T.);
#13600 = SURFACE_CURVE('',#13601,(#13606,#13612),.PCURVE_S1.);
#13601 = CIRCLE('',#13602,4.191);
#13602 = AXIS2_PLACEMENT_3D('',#13603,#13604,#13605);
#13603 = CARTESIAN_POINT('',(69.85,12.7,146.05));
#13604 = DIRECTION('',(0.,-1.,0.));
#13605 = DIRECTION('',(1.,0.,0.));
#13606 = PCURVE('',#13582,#13607);
#13607 = DEFINITIONAL_REPRESENTATION('',(#13608),#13611);
#13608 = B_SPLINE_CURVE_WITH_KNOTS('',1,(#13609,#13610),.UNSPECIFIED.,
  .F.,.F.,(2,2),(0.,6.28318530718),.PIECEWISE_BEZIER_KNOTS.);
#13609 = CARTESIAN_POINT('',(0.,-12.7));
#13610 = CARTESIAN_POINT('',(6.28318530718,-12.7));
#13611 = ( GEOMETRIC_REPRESENTATION_CONTEXT(2) 
PARAMETRIC_REPRESENTATION_CONTEXT() REPRESENTATION_CONTEXT('2D SPACE',''
  ) );
#13612 = PCURVE('',#9608,#13613);
#13613 = DEFINITIONAL_REPRESENTATION('',(#13614),#13618);
#13614 = CIRCLE('',#13615,4.191);
#13615 = AXIS2_PLACEMENT_2D('',#13616,#13617);
#13616 = CARTESIAN_POINT('',(-41.49395621475,55.096267289989));
#13617 = DIRECTION('',(1.,0.));
#13618 = ( GEOMETRIC_REPRESENTATION_CONTEXT(2) 
PARAMETRIC_REPRESENTATION_CONTEXT() REPRESENTATION_CONTEXT('2D SPACE',''
  ) );
#13619 = ORIENTED_EDGE('',*,*,#13571,.F.);
#13620 = ORIENTED_EDGE('',*,*,#13621,.F.);
#13621 = EDGE_CURVE('',#13572,#13572,#13622,.T.);
#13622 = SURFACE_CURVE('',#13623,(#13628,#13634),.PCURVE_S1.);
#13623 = CIRCLE('',#13624,4.191);
#13624 = AXIS2_PLACEMENT_3D('',#13625,#13626,#13627);
#13625 = CARTESIAN_POINT('',(69.85,0.,146.05));
#13626 = DIRECTION('',(0.,-1.,0.));
#13627 = DIRECTION('',(1.,0.,0.));
#13628 = PCURVE('',#13582,#13629);
#13629 = DEFINITIONAL_REPRESENTATION('',(#13630),#13633);
#13630 = B_SPLINE_CURVE_WITH_KNOTS('',1,(#13631,#13632),.UNSPECIFIED.,
  .F.,.F.,(2,2),(0.,6.28318530718),.PIECEWISE_BEZIER_KNOTS.);
#13631 = CARTESIAN_POINT('',(0.,0.));
#13632 = CARTESIAN_POINT('',(6.28318530718,0.));
#13633 = ( GEOMETRIC_REPRESENTATION_CONTEXT(2) 
PARAMETRIC_REPRESENTATION_CONTEXT() REPRESENTATION_CONTEXT('2D SPACE',''
  ) );
#13634 = PCURVE('',#9662,#13635);
#13635 = DEFINITIONAL_REPRESENTATION('',(#13636),#13640);
#13636 = CIRCLE('',#13637,4.191);
#13637 = AXIS2_PLACEMENT_2D('',#13638,#13639);
#13638 = CARTESIAN_POINT('',(-41.49395621475,55.096267289989));
#13639 = DIRECTION('',(1.,0.));
#13640 = ( GEOMETRIC_REPRESENTATION_CONTEXT(2) 
PARAMETRIC_REPRESENTATION_CONTEXT() REPRESENTATION_CONTEXT('2D SPACE',''
  ) );
#13641 = ADVANCED_FACE('',(#13642),#13656,.F.);
#13642 = FACE_BOUND('',#13643,.F.);
#13643 = EDGE_LOOP('',(#13644,#13672,#13693,#13694));
#13644 = ORIENTED_EDGE('',*,*,#13645,.T.);
#13645 = EDGE_CURVE('',#13646,#13648,#13650,.T.);
#13646 = VERTEX_POINT('',#13647);
#13647 = CARTESIAN_POINT('',(35.941,0.,184.15));
#13648 = VERTEX_POINT('',#13649);
#13649 = CARTESIAN_POINT('',(35.941,12.7,184.15));
#13650 = SEAM_CURVE('',#13651,(#13655,#13666),.PCURVE_S1.);
#13651 = LINE('',#13652,#13653);
#13652 = CARTESIAN_POINT('',(35.941,0.,184.15));
#13653 = VECTOR('',#13654,1.);
#13654 = DIRECTION('',(0.,1.,0.));
#13655 = PCURVE('',#13656,#13661);
#13656 = CYLINDRICAL_SURFACE('',#13657,4.191);
#13657 = AXIS2_PLACEMENT_3D('',#13658,#13659,#13660);
#13658 = CARTESIAN_POINT('',(31.75,0.,184.15));
#13659 = DIRECTION('',(0.,-1.,0.));
#13660 = DIRECTION('',(1.,0.,0.));
#13661 = DEFINITIONAL_REPRESENTATION('',(#13662),#13665);
#13662 = B_SPLINE_CURVE_WITH_KNOTS('',1,(#13663,#13664),.UNSPECIFIED.,
  .F.,.F.,(2,2),(0.,12.7),.PIECEWISE_BEZIER_KNOTS.);
#13663 = CARTESIAN_POINT('',(0.,0.));
#13664 = CARTESIAN_POINT('',(0.,-12.7));
#13665 = ( GEOMETRIC_REPRESENTATION_CONTEXT(2) 
PARAMETRIC_REPRESENTATION_CONTEXT() REPRESENTATION_CONTEXT('2D SPACE',''
  ) );
#13666 = PCURVE('',#13656,#13667);
#13667 = DEFINITIONAL_REPRESENTATION('',(#13668),#13671);
#13668 = B_SPLINE_CURVE_WITH_KNOTS('',1,(#13669,#13670),.UNSPECIFIED.,
  .F.,.F.,(2,2),(0.,12.7),.PIECEWISE_BEZIER_KNOTS.);
#13669 = CARTESIAN_POINT('',(6.28318530718,0.));
#13670 = CARTESIAN_POINT('',(6.28318530718,-12.7));
#13671 = ( GEOMETRIC_REPRESENTATION_CONTEXT(2) 
PARAMETRIC_REPRESENTATION_CONTEXT() REPRESENTATION_CONTEXT('2D SPACE',''
  ) );
#13672 = ORIENTED_EDGE('',*,*,#13673,.T.);
#13673 = EDGE_CURVE('',#13648,#13648,#13674,.T.);
#13674 = SURFACE_CURVE('',#13675,(#13680,#13686),.PCURVE_S1.);
#13675 = CIRCLE('',#13676,4.191);
#13676 = AXIS2_PLACEMENT_3D('',#13677,#13678,#13679);
#13677 = CARTESIAN_POINT('',(31.75,12.7,184.15));
#13678 = DIRECTION('',(0.,-1.,0.));
#13679 = DIRECTION('',(1.,0.,0.));
#13680 = PCURVE('',#13656,#13681);
#13681 = DEFINITIONAL_REPRESENTATION('',(#13682),#13685);
#13682 = B_SPLINE_CURVE_WITH_KNOTS('',1,(#13683,#13684),.UNSPECIFIED.,
  .F.,.F.,(2,2),(0.,6.28318530718),.PIECEWISE_BEZIER_KNOTS.);
#13683 = CARTESIAN_POINT('',(0.,-12.7));
#13684 = CARTESIAN_POINT('',(6.28318530718,-12.7));
#13685 = ( GEOMETRIC_REPRESENTATION_CONTEXT(2) 
PARAMETRIC_REPRESENTATION_CONTEXT() REPRESENTATION_CONTEXT('2D SPACE',''
  ) );
#13686 = PCURVE('',#9608,#13687);
#13687 = DEFINITIONAL_REPRESENTATION('',(#13688),#13692);
#13688 = CIRCLE('',#13689,4.191);
#13689 = AXIS2_PLACEMENT_2D('',#13690,#13691);
#13690 = CARTESIAN_POINT('',(-79.59395621475,93.196267289989));
#13691 = DIRECTION('',(1.,0.));
#13692 = ( GEOMETRIC_REPRESENTATION_CONTEXT(2) 
PARAMETRIC_REPRESENTATION_CONTEXT() REPRESENTATION_CONTEXT('2D SPACE',''
  ) );
#13693 = ORIENTED_EDGE('',*,*,#13645,.F.);
#13694 = ORIENTED_EDGE('',*,*,#13695,.F.);
#13695 = EDGE_CURVE('',#13646,#13646,#13696,.T.);
#13696 = SURFACE_CURVE('',#13697,(#13702,#13708),.PCURVE_S1.);
#13697 = CIRCLE('',#13698,4.191);
#13698 = AXIS2_PLACEMENT_3D('',#13699,#13700,#13701);
#13699 = CARTESIAN_POINT('',(31.75,0.,184.15));
#13700 = DIRECTION('',(0.,-1.,0.));
#13701 = DIRECTION('',(1.,0.,0.));
#13702 = PCURVE('',#13656,#13703);
#13703 = DEFINITIONAL_REPRESENTATION('',(#13704),#13707);
#13704 = B_SPLINE_CURVE_WITH_KNOTS('',1,(#13705,#13706),.UNSPECIFIED.,
  .F.,.F.,(2,2),(0.,6.28318530718),.PIECEWISE_BEZIER_KNOTS.);
#13705 = CARTESIAN_POINT('',(0.,0.));
#13706 = CARTESIAN_POINT('',(6.28318530718,0.));
#13707 = ( GEOMETRIC_REPRESENTATION_CONTEXT(2) 
PARAMETRIC_REPRESENTATION_CONTEXT() REPRESENTATION_CONTEXT('2D SPACE',''
  ) );
#13708 = PCURVE('',#9662,#13709);
#13709 = DEFINITIONAL_REPRESENTATION('',(#13710),#13714);
#13710 = CIRCLE('',#13711,4.191);
#13711 = AXIS2_PLACEMENT_2D('',#13712,#13713);
#13712 = CARTESIAN_POINT('',(-79.59395621475,93.196267289989));
#13713 = DIRECTION('',(1.,0.));
#13714 = ( GEOMETRIC_REPRESENTATION_CONTEXT(2) 
PARAMETRIC_REPRESENTATION_CONTEXT() REPRESENTATION_CONTEXT('2D SPACE',''
  ) );
#13715 = ADVANCED_FACE('',(#13716),#13730,.F.);
#13716 = FACE_BOUND('',#13717,.F.);
#13717 = EDGE_LOOP('',(#13718,#13746,#13767,#13768));
#13718 = ORIENTED_EDGE('',*,*,#13719,.T.);
#13719 = EDGE_CURVE('',#13720,#13722,#13724,.T.);
#13720 = VERTEX_POINT('',#13721);
#13721 = CARTESIAN_POINT('',(74.041,0.,184.15));
#13722 = VERTEX_POINT('',#13723);
#13723 = CARTESIAN_POINT('',(74.041,12.7,184.15));
#13724 = SEAM_CURVE('',#13725,(#13729,#13740),.PCURVE_S1.);
#13725 = LINE('',#13726,#13727);
#13726 = CARTESIAN_POINT('',(74.041,0.,184.15));
#13727 = VECTOR('',#13728,1.);
#13728 = DIRECTION('',(0.,1.,0.));
#13729 = PCURVE('',#13730,#13735);
#13730 = CYLINDRICAL_SURFACE('',#13731,4.191);
#13731 = AXIS2_PLACEMENT_3D('',#13732,#13733,#13734);
#13732 = CARTESIAN_POINT('',(69.85,0.,184.15));
#13733 = DIRECTION('',(0.,-1.,0.));
#13734 = DIRECTION('',(1.,0.,0.));
#13735 = DEFINITIONAL_REPRESENTATION('',(#13736),#13739);
#13736 = B_SPLINE_CURVE_WITH_KNOTS('',1,(#13737,#13738),.UNSPECIFIED.,
  .F.,.F.,(2,2),(0.,12.7),.PIECEWISE_BEZIER_KNOTS.);
#13737 = CARTESIAN_POINT('',(0.,0.));
#13738 = CARTESIAN_POINT('',(0.,-12.7));
#13739 = ( GEOMETRIC_REPRESENTATION_CONTEXT(2) 
PARAMETRIC_REPRESENTATION_CONTEXT() REPRESENTATION_CONTEXT('2D SPACE',''
  ) );
#13740 = PCURVE('',#13730,#13741);
#13741 = DEFINITIONAL_REPRESENTATION('',(#13742),#13745);
#13742 = B_SPLINE_CURVE_WITH_KNOTS('',1,(#13743,#13744),.UNSPECIFIED.,
  .F.,.F.,(2,2),(0.,12.7),.PIECEWISE_BEZIER_KNOTS.);
#13743 = CARTESIAN_POINT('',(6.28318530718,0.));
#13744 = CARTESIAN_POINT('',(6.28318530718,-12.7));
#13745 = ( GEOMETRIC_REPRESENTATION_CONTEXT(2) 
PARAMETRIC_REPRESENTATION_CONTEXT() REPRESENTATION_CONTEXT('2D SPACE',''
  ) );
#13746 = ORIENTED_EDGE('',*,*,#13747,.T.);
#13747 = EDGE_CURVE('',#13722,#13722,#13748,.T.);
#13748 = SURFACE_CURVE('',#13749,(#13754,#13760),.PCURVE_S1.);
#13749 = CIRCLE('',#13750,4.191);
#13750 = AXIS2_PLACEMENT_3D('',#13751,#13752,#13753);
#13751 = CARTESIAN_POINT('',(69.85,12.7,184.15));
#13752 = DIRECTION('',(0.,-1.,0.));
#13753 = DIRECTION('',(1.,0.,0.));
#13754 = PCURVE('',#13730,#13755);
#13755 = DEFINITIONAL_REPRESENTATION('',(#13756),#13759);
#13756 = B_SPLINE_CURVE_WITH_KNOTS('',1,(#13757,#13758),.UNSPECIFIED.,
  .F.,.F.,(2,2),(0.,6.28318530718),.PIECEWISE_BEZIER_KNOTS.);
#13757 = CARTESIAN_POINT('',(0.,-12.7));
#13758 = CARTESIAN_POINT('',(6.28318530718,-12.7));
#13759 = ( GEOMETRIC_REPRESENTATION_CONTEXT(2) 
PARAMETRIC_REPRESENTATION_CONTEXT() REPRESENTATION_CONTEXT('2D SPACE',''
  ) );
#13760 = PCURVE('',#9608,#13761);
#13761 = DEFINITIONAL_REPRESENTATION('',(#13762),#13766);
#13762 = CIRCLE('',#13763,4.191);
#13763 = AXIS2_PLACEMENT_2D('',#13764,#13765);
#13764 = CARTESIAN_POINT('',(-41.49395621475,93.196267289989));
#13765 = DIRECTION('',(1.,0.));
#13766 = ( GEOMETRIC_REPRESENTATION_CONTEXT(2) 
PARAMETRIC_REPRESENTATION_CONTEXT() REPRESENTATION_CONTEXT('2D SPACE',''
  ) );
#13767 = ORIENTED_EDGE('',*,*,#13719,.F.);
#13768 = ORIENTED_EDGE('',*,*,#13769,.F.);
#13769 = EDGE_CURVE('',#13720,#13720,#13770,.T.);
#13770 = SURFACE_CURVE('',#13771,(#13776,#13782),.PCURVE_S1.);
#13771 = CIRCLE('',#13772,4.191);
#13772 = AXIS2_PLACEMENT_3D('',#13773,#13774,#13775);
#13773 = CARTESIAN_POINT('',(69.85,0.,184.15));
#13774 = DIRECTION('',(0.,-1.,0.));
#13775 = DIRECTION('',(1.,0.,0.));
#13776 = PCURVE('',#13730,#13777);
#13777 = DEFINITIONAL_REPRESENTATION('',(#13778),#13781);
#13778 = B_SPLINE_CURVE_WITH_KNOTS('',1,(#13779,#13780),.UNSPECIFIED.,
  .F.,.F.,(2,2),(0.,6.28318530718),.PIECEWISE_BEZIER_KNOTS.);
#13779 = CARTESIAN_POINT('',(0.,0.));
#13780 = CARTESIAN_POINT('',(6.28318530718,0.));
#13781 = ( GEOMETRIC_REPRESENTATION_CONTEXT(2) 
PARAMETRIC_REPRESENTATION_CONTEXT() REPRESENTATION_CONTEXT('2D SPACE',''
  ) );
#13782 = PCURVE('',#9662,#13783);
#13783 = DEFINITIONAL_REPRESENTATION('',(#13784),#13788);
#13784 = CIRCLE('',#13785,4.191);
#13785 = AXIS2_PLACEMENT_2D('',#13786,#13787);
#13786 = CARTESIAN_POINT('',(-41.49395621475,93.196267289989));
#13787 = DIRECTION('',(1.,0.));
#13788 = ( GEOMETRIC_REPRESENTATION_CONTEXT(2) 
PARAMETRIC_REPRESENTATION_CONTEXT() REPRESENTATION_CONTEXT('2D SPACE',''
  ) );
#13789 = ADVANCED_FACE('',(#13790),#13804,.T.);
#13790 = FACE_BOUND('',#13791,.T.);
#13791 = EDGE_LOOP('',(#13792,#13826,#13849,#13876));
#13792 = ORIENTED_EDGE('',*,*,#13793,.T.);
#13793 = EDGE_CURVE('',#13794,#13796,#13798,.T.);
#13794 = VERTEX_POINT('',#13795);
#13795 = CARTESIAN_POINT('',(155.84336386693,0.,81.790274802398));
#13796 = VERTEX_POINT('',#13797);
#13797 = CARTESIAN_POINT('',(155.84336386693,12.7,81.790274802398));
#13798 = SURFACE_CURVE('',#13799,(#13803,#13815),.PCURVE_S1.);
#13799 = LINE('',#13800,#13801);
#13800 = CARTESIAN_POINT('',(155.84336386693,0.,81.790274802398));
#13801 = VECTOR('',#13802,1.);
#13802 = DIRECTION('',(0.,1.,0.));
#13803 = PCURVE('',#13804,#13809);
#13804 = PLANE('',#13805);
#13805 = AXIS2_PLACEMENT_3D('',#13806,#13807,#13808);
#13806 = CARTESIAN_POINT('',(155.84336386693,0.,81.790274802398));
#13807 = DIRECTION('',(0.514495755428,-0.,0.857492925713));
#13808 = DIRECTION('',(-0.857492925713,0.,0.514495755428));
#13809 = DEFINITIONAL_REPRESENTATION('',(#13810),#13814);
#13810 = LINE('',#13811,#13812);
#13811 = CARTESIAN_POINT('',(0.,0.));
#13812 = VECTOR('',#13813,1.);
#13813 = DIRECTION('',(0.,-1.));
#13814 = ( GEOMETRIC_REPRESENTATION_CONTEXT(2) 
PARAMETRIC_REPRESENTATION_CONTEXT() REPRESENTATION_CONTEXT('2D SPACE',''
  ) );
#13815 = PCURVE('',#13816,#13821);
#13816 = CYLINDRICAL_SURFACE('',#13817,15.875);
#13817 = AXIS2_PLACEMENT_3D('',#13818,#13819,#13820);
#13818 = CARTESIAN_POINT('',(164.01098398434,0.,95.402974998084));
#13819 = DIRECTION('',(-0.,-1.,0.));
#13820 = DIRECTION('',(-0.857492925713,0.,0.514495755428));
#13821 = DEFINITIONAL_REPRESENTATION('',(#13822),#13825);
#13822 = B_SPLINE_CURVE_WITH_KNOTS('',1,(#13823,#13824),.UNSPECIFIED.,
  .F.,.F.,(2,2),(0.,12.7),.PIECEWISE_BEZIER_KNOTS.);
#13823 = CARTESIAN_POINT('',(-4.712388980385,0.));
#13824 = CARTESIAN_POINT('',(-4.712388980385,-12.7));
#13825 = ( GEOMETRIC_REPRESENTATION_CONTEXT(2) 
PARAMETRIC_REPRESENTATION_CONTEXT() REPRESENTATION_CONTEXT('2D SPACE',''
  ) );
#13826 = ORIENTED_EDGE('',*,*,#13827,.T.);
#13827 = EDGE_CURVE('',#13796,#13828,#13830,.T.);
#13828 = VERTEX_POINT('',#13829);
#13829 = CARTESIAN_POINT('',(95.947483005912,12.7,117.72780331901));
#13830 = SURFACE_CURVE('',#13831,(#13835,#13842),.PCURVE_S1.);
#13831 = LINE('',#13832,#13833);
#13832 = CARTESIAN_POINT('',(155.84336386693,12.7,81.790274802398));
#13833 = VECTOR('',#13834,1.);
#13834 = DIRECTION('',(-0.857492925713,0.,0.514495755428));
#13835 = PCURVE('',#13804,#13836);
#13836 = DEFINITIONAL_REPRESENTATION('',(#13837),#13841);
#13837 = LINE('',#13838,#13839);
#13838 = CARTESIAN_POINT('',(0.,-12.7));
#13839 = VECTOR('',#13840,1.);
#13840 = DIRECTION('',(1.,0.));
#13841 = ( GEOMETRIC_REPRESENTATION_CONTEXT(2) 
PARAMETRIC_REPRESENTATION_CONTEXT() REPRESENTATION_CONTEXT('2D SPACE',''
  ) );
#13842 = PCURVE('',#9608,#13843);
#13843 = DEFINITIONAL_REPRESENTATION('',(#13844),#13848);
#13844 = LINE('',#13845,#13846);
#13845 = CARTESIAN_POINT('',(44.499407652175,-9.163457907613));
#13846 = VECTOR('',#13847,1.);
#13847 = DIRECTION('',(-0.857492925713,0.514495755428));
#13848 = ( GEOMETRIC_REPRESENTATION_CONTEXT(2) 
PARAMETRIC_REPRESENTATION_CONTEXT() REPRESENTATION_CONTEXT('2D SPACE',''
  ) );
#13849 = ORIENTED_EDGE('',*,*,#13850,.F.);
#13850 = EDGE_CURVE('',#13851,#13828,#13853,.T.);
#13851 = VERTEX_POINT('',#13852);
#13852 = CARTESIAN_POINT('',(95.947483005912,0.,117.72780331901));
#13853 = SURFACE_CURVE('',#13854,(#13858,#13865),.PCURVE_S1.);
#13854 = LINE('',#13855,#13856);
#13855 = CARTESIAN_POINT('',(95.947483005912,0.,117.72780331901));
#13856 = VECTOR('',#13857,1.);
#13857 = DIRECTION('',(0.,1.,0.));
#13858 = PCURVE('',#13804,#13859);
#13859 = DEFINITIONAL_REPRESENTATION('',(#13860),#13864);
#13860 = LINE('',#13861,#13862);
#13861 = CARTESIAN_POINT('',(69.85,0.));
#13862 = VECTOR('',#13863,1.);
#13863 = DIRECTION('',(0.,-1.));
#13864 = ( GEOMETRIC_REPRESENTATION_CONTEXT(2) 
PARAMETRIC_REPRESENTATION_CONTEXT() REPRESENTATION_CONTEXT('2D SPACE',''
  ) );
#13865 = PCURVE('',#13866,#13871);
#13866 = CYLINDRICAL_SURFACE('',#13867,15.875);
#13867 = AXIS2_PLACEMENT_3D('',#13868,#13869,#13870);
#13868 = CARTESIAN_POINT('',(104.11510312332,0.,131.34050351469));
#13869 = DIRECTION('',(-0.,-1.,-0.));
#13870 = DIRECTION('',(0.857492925713,0.,-0.514495755428));
#13871 = DEFINITIONAL_REPRESENTATION('',(#13872),#13875);
#13872 = B_SPLINE_CURVE_WITH_KNOTS('',1,(#13873,#13874),.UNSPECIFIED.,
  .F.,.F.,(2,2),(0.,12.7),.PIECEWISE_BEZIER_KNOTS.);
#13873 = CARTESIAN_POINT('',(-1.570796326795,0.));
#13874 = CARTESIAN_POINT('',(-1.570796326795,-12.7));
#13875 = ( GEOMETRIC_REPRESENTATION_CONTEXT(2) 
PARAMETRIC_REPRESENTATION_CONTEXT() REPRESENTATION_CONTEXT('2D SPACE',''
  ) );
#13876 = ORIENTED_EDGE('',*,*,#13877,.F.);
#13877 = EDGE_CURVE('',#13794,#13851,#13878,.T.);
#13878 = SURFACE_CURVE('',#13879,(#13883,#13890),.PCURVE_S1.);
#13879 = LINE('',#13880,#13881);
#13880 = CARTESIAN_POINT('',(155.84336386693,0.,81.790274802398));
#13881 = VECTOR('',#13882,1.);
#13882 = DIRECTION('',(-0.857492925713,0.,0.514495755428));
#13883 = PCURVE('',#13804,#13884);
#13884 = DEFINITIONAL_REPRESENTATION('',(#13885),#13889);
#13885 = LINE('',#13886,#13887);
#13886 = CARTESIAN_POINT('',(0.,0.));
#13887 = VECTOR('',#13888,1.);
#13888 = DIRECTION('',(1.,0.));
#13889 = ( GEOMETRIC_REPRESENTATION_CONTEXT(2) 
PARAMETRIC_REPRESENTATION_CONTEXT() REPRESENTATION_CONTEXT('2D SPACE',''
  ) );
#13890 = PCURVE('',#9662,#13891);
#13891 = DEFINITIONAL_REPRESENTATION('',(#13892),#13896);
#13892 = LINE('',#13893,#13894);
#13893 = CARTESIAN_POINT('',(44.499407652175,-9.163457907613));
#13894 = VECTOR('',#13895,1.);
#13895 = DIRECTION('',(-0.857492925713,0.514495755428));
#13896 = ( GEOMETRIC_REPRESENTATION_CONTEXT(2) 
PARAMETRIC_REPRESENTATION_CONTEXT() REPRESENTATION_CONTEXT('2D SPACE',''
  ) );
#13897 = ADVANCED_FACE('',(#13898),#13816,.F.);
#13898 = FACE_BOUND('',#13899,.T.);
#13899 = EDGE_LOOP('',(#13900,#13929,#13954,#13955));
#13900 = ORIENTED_EDGE('',*,*,#13901,.T.);
#13901 = EDGE_CURVE('',#13902,#13904,#13906,.T.);
#13902 = VERTEX_POINT('',#13903);
#13903 = CARTESIAN_POINT('',(172.17860410175,0.,109.01567519377));
#13904 = VERTEX_POINT('',#13905);
#13905 = CARTESIAN_POINT('',(172.17860410175,12.7,109.01567519377));
#13906 = SURFACE_CURVE('',#13907,(#13911,#13917),.PCURVE_S1.);
#13907 = LINE('',#13908,#13909);
#13908 = CARTESIAN_POINT('',(172.17860410175,0.,109.01567519377));
#13909 = VECTOR('',#13910,1.);
#13910 = DIRECTION('',(0.,1.,0.));
#13911 = PCURVE('',#13816,#13912);
#13912 = DEFINITIONAL_REPRESENTATION('',(#13913),#13916);
#13913 = B_SPLINE_CURVE_WITH_KNOTS('',1,(#13914,#13915),.UNSPECIFIED.,
  .F.,.F.,(2,2),(0.,12.7),.PIECEWISE_BEZIER_KNOTS.);
#13914 = CARTESIAN_POINT('',(-1.570796326795,0.));
#13915 = CARTESIAN_POINT('',(-1.570796326795,-12.7));
#13916 = ( GEOMETRIC_REPRESENTATION_CONTEXT(2) 
PARAMETRIC_REPRESENTATION_CONTEXT() REPRESENTATION_CONTEXT('2D SPACE',''
  ) );
#13917 = PCURVE('',#13918,#13923);
#13918 = PLANE('',#13919);
#13919 = AXIS2_PLACEMENT_3D('',#13920,#13921,#13922);
#13920 = CARTESIAN_POINT('',(112.28272324073,0.,144.95320371038));
#13921 = DIRECTION('',(-0.514495755428,0.,-0.857492925713));
#13922 = DIRECTION('',(0.857492925713,0.,-0.514495755428));
#13923 = DEFINITIONAL_REPRESENTATION('',(#13924),#13928);
#13924 = LINE('',#13925,#13926);
#13925 = CARTESIAN_POINT('',(69.85,0.));
#13926 = VECTOR('',#13927,1.);
#13927 = DIRECTION('',(0.,-1.));
#13928 = ( GEOMETRIC_REPRESENTATION_CONTEXT(2) 
PARAMETRIC_REPRESENTATION_CONTEXT() REPRESENTATION_CONTEXT('2D SPACE',''
  ) );
#13929 = ORIENTED_EDGE('',*,*,#13930,.T.);
#13930 = EDGE_CURVE('',#13904,#13796,#13931,.T.);
#13931 = SURFACE_CURVE('',#13932,(#13937,#13943),.PCURVE_S1.);
#13932 = CIRCLE('',#13933,15.875);
#13933 = AXIS2_PLACEMENT_3D('',#13934,#13935,#13936);
#13934 = CARTESIAN_POINT('',(164.01098398434,12.7,95.402974998084));
#13935 = DIRECTION('',(0.,1.,-0.));
#13936 = DIRECTION('',(-0.857492925713,0.,0.514495755428));
#13937 = PCURVE('',#13816,#13938);
#13938 = DEFINITIONAL_REPRESENTATION('',(#13939),#13942);
#13939 = B_SPLINE_CURVE_WITH_KNOTS('',1,(#13940,#13941),.UNSPECIFIED.,
  .F.,.F.,(2,2),(1.570796326795,4.712388980385),
  .PIECEWISE_BEZIER_KNOTS.);
#13940 = CARTESIAN_POINT('',(-1.570796326795,-12.7));
#13941 = CARTESIAN_POINT('',(-4.712388980385,-12.7));
#13942 = ( GEOMETRIC_REPRESENTATION_CONTEXT(2) 
PARAMETRIC_REPRESENTATION_CONTEXT() REPRESENTATION_CONTEXT('2D SPACE',''
  ) );
#13943 = PCURVE('',#9608,#13944);
#13944 = DEFINITIONAL_REPRESENTATION('',(#13945),#13953);
#13945 = ( BOUNDED_CURVE() B_SPLINE_CURVE(2,(#13946,#13947,#13948,#13949
    ,#13950,#13951,#13952),.UNSPECIFIED.,.T.,.F.) 
B_SPLINE_CURVE_WITH_KNOTS((1,2,2,2,2,1),(-2.094395102393,0.,
    2.094395102393,4.188790204786,6.28318530718,8.377580409573),
.UNSPECIFIED.) CURVE() GEOMETRIC_REPRESENTATION_ITEM() 
RATIONAL_B_SPLINE_CURVE((1.,0.5,1.,0.5,1.,0.5,1.)) REPRESENTATION_ITEM(
  '') );
#13946 = CARTESIAN_POINT('',(39.054327573901,12.616862405486));
#13947 = CARTESIAN_POINT('',(53.20106059418,36.194750772618));
#13948 = CARTESIAN_POINT('',(66.54674437757,12.154376412934));
#13949 = CARTESIAN_POINT('',(79.892428160961,-11.88599794675));
#13950 = CARTESIAN_POINT('',(52.400011357291,-11.42351195419));
#13951 = CARTESIAN_POINT('',(24.907594553621,-10.96102596164));
#13952 = CARTESIAN_POINT('',(39.054327573901,12.616862405486));
#13953 = ( GEOMETRIC_REPRESENTATION_CONTEXT(2) 
PARAMETRIC_REPRESENTATION_CONTEXT() REPRESENTATION_CONTEXT('2D SPACE',''
  ) );
#13954 = ORIENTED_EDGE('',*,*,#13793,.F.);
#13955 = ORIENTED_EDGE('',*,*,#13956,.F.);
#13956 = EDGE_CURVE('',#13902,#13794,#13957,.T.);
#13957 = SURFACE_CURVE('',#13958,(#13963,#13969),.PCURVE_S1.);
#13958 = CIRCLE('',#13959,15.875);
#13959 = AXIS2_PLACEMENT_3D('',#13960,#13961,#13962);
#13960 = CARTESIAN_POINT('',(164.01098398434,0.,95.402974998084));
#13961 = DIRECTION('',(0.,1.,-0.));
#13962 = DIRECTION('',(-0.857492925713,0.,0.514495755428));
#13963 = PCURVE('',#13816,#13964);
#13964 = DEFINITIONAL_REPRESENTATION('',(#13965),#13968);
#13965 = B_SPLINE_CURVE_WITH_KNOTS('',1,(#13966,#13967),.UNSPECIFIED.,
  .F.,.F.,(2,2),(1.570796326795,4.712388980385),
  .PIECEWISE_BEZIER_KNOTS.);
#13966 = CARTESIAN_POINT('',(-1.570796326795,0.));
#13967 = CARTESIAN_POINT('',(-4.712388980385,0.));
#13968 = ( GEOMETRIC_REPRESENTATION_CONTEXT(2) 
PARAMETRIC_REPRESENTATION_CONTEXT() REPRESENTATION_CONTEXT('2D SPACE',''
  ) );
#13969 = PCURVE('',#9662,#13970);
#13970 = DEFINITIONAL_REPRESENTATION('',(#13971),#13979);
#13971 = ( BOUNDED_CURVE() B_SPLINE_CURVE(2,(#13972,#13973,#13974,#13975
    ,#13976,#13977,#13978),.UNSPECIFIED.,.T.,.F.) 
B_SPLINE_CURVE_WITH_KNOTS((1,2,2,2,2,1),(-2.094395102393,0.,
    2.094395102393,4.188790204786,6.28318530718,8.377580409573),
.UNSPECIFIED.) CURVE() GEOMETRIC_REPRESENTATION_ITEM() 
RATIONAL_B_SPLINE_CURVE((1.,0.5,1.,0.5,1.,0.5,1.)) REPRESENTATION_ITEM(
  '') );
#13972 = CARTESIAN_POINT('',(39.054327573901,12.616862405486));
#13973 = CARTESIAN_POINT('',(53.20106059418,36.194750772618));
#13974 = CARTESIAN_POINT('',(66.54674437757,12.154376412934));
#13975 = CARTESIAN_POINT('',(79.892428160961,-11.88599794675));
#13976 = CARTESIAN_POINT('',(52.400011357291,-11.42351195419));
#13977 = CARTESIAN_POINT('',(24.907594553621,-10.96102596164));
#13978 = CARTESIAN_POINT('',(39.054327573901,12.616862405486));
#13979 = ( GEOMETRIC_REPRESENTATION_CONTEXT(2) 
PARAMETRIC_REPRESENTATION_CONTEXT() REPRESENTATION_CONTEXT('2D SPACE',''
  ) );
#13980 = ADVANCED_FACE('',(#13981),#13866,.F.);
#13981 = FACE_BOUND('',#13982,.T.);
#13982 = EDGE_LOOP('',(#13983,#13984,#14011,#14033));
#13983 = ORIENTED_EDGE('',*,*,#13850,.T.);
#13984 = ORIENTED_EDGE('',*,*,#13985,.T.);
#13985 = EDGE_CURVE('',#13828,#13986,#13988,.T.);
#13986 = VERTEX_POINT('',#13987);
#13987 = CARTESIAN_POINT('',(112.28272324073,12.7,144.95320371038));
#13988 = SURFACE_CURVE('',#13989,(#13994,#14000),.PCURVE_S1.);
#13989 = CIRCLE('',#13990,15.875);
#13990 = AXIS2_PLACEMENT_3D('',#13991,#13992,#13993);
#13991 = CARTESIAN_POINT('',(104.11510312332,12.7,131.34050351469));
#13992 = DIRECTION('',(0.,1.,0.));
#13993 = DIRECTION('',(0.857492925713,0.,-0.514495755428));
#13994 = PCURVE('',#13866,#13995);
#13995 = DEFINITIONAL_REPRESENTATION('',(#13996),#13999);
#13996 = B_SPLINE_CURVE_WITH_KNOTS('',1,(#13997,#13998),.UNSPECIFIED.,
  .F.,.F.,(2,2),(1.570796326795,4.712388980385),
  .PIECEWISE_BEZIER_KNOTS.);
#13997 = CARTESIAN_POINT('',(-1.570796326795,-12.7));
#13998 = CARTESIAN_POINT('',(-4.712388980385,-12.7));
#13999 = ( GEOMETRIC_REPRESENTATION_CONTEXT(2) 
PARAMETRIC_REPRESENTATION_CONTEXT() REPRESENTATION_CONTEXT('2D SPACE',''
  ) );
#14000 = PCURVE('',#9608,#14001);
#14001 = DEFINITIONAL_REPRESENTATION('',(#14002),#14010);
#14002 = ( BOUNDED_CURVE() B_SPLINE_CURVE(2,(#14003,#14004,#14005,#14006
    ,#14007,#14008,#14009),.UNSPECIFIED.,.T.,.F.) 
B_SPLINE_CURVE_WITH_KNOTS((1,2,2,2,2,1),(-2.094395102393,0.,
    2.094395102393,4.188790204786,6.28318530718,8.377580409573),
.UNSPECIFIED.) CURVE() GEOMETRIC_REPRESENTATION_ITEM() 
RATIONAL_B_SPLINE_CURVE((1.,0.5,1.,0.5,1.,0.5,1.)) REPRESENTATION_ITEM(
  '') );
#14003 = CARTESIAN_POINT('',(6.383847104253,32.219150687274));
#14004 = CARTESIAN_POINT('',(-7.762885916027,8.641262320142));
#14005 = CARTESIAN_POINT('',(-21.10856969941,32.681636679826));
#14006 = CARTESIAN_POINT('',(-34.4542534828,56.72201103951));
#14007 = CARTESIAN_POINT('',(-6.961836679138,56.259525046958));
#14008 = CARTESIAN_POINT('',(20.530580124532,55.797039054406));
#14009 = CARTESIAN_POINT('',(6.383847104253,32.219150687274));
#14010 = ( GEOMETRIC_REPRESENTATION_CONTEXT(2) 
PARAMETRIC_REPRESENTATION_CONTEXT() REPRESENTATION_CONTEXT('2D SPACE',''
  ) );
#14011 = ORIENTED_EDGE('',*,*,#14012,.F.);
#14012 = EDGE_CURVE('',#14013,#13986,#14015,.T.);
#14013 = VERTEX_POINT('',#14014);
#14014 = CARTESIAN_POINT('',(112.28272324073,0.,144.95320371038));
#14015 = SURFACE_CURVE('',#14016,(#14020,#14026),.PCURVE_S1.);
#14016 = LINE('',#14017,#14018);
#14017 = CARTESIAN_POINT('',(112.28272324073,0.,144.95320371038));
#14018 = VECTOR('',#14019,1.);
#14019 = DIRECTION('',(0.,1.,0.));
#14020 = PCURVE('',#13866,#14021);
#14021 = DEFINITIONAL_REPRESENTATION('',(#14022),#14025);
#14022 = B_SPLINE_CURVE_WITH_KNOTS('',1,(#14023,#14024),.UNSPECIFIED.,
  .F.,.F.,(2,2),(0.,12.7),.PIECEWISE_BEZIER_KNOTS.);
#14023 = CARTESIAN_POINT('',(-4.712388980385,0.));
#14024 = CARTESIAN_POINT('',(-4.712388980385,-12.7));
#14025 = ( GEOMETRIC_REPRESENTATION_CONTEXT(2) 
PARAMETRIC_REPRESENTATION_CONTEXT() REPRESENTATION_CONTEXT('2D SPACE',''
  ) );
#14026 = PCURVE('',#13918,#14027);
#14027 = DEFINITIONAL_REPRESENTATION('',(#14028),#14032);
#14028 = LINE('',#14029,#14030);
#14029 = CARTESIAN_POINT('',(0.,0.));
#14030 = VECTOR('',#14031,1.);
#14031 = DIRECTION('',(0.,-1.));
#14032 = ( GEOMETRIC_REPRESENTATION_CONTEXT(2) 
PARAMETRIC_REPRESENTATION_CONTEXT() REPRESENTATION_CONTEXT('2D SPACE',''
  ) );
#14033 = ORIENTED_EDGE('',*,*,#14034,.F.);
#14034 = EDGE_CURVE('',#13851,#14013,#14035,.T.);
#14035 = SURFACE_CURVE('',#14036,(#14041,#14047),.PCURVE_S1.);
#14036 = CIRCLE('',#14037,15.875);
#14037 = AXIS2_PLACEMENT_3D('',#14038,#14039,#14040);
#14038 = CARTESIAN_POINT('',(104.11510312332,0.,131.34050351469));
#14039 = DIRECTION('',(0.,1.,0.));
#14040 = DIRECTION('',(0.857492925713,0.,-0.514495755428));
#14041 = PCURVE('',#13866,#14042);
#14042 = DEFINITIONAL_REPRESENTATION('',(#14043),#14046);
#14043 = B_SPLINE_CURVE_WITH_KNOTS('',1,(#14044,#14045),.UNSPECIFIED.,
  .F.,.F.,(2,2),(1.570796326795,4.712388980385),
  .PIECEWISE_BEZIER_KNOTS.);
#14044 = CARTESIAN_POINT('',(-1.570796326795,0.));
#14045 = CARTESIAN_POINT('',(-4.712388980385,0.));
#14046 = ( GEOMETRIC_REPRESENTATION_CONTEXT(2) 
PARAMETRIC_REPRESENTATION_CONTEXT() REPRESENTATION_CONTEXT('2D SPACE',''
  ) );
#14047 = PCURVE('',#9662,#14048);
#14048 = DEFINITIONAL_REPRESENTATION('',(#14049),#14057);
#14049 = ( BOUNDED_CURVE() B_SPLINE_CURVE(2,(#14050,#14051,#14052,#14053
    ,#14054,#14055,#14056),.UNSPECIFIED.,.T.,.F.) 
B_SPLINE_CURVE_WITH_KNOTS((1,2,2,2,2,1),(-2.094395102393,0.,
    2.094395102393,4.188790204786,6.28318530718,8.377580409573),
.UNSPECIFIED.) CURVE() GEOMETRIC_REPRESENTATION_ITEM() 
RATIONAL_B_SPLINE_CURVE((1.,0.5,1.,0.5,1.,0.5,1.)) REPRESENTATION_ITEM(
  '') );
#14050 = CARTESIAN_POINT('',(6.383847104253,32.219150687274));
#14051 = CARTESIAN_POINT('',(-7.762885916027,8.641262320142));
#14052 = CARTESIAN_POINT('',(-21.10856969941,32.681636679826));
#14053 = CARTESIAN_POINT('',(-34.4542534828,56.72201103951));
#14054 = CARTESIAN_POINT('',(-6.961836679138,56.259525046958));
#14055 = CARTESIAN_POINT('',(20.530580124532,55.797039054406));
#14056 = CARTESIAN_POINT('',(6.383847104253,32.219150687274));
#14057 = ( GEOMETRIC_REPRESENTATION_CONTEXT(2) 
PARAMETRIC_REPRESENTATION_CONTEXT() REPRESENTATION_CONTEXT('2D SPACE',''
  ) );
#14058 = ADVANCED_FACE('',(#14059),#13918,.T.);
#14059 = FACE_BOUND('',#14060,.T.);
#14060 = EDGE_LOOP('',(#14061,#14062,#14083,#14084));
#14061 = ORIENTED_EDGE('',*,*,#14012,.T.);
#14062 = ORIENTED_EDGE('',*,*,#14063,.T.);
#14063 = EDGE_CURVE('',#13986,#13904,#14064,.T.);
#14064 = SURFACE_CURVE('',#14065,(#14069,#14076),.PCURVE_S1.);
#14065 = LINE('',#14066,#14067);
#14066 = CARTESIAN_POINT('',(112.28272324073,12.7,144.95320371038));
#14067 = VECTOR('',#14068,1.);
#14068 = DIRECTION('',(0.857492925713,0.,-0.514495755428));
#14069 = PCURVE('',#13918,#14070);
#14070 = DEFINITIONAL_REPRESENTATION('',(#14071),#14075);
#14071 = LINE('',#14072,#14073);
#14072 = CARTESIAN_POINT('',(0.,-12.7));
#14073 = VECTOR('',#14074,1.);
#14074 = DIRECTION('',(1.,0.));
#14075 = ( GEOMETRIC_REPRESENTATION_CONTEXT(2) 
PARAMETRIC_REPRESENTATION_CONTEXT() REPRESENTATION_CONTEXT('2D SPACE',''
  ) );
#14076 = PCURVE('',#9608,#14077);
#14077 = DEFINITIONAL_REPRESENTATION('',(#14078),#14082);
#14078 = LINE('',#14079,#14080);
#14079 = CARTESIAN_POINT('',(0.938767025978,53.999471000373));
#14080 = VECTOR('',#14081,1.);
#14081 = DIRECTION('',(0.857492925713,-0.514495755428));
#14082 = ( GEOMETRIC_REPRESENTATION_CONTEXT(2) 
PARAMETRIC_REPRESENTATION_CONTEXT() REPRESENTATION_CONTEXT('2D SPACE',''
  ) );
#14083 = ORIENTED_EDGE('',*,*,#13901,.F.);
#14084 = ORIENTED_EDGE('',*,*,#14085,.F.);
#14085 = EDGE_CURVE('',#14013,#13902,#14086,.T.);
#14086 = SURFACE_CURVE('',#14087,(#14091,#14098),.PCURVE_S1.);
#14087 = LINE('',#14088,#14089);
#14088 = CARTESIAN_POINT('',(112.28272324073,0.,144.95320371038));
#14089 = VECTOR('',#14090,1.);
#14090 = DIRECTION('',(0.857492925713,0.,-0.514495755428));
#14091 = PCURVE('',#13918,#14092);
#14092 = DEFINITIONAL_REPRESENTATION('',(#14093),#14097);
#14093 = LINE('',#14094,#14095);
#14094 = CARTESIAN_POINT('',(0.,0.));
#14095 = VECTOR('',#14096,1.);
#14096 = DIRECTION('',(1.,0.));
#14097 = ( GEOMETRIC_REPRESENTATION_CONTEXT(2) 
PARAMETRIC_REPRESENTATION_CONTEXT() REPRESENTATION_CONTEXT('2D SPACE',''
  ) );
#14098 = PCURVE('',#9662,#14099);
#14099 = DEFINITIONAL_REPRESENTATION('',(#14100),#14104);
#14100 = LINE('',#14101,#14102);
#14101 = CARTESIAN_POINT('',(0.938767025978,53.999471000373));
#14102 = VECTOR('',#14103,1.);
#14103 = DIRECTION('',(0.857492925713,-0.514495755428));
#14104 = ( GEOMETRIC_REPRESENTATION_CONTEXT(2) 
PARAMETRIC_REPRESENTATION_CONTEXT() REPRESENTATION_CONTEXT('2D SPACE',''
  ) );
#14105 = ADVANCED_FACE('',(#14106,#14149,#14152,#14155,#14158,#14161,
    #14164,#14167,#14170,#14173,#14176,#14179,#14182,#14185,#14188,
    #14191,#14194),#9662,.T.);
#14106 = FACE_BOUND('',#14107,.T.);
#14107 = EDGE_LOOP('',(#14108,#14109,#14110,#14111,#14112,#14113,#14114,
    #14115,#14116,#14117,#14118,#14119,#14120,#14121,#14122,#14123,
    #14124,#14125,#14126,#14127,#14128,#14129,#14130,#14131,#14132,
    #14133,#14134,#14135,#14136,#14137,#14138,#14139,#14140,#14141,
    #14142,#14143,#14144,#14145,#14146,#14147,#14148));
#14108 = ORIENTED_EDGE('',*,*,#9648,.F.);
#14109 = ORIENTED_EDGE('',*,*,#9729,.T.);
#14110 = ORIENTED_EDGE('',*,*,#9881,.T.);
#14111 = ORIENTED_EDGE('',*,*,#10033,.T.);
#14112 = ORIENTED_EDGE('',*,*,#10185,.T.);
#14113 = ORIENTED_EDGE('',*,*,#10337,.T.);
#14114 = ORIENTED_EDGE('',*,*,#10489,.T.);
#14115 = ORIENTED_EDGE('',*,*,#10641,.T.);
#14116 = ORIENTED_EDGE('',*,*,#10793,.T.);
#14117 = ORIENTED_EDGE('',*,*,#10945,.T.);
#14118 = ORIENTED_EDGE('',*,*,#11097,.F.);
#14119 = ORIENTED_EDGE('',*,*,#11249,.T.);
#14120 = ORIENTED_EDGE('',*,*,#11401,.F.);
#14121 = ORIENTED_EDGE('',*,*,#11553,.F.);
#14122 = ORIENTED_EDGE('',*,*,#11705,.F.);
#14123 = ORIENTED_EDGE('',*,*,#11857,.F.);
#14124 = ORIENTED_EDGE('',*,*,#12009,.T.);
#14125 = ORIENTED_EDGE('',*,*,#12161,.F.);
#14126 = ORIENTED_EDGE('',*,*,#12313,.T.);
#14127 = ORIENTED_EDGE('',*,*,#12465,.T.);
#14128 = ORIENTED_EDGE('',*,*,#12612,.T.);
#14129 = ORIENTED_EDGE('',*,*,#12659,.T.);
#14130 = ORIENTED_EDGE('',*,*,#12541,.F.);
#14131 = ORIENTED_EDGE('',*,*,#12389,.T.);
#14132 = ORIENTED_EDGE('',*,*,#12237,.F.);
#14133 = ORIENTED_EDGE('',*,*,#12085,.F.);
#14134 = ORIENTED_EDGE('',*,*,#11933,.F.);
#14135 = ORIENTED_EDGE('',*,*,#11781,.F.);
#14136 = ORIENTED_EDGE('',*,*,#11629,.T.);
#14137 = ORIENTED_EDGE('',*,*,#11477,.F.);
#14138 = ORIENTED_EDGE('',*,*,#11325,.T.);
#14139 = ORIENTED_EDGE('',*,*,#11173,.T.);
#14140 = ORIENTED_EDGE('',*,*,#11021,.T.);
#14141 = ORIENTED_EDGE('',*,*,#10869,.T.);
#14142 = ORIENTED_EDGE('',*,*,#10717,.F.);
#14143 = ORIENTED_EDGE('',*,*,#10565,.T.);
#14144 = ORIENTED_EDGE('',*,*,#10413,.F.);
#14145 = ORIENTED_EDGE('',*,*,#10261,.F.);
#14146 = ORIENTED_EDGE('',*,*,#10109,.F.);
#14147 = ORIENTED_EDGE('',*,*,#9957,.F.);
#14148 = ORIENTED_EDGE('',*,*,#9805,.T.);
#14149 = FACE_BOUND('',#14150,.T.);
#14150 = EDGE_LOOP('',(#14151));
#14151 = ORIENTED_EDGE('',*,*,#12733,.F.);
#14152 = FACE_BOUND('',#14153,.T.);
#14153 = EDGE_LOOP('',(#14154));
#14154 = ORIENTED_EDGE('',*,*,#12807,.F.);
#14155 = FACE_BOUND('',#14156,.T.);
#14156 = EDGE_LOOP('',(#14157));
#14157 = ORIENTED_EDGE('',*,*,#12881,.F.);
#14158 = FACE_BOUND('',#14159,.T.);
#14159 = EDGE_LOOP('',(#14160));
#14160 = ORIENTED_EDGE('',*,*,#12955,.F.);
#14161 = FACE_BOUND('',#14162,.T.);
#14162 = EDGE_LOOP('',(#14163));
#14163 = ORIENTED_EDGE('',*,*,#13029,.F.);
#14164 = FACE_BOUND('',#14165,.T.);
#14165 = EDGE_LOOP('',(#14166));
#14166 = ORIENTED_EDGE('',*,*,#13103,.F.);
#14167 = FACE_BOUND('',#14168,.T.);
#14168 = EDGE_LOOP('',(#14169));
#14169 = ORIENTED_EDGE('',*,*,#13177,.F.);
#14170 = FACE_BOUND('',#14171,.T.);
#14171 = EDGE_LOOP('',(#14172));
#14172 = ORIENTED_EDGE('',*,*,#13251,.F.);
#14173 = FACE_BOUND('',#14174,.T.);
#14174 = EDGE_LOOP('',(#14175));
#14175 = ORIENTED_EDGE('',*,*,#13325,.F.);
#14176 = FACE_BOUND('',#14177,.T.);
#14177 = EDGE_LOOP('',(#14178));
#14178 = ORIENTED_EDGE('',*,*,#13399,.F.);
#14179 = FACE_BOUND('',#14180,.T.);
#14180 = EDGE_LOOP('',(#14181));
#14181 = ORIENTED_EDGE('',*,*,#13473,.F.);
#14182 = FACE_BOUND('',#14183,.T.);
#14183 = EDGE_LOOP('',(#14184));
#14184 = ORIENTED_EDGE('',*,*,#13547,.F.);
#14185 = FACE_BOUND('',#14186,.T.);
#14186 = EDGE_LOOP('',(#14187));
#14187 = ORIENTED_EDGE('',*,*,#13621,.F.);
#14188 = FACE_BOUND('',#14189,.T.);
#14189 = EDGE_LOOP('',(#14190));
#14190 = ORIENTED_EDGE('',*,*,#13695,.F.);
#14191 = FACE_BOUND('',#14192,.T.);
#14192 = EDGE_LOOP('',(#14193));
#14193 = ORIENTED_EDGE('',*,*,#13769,.F.);
#14194 = FACE_BOUND('',#14195,.T.);
#14195 = EDGE_LOOP('',(#14196,#14197,#14198,#14199));
#14196 = ORIENTED_EDGE('',*,*,#13877,.T.);
#14197 = ORIENTED_EDGE('',*,*,#14034,.T.);
#14198 = ORIENTED_EDGE('',*,*,#14085,.T.);
#14199 = ORIENTED_EDGE('',*,*,#13956,.T.);
#14200 = ADVANCED_FACE('',(#14201,#14244,#14247,#14250,#14253,#14256,
    #14259,#14262,#14265,#14268,#14271,#14274,#14277,#14280,#14283,
    #14286,#14289),#9608,.F.);
#14201 = FACE_BOUND('',#14202,.F.);
#14202 = EDGE_LOOP('',(#14203,#14204,#14205,#14206,#14207,#14208,#14209,
    #14210,#14211,#14212,#14213,#14214,#14215,#14216,#14217,#14218,
    #14219,#14220,#14221,#14222,#14223,#14224,#14225,#14226,#14227,
    #14228,#14229,#14230,#14231,#14232,#14233,#14234,#14235,#14236,
    #14237,#14238,#14239,#14240,#14241,#14242,#14243));
#14203 = ORIENTED_EDGE('',*,*,#9592,.F.);
#14204 = ORIENTED_EDGE('',*,*,#9678,.T.);
#14205 = ORIENTED_EDGE('',*,*,#9830,.T.);
#14206 = ORIENTED_EDGE('',*,*,#9982,.T.);
#14207 = ORIENTED_EDGE('',*,*,#10134,.T.);
#14208 = ORIENTED_EDGE('',*,*,#10286,.T.);
#14209 = ORIENTED_EDGE('',*,*,#10438,.T.);
#14210 = ORIENTED_EDGE('',*,*,#10590,.T.);
#14211 = ORIENTED_EDGE('',*,*,#10742,.T.);
#14212 = ORIENTED_EDGE('',*,*,#10894,.T.);
#14213 = ORIENTED_EDGE('',*,*,#11075,.F.);
#14214 = ORIENTED_EDGE('',*,*,#11198,.T.);
#14215 = ORIENTED_EDGE('',*,*,#11379,.F.);
#14216 = ORIENTED_EDGE('',*,*,#11531,.F.);
#14217 = ORIENTED_EDGE('',*,*,#11683,.F.);
#14218 = ORIENTED_EDGE('',*,*,#11835,.F.);
#14219 = ORIENTED_EDGE('',*,*,#11958,.T.);
#14220 = ORIENTED_EDGE('',*,*,#12139,.F.);
#14221 = ORIENTED_EDGE('',*,*,#12262,.T.);
#14222 = ORIENTED_EDGE('',*,*,#12414,.T.);
#14223 = ORIENTED_EDGE('',*,*,#12566,.T.);
#14224 = ORIENTED_EDGE('',*,*,#12637,.T.);
#14225 = ORIENTED_EDGE('',*,*,#12490,.F.);
#14226 = ORIENTED_EDGE('',*,*,#12367,.T.);
#14227 = ORIENTED_EDGE('',*,*,#12186,.F.);
#14228 = ORIENTED_EDGE('',*,*,#12034,.F.);
#14229 = ORIENTED_EDGE('',*,*,#11882,.F.);
#14230 = ORIENTED_EDGE('',*,*,#11730,.F.);
#14231 = ORIENTED_EDGE('',*,*,#11607,.T.);
#14232 = ORIENTED_EDGE('',*,*,#11426,.F.);
#14233 = ORIENTED_EDGE('',*,*,#11303,.T.);
#14234 = ORIENTED_EDGE('',*,*,#11151,.T.);
#14235 = ORIENTED_EDGE('',*,*,#10999,.T.);
#14236 = ORIENTED_EDGE('',*,*,#10847,.T.);
#14237 = ORIENTED_EDGE('',*,*,#10666,.F.);
#14238 = ORIENTED_EDGE('',*,*,#10543,.T.);
#14239 = ORIENTED_EDGE('',*,*,#10362,.F.);
#14240 = ORIENTED_EDGE('',*,*,#10210,.F.);
#14241 = ORIENTED_EDGE('',*,*,#10058,.F.);
#14242 = ORIENTED_EDGE('',*,*,#9906,.F.);
#14243 = ORIENTED_EDGE('',*,*,#9783,.T.);
#14244 = FACE_BOUND('',#14245,.F.);
#14245 = EDGE_LOOP('',(#14246));
#14246 = ORIENTED_EDGE('',*,*,#12711,.F.);
#14247 = FACE_BOUND('',#14248,.F.);
#14248 = EDGE_LOOP('',(#14249));
#14249 = ORIENTED_EDGE('',*,*,#12785,.F.);
#14250 = FACE_BOUND('',#14251,.F.);
#14251 = EDGE_LOOP('',(#14252));
#14252 = ORIENTED_EDGE('',*,*,#12859,.F.);
#14253 = FACE_BOUND('',#14254,.F.);
#14254 = EDGE_LOOP('',(#14255));
#14255 = ORIENTED_EDGE('',*,*,#12933,.F.);
#14256 = FACE_BOUND('',#14257,.F.);
#14257 = EDGE_LOOP('',(#14258));
#14258 = ORIENTED_EDGE('',*,*,#13007,.F.);
#14259 = FACE_BOUND('',#14260,.F.);
#14260 = EDGE_LOOP('',(#14261));
#14261 = ORIENTED_EDGE('',*,*,#13081,.F.);
#14262 = FACE_BOUND('',#14263,.F.);
#14263 = EDGE_LOOP('',(#14264));
#14264 = ORIENTED_EDGE('',*,*,#13155,.F.);
#14265 = FACE_BOUND('',#14266,.F.);
#14266 = EDGE_LOOP('',(#14267));
#14267 = ORIENTED_EDGE('',*,*,#13229,.F.);
#14268 = FACE_BOUND('',#14269,.F.);
#14269 = EDGE_LOOP('',(#14270));
#14270 = ORIENTED_EDGE('',*,*,#13303,.F.);
#14271 = FACE_BOUND('',#14272,.F.);
#14272 = EDGE_LOOP('',(#14273));
#14273 = ORIENTED_EDGE('',*,*,#13377,.F.);
#14274 = FACE_BOUND('',#14275,.F.);
#14275 = EDGE_LOOP('',(#14276));
#14276 = ORIENTED_EDGE('',*,*,#13451,.F.);
#14277 = FACE_BOUND('',#14278,.F.);
#14278 = EDGE_LOOP('',(#14279));
#14279 = ORIENTED_EDGE('',*,*,#13525,.F.);
#14280 = FACE_BOUND('',#14281,.F.);
#14281 = EDGE_LOOP('',(#14282));
#14282 = ORIENTED_EDGE('',*,*,#13599,.F.);
#14283 = FACE_BOUND('',#14284,.F.);
#14284 = EDGE_LOOP('',(#14285));
#14285 = ORIENTED_EDGE('',*,*,#13673,.F.);
#14286 = FACE_BOUND('',#14287,.F.);
#14287 = EDGE_LOOP('',(#14288));
#14288 = ORIENTED_EDGE('',*,*,#13747,.F.);
#14289 = FACE_BOUND('',#14290,.F.);
#14290 = EDGE_LOOP('',(#14291,#14292,#14293,#14294));
#14291 = ORIENTED_EDGE('',*,*,#13827,.T.);
#14292 = ORIENTED_EDGE('',*,*,#13985,.T.);
#14293 = ORIENTED_EDGE('',*,*,#14063,.T.);
#14294 = ORIENTED_EDGE('',*,*,#13930,.T.);
#14295 = MANIFOLD_SOLID_BREP('',#14296);
#14296 = CLOSED_SHELL('',(#14297,#14381,#14415,#14419,#14471));
#14297 = ADVANCED_FACE('',(#14298),#14311,.T.);
#14298 = FACE_BOUND('',#14299,.T.);
#14299 = EDGE_LOOP('',(#14300,#14333,#14354,#14380));
#14300 = ORIENTED_EDGE('',*,*,#14301,.F.);
#14301 = EDGE_CURVE('',#14302,#14302,#14304,.T.);
#14302 = VERTEX_POINT('',#14303);
#14303 = CARTESIAN_POINT('',(11.8999,50.8,0.));
#14304 = SURFACE_CURVE('',#14305,(#14310,#14321),.PCURVE_S1.);
#14305 = CIRCLE('',#14306,5.5499);
#14306 = AXIS2_PLACEMENT_3D('',#14307,#14308,#14309);
#14307 = CARTESIAN_POINT('',(6.35,50.8,1.110223024625E-16));
#14308 = DIRECTION('',(0.,0.,1.));
#14309 = DIRECTION('',(1.,0.,0.));
#14310 = PCURVE('',#14311,#14316);
#14311 = CYLINDRICAL_SURFACE('',#14312,5.5499);
#14312 = AXIS2_PLACEMENT_3D('',#14313,#14314,#14315);
#14313 = CARTESIAN_POINT('',(6.35,50.8,-3.3528));
#14314 = DIRECTION('',(0.,0.,1.));
#14315 = DIRECTION('',(1.,0.,0.));
#14316 = DEFINITIONAL_REPRESENTATION('',(#14317),#14320);
#14317 = B_SPLINE_CURVE_WITH_KNOTS('',1,(#14318,#14319),.UNSPECIFIED.,
  .F.,.F.,(2,2),(0.,6.28318530718),.PIECEWISE_BEZIER_KNOTS.);
#14318 = CARTESIAN_POINT('',(0.,3.3528));
#14319 = CARTESIAN_POINT('',(6.28318530718,3.3528));
#14320 = ( GEOMETRIC_REPRESENTATION_CONTEXT(2) 
PARAMETRIC_REPRESENTATION_CONTEXT() REPRESENTATION_CONTEXT('2D SPACE',''
  ) );
#14321 = PCURVE('',#14322,#14327);
#14322 = PLANE('',#14323);
#14323 = AXIS2_PLACEMENT_3D('',#14324,#14325,#14326);
#14324 = CARTESIAN_POINT('',(6.35,50.8,1.110223024625E-16));
#14325 = DIRECTION('',(0.,0.,1.));
#14326 = DIRECTION('',(1.,0.,0.));
#14327 = DEFINITIONAL_REPRESENTATION('',(#14328),#14332);
#14328 = CIRCLE('',#14329,5.5499);
#14329 = AXIS2_PLACEMENT_2D('',#14330,#14331);
#14330 = CARTESIAN_POINT('',(0.,0.));
#14331 = DIRECTION('',(1.,0.));
#14332 = ( GEOMETRIC_REPRESENTATION_CONTEXT(2) 
PARAMETRIC_REPRESENTATION_CONTEXT() REPRESENTATION_CONTEXT('2D SPACE',''
  ) );
#14333 = ORIENTED_EDGE('',*,*,#14334,.F.);
#14334 = EDGE_CURVE('',#14335,#14302,#14337,.T.);
#14335 = VERTEX_POINT('',#14336);
#14336 = CARTESIAN_POINT('',(11.8999,50.8,-3.3528));
#14337 = SEAM_CURVE('',#14338,(#14342,#14348),.PCURVE_S1.);
#14338 = LINE('',#14339,#14340);
#14339 = CARTESIAN_POINT('',(11.8999,50.8,-3.3528));
#14340 = VECTOR('',#14341,1.);
#14341 = DIRECTION('',(0.,0.,1.));
#14342 = PCURVE('',#14311,#14343);
#14343 = DEFINITIONAL_REPRESENTATION('',(#14344),#14347);
#14344 = B_SPLINE_CURVE_WITH_KNOTS('',1,(#14345,#14346),.UNSPECIFIED.,
  .F.,.F.,(2,2),(0.,3.3528),.PIECEWISE_BEZIER_KNOTS.);
#14345 = CARTESIAN_POINT('',(6.28318530718,0.));
#14346 = CARTESIAN_POINT('',(6.28318530718,3.3528));
#14347 = ( GEOMETRIC_REPRESENTATION_CONTEXT(2) 
PARAMETRIC_REPRESENTATION_CONTEXT() REPRESENTATION_CONTEXT('2D SPACE',''
  ) );
#14348 = PCURVE('',#14311,#14349);
#14349 = DEFINITIONAL_REPRESENTATION('',(#14350),#14353);
#14350 = B_SPLINE_CURVE_WITH_KNOTS('',1,(#14351,#14352),.UNSPECIFIED.,
  .F.,.F.,(2,2),(0.,3.3528),.PIECEWISE_BEZIER_KNOTS.);
#14351 = CARTESIAN_POINT('',(0.,0.));
#14352 = CARTESIAN_POINT('',(0.,3.3528));
#14353 = ( GEOMETRIC_REPRESENTATION_CONTEXT(2) 
PARAMETRIC_REPRESENTATION_CONTEXT() REPRESENTATION_CONTEXT('2D SPACE',''
  ) );
#14354 = ORIENTED_EDGE('',*,*,#14355,.T.);
#14355 = EDGE_CURVE('',#14335,#14335,#14356,.T.);
#14356 = SURFACE_CURVE('',#14357,(#14362,#14368),.PCURVE_S1.);
#14357 = CIRCLE('',#14358,5.5499);
#14358 = AXIS2_PLACEMENT_3D('',#14359,#14360,#14361);
#14359 = CARTESIAN_POINT('',(6.35,50.8,-3.3528));
#14360 = DIRECTION('',(0.,0.,1.));
#14361 = DIRECTION('',(1.,0.,0.));
#14362 = PCURVE('',#14311,#14363);
#14363 = DEFINITIONAL_REPRESENTATION('',(#14364),#14367);
#14364 = B_SPLINE_CURVE_WITH_KNOTS('',1,(#14365,#14366),.UNSPECIFIED.,
  .F.,.F.,(2,2),(0.,6.28318530718),.PIECEWISE_BEZIER_KNOTS.);
#14365 = CARTESIAN_POINT('',(0.,0.));
#14366 = CARTESIAN_POINT('',(6.28318530718,0.));
#14367 = ( GEOMETRIC_REPRESENTATION_CONTEXT(2) 
PARAMETRIC_REPRESENTATION_CONTEXT() REPRESENTATION_CONTEXT('2D SPACE',''
  ) );
#14368 = PCURVE('',#14369,#14374);
#14369 = PLANE('',#14370);
#14370 = AXIS2_PLACEMENT_3D('',#14371,#14372,#14373);
#14371 = CARTESIAN_POINT('',(6.35,50.8,-3.3528));
#14372 = DIRECTION('',(0.,0.,1.));
#14373 = DIRECTION('',(1.,0.,0.));
#14374 = DEFINITIONAL_REPRESENTATION('',(#14375),#14379);
#14375 = CIRCLE('',#14376,5.5499);
#14376 = AXIS2_PLACEMENT_2D('',#14377,#14378);
#14377 = CARTESIAN_POINT('',(0.,0.));
#14378 = DIRECTION('',(1.,0.));
#14379 = ( GEOMETRIC_REPRESENTATION_CONTEXT(2) 
PARAMETRIC_REPRESENTATION_CONTEXT() REPRESENTATION_CONTEXT('2D SPACE',''
  ) );
#14380 = ORIENTED_EDGE('',*,*,#14334,.T.);
#14381 = ADVANCED_FACE('',(#14382,#14385),#14322,.T.);
#14382 = FACE_BOUND('',#14383,.T.);
#14383 = EDGE_LOOP('',(#14384));
#14384 = ORIENTED_EDGE('',*,*,#14301,.T.);
#14385 = FACE_BOUND('',#14386,.T.);
#14386 = EDGE_LOOP('',(#14387));
#14387 = ORIENTED_EDGE('',*,*,#14388,.F.);
#14388 = EDGE_CURVE('',#14389,#14389,#14391,.T.);
#14389 = VERTEX_POINT('',#14390);
#14390 = CARTESIAN_POINT('',(9.525,50.8,0.));
#14391 = SURFACE_CURVE('',#14392,(#14397,#14404),.PCURVE_S1.);
#14392 = CIRCLE('',#14393,3.175);
#14393 = AXIS2_PLACEMENT_3D('',#14394,#14395,#14396);
#14394 = CARTESIAN_POINT('',(6.35,50.8,0.));
#14395 = DIRECTION('',(0.,0.,1.));
#14396 = DIRECTION('',(1.,0.,0.));
#14397 = PCURVE('',#14322,#14398);
#14398 = DEFINITIONAL_REPRESENTATION('',(#14399),#14403);
#14399 = CIRCLE('',#14400,3.175);
#14400 = AXIS2_PLACEMENT_2D('',#14401,#14402);
#14401 = CARTESIAN_POINT('',(0.,0.));
#14402 = DIRECTION('',(1.,0.));
#14403 = ( GEOMETRIC_REPRESENTATION_CONTEXT(2) 
PARAMETRIC_REPRESENTATION_CONTEXT() REPRESENTATION_CONTEXT('2D SPACE',''
  ) );
#14404 = PCURVE('',#14405,#14410);
#14405 = CYLINDRICAL_SURFACE('',#14406,3.175);
#14406 = AXIS2_PLACEMENT_3D('',#14407,#14408,#14409);
#14407 = CARTESIAN_POINT('',(6.35,50.8,0.));
#14408 = DIRECTION('',(0.,0.,1.));
#14409 = DIRECTION('',(1.,0.,0.));
#14410 = DEFINITIONAL_REPRESENTATION('',(#14411),#14414);
#14411 = B_SPLINE_CURVE_WITH_KNOTS('',1,(#14412,#14413),.UNSPECIFIED.,
  .F.,.F.,(2,2),(0.,6.28318530718),.PIECEWISE_BEZIER_KNOTS.);
#14412 = CARTESIAN_POINT('',(0.,0.));
#14413 = CARTESIAN_POINT('',(6.28318530718,0.));
#14414 = ( GEOMETRIC_REPRESENTATION_CONTEXT(2) 
PARAMETRIC_REPRESENTATION_CONTEXT() REPRESENTATION_CONTEXT('2D SPACE',''
  ) );
#14415 = ADVANCED_FACE('',(#14416),#14369,.F.);
#14416 = FACE_BOUND('',#14417,.T.);
#14417 = EDGE_LOOP('',(#14418));
#14418 = ORIENTED_EDGE('',*,*,#14355,.F.);
#14419 = ADVANCED_FACE('',(#14420),#14405,.T.);
#14420 = FACE_BOUND('',#14421,.T.);
#14421 = EDGE_LOOP('',(#14422,#14450,#14469,#14470));
#14422 = ORIENTED_EDGE('',*,*,#14423,.F.);
#14423 = EDGE_CURVE('',#14424,#14424,#14426,.T.);
#14424 = VERTEX_POINT('',#14425);
#14425 = CARTESIAN_POINT('',(9.525,50.8,50.8));
#14426 = SURFACE_CURVE('',#14427,(#14432,#14438),.PCURVE_S1.);
#14427 = CIRCLE('',#14428,3.175);
#14428 = AXIS2_PLACEMENT_3D('',#14429,#14430,#14431);
#14429 = CARTESIAN_POINT('',(6.35,50.8,50.8));
#14430 = DIRECTION('',(0.,0.,1.));
#14431 = DIRECTION('',(1.,0.,0.));
#14432 = PCURVE('',#14405,#14433);
#14433 = DEFINITIONAL_REPRESENTATION('',(#14434),#14437);
#14434 = B_SPLINE_CURVE_WITH_KNOTS('',1,(#14435,#14436),.UNSPECIFIED.,
  .F.,.F.,(2,2),(0.,6.28318530718),.PIECEWISE_BEZIER_KNOTS.);
#14435 = CARTESIAN_POINT('',(0.,50.8));
#14436 = CARTESIAN_POINT('',(6.28318530718,50.8));
#14437 = ( GEOMETRIC_REPRESENTATION_CONTEXT(2) 
PARAMETRIC_REPRESENTATION_CONTEXT() REPRESENTATION_CONTEXT('2D SPACE',''
  ) );
#14438 = PCURVE('',#14439,#14444);
#14439 = PLANE('',#14440);
#14440 = AXIS2_PLACEMENT_3D('',#14441,#14442,#14443);
#14441 = CARTESIAN_POINT('',(6.35,50.8,50.8));
#14442 = DIRECTION('',(0.,0.,1.));
#14443 = DIRECTION('',(1.,0.,0.));
#14444 = DEFINITIONAL_REPRESENTATION('',(#14445),#14449);
#14445 = CIRCLE('',#14446,3.175);
#14446 = AXIS2_PLACEMENT_2D('',#14447,#14448);
#14447 = CARTESIAN_POINT('',(0.,0.));
#14448 = DIRECTION('',(1.,0.));
#14449 = ( GEOMETRIC_REPRESENTATION_CONTEXT(2) 
PARAMETRIC_REPRESENTATION_CONTEXT() REPRESENTATION_CONTEXT('2D SPACE',''
  ) );
#14450 = ORIENTED_EDGE('',*,*,#14451,.F.);
#14451 = EDGE_CURVE('',#14389,#14424,#14452,.T.);
#14452 = SEAM_CURVE('',#14453,(#14457,#14463),.PCURVE_S1.);
#14453 = LINE('',#14454,#14455);
#14454 = CARTESIAN_POINT('',(9.525,50.8,0.));
#14455 = VECTOR('',#14456,1.);
#14456 = DIRECTION('',(0.,0.,1.));
#14457 = PCURVE('',#14405,#14458);
#14458 = DEFINITIONAL_REPRESENTATION('',(#14459),#14462);
#14459 = B_SPLINE_CURVE_WITH_KNOTS('',1,(#14460,#14461),.UNSPECIFIED.,
  .F.,.F.,(2,2),(0.,50.8),.PIECEWISE_BEZIER_KNOTS.);
#14460 = CARTESIAN_POINT('',(6.28318530718,0.));
#14461 = CARTESIAN_POINT('',(6.28318530718,50.8));
#14462 = ( GEOMETRIC_REPRESENTATION_CONTEXT(2) 
PARAMETRIC_REPRESENTATION_CONTEXT() REPRESENTATION_CONTEXT('2D SPACE',''
  ) );
#14463 = PCURVE('',#14405,#14464);
#14464 = DEFINITIONAL_REPRESENTATION('',(#14465),#14468);
#14465 = B_SPLINE_CURVE_WITH_KNOTS('',1,(#14466,#14467),.UNSPECIFIED.,
  .F.,.F.,(2,2),(0.,50.8),.PIECEWISE_BEZIER_KNOTS.);
#14466 = CARTESIAN_POINT('',(0.,0.));
#14467 = CARTESIAN_POINT('',(0.,50.8));
#14468 = ( GEOMETRIC_REPRESENTATION_CONTEXT(2) 
PARAMETRIC_REPRESENTATION_CONTEXT() REPRESENTATION_CONTEXT('2D SPACE',''
  ) );
#14469 = ORIENTED_EDGE('',*,*,#14388,.T.);
#14470 = ORIENTED_EDGE('',*,*,#14451,.T.);
#14471 = ADVANCED_FACE('',(#14472),#14439,.T.);
#14472 = FACE_BOUND('',#14473,.T.);
#14473 = EDGE_LOOP('',(#14474));
#14474 = ORIENTED_EDGE('',*,*,#14423,.T.);
#14475 = MANIFOLD_SOLID_BREP('',#14476);
#14476 = CLOSED_SHELL('',(#14477,#14561,#14595,#14599,#14651));
#14477 = ADVANCED_FACE('',(#14478),#14491,.T.);
#14478 = FACE_BOUND('',#14479,.T.);
#14479 = EDGE_LOOP('',(#14480,#14513,#14534,#14560));
#14480 = ORIENTED_EDGE('',*,*,#14481,.F.);
#14481 = EDGE_CURVE('',#14482,#14482,#14484,.T.);
#14482 = VERTEX_POINT('',#14483);
#14483 = CARTESIAN_POINT('',(11.8999,133.35,0.));
#14484 = SURFACE_CURVE('',#14485,(#14490,#14501),.PCURVE_S1.);
#14485 = CIRCLE('',#14486,5.5499);
#14486 = AXIS2_PLACEMENT_3D('',#14487,#14488,#14489);
#14487 = CARTESIAN_POINT('',(6.35,133.35,1.110223024625E-16));
#14488 = DIRECTION('',(0.,0.,1.));
#14489 = DIRECTION('',(1.,0.,0.));
#14490 = PCURVE('',#14491,#14496);
#14491 = CYLINDRICAL_SURFACE('',#14492,5.5499);
#14492 = AXIS2_PLACEMENT_3D('',#14493,#14494,#14495);
#14493 = CARTESIAN_POINT('',(6.35,133.35,-3.3528));
#14494 = DIRECTION('',(0.,0.,1.));
#14495 = DIRECTION('',(1.,0.,0.));
#14496 = DEFINITIONAL_REPRESENTATION('',(#14497),#14500);
#14497 = B_SPLINE_CURVE_WITH_KNOTS('',1,(#14498,#14499),.UNSPECIFIED.,
  .F.,.F.,(2,2),(0.,6.28318530718),.PIECEWISE_BEZIER_KNOTS.);
#14498 = CARTESIAN_POINT('',(0.,3.3528));
#14499 = CARTESIAN_POINT('',(6.28318530718,3.3528));
#14500 = ( GEOMETRIC_REPRESENTATION_CONTEXT(2) 
PARAMETRIC_REPRESENTATION_CONTEXT() REPRESENTATION_CONTEXT('2D SPACE',''
  ) );
#14501 = PCURVE('',#14502,#14507);
#14502 = PLANE('',#14503);
#14503 = AXIS2_PLACEMENT_3D('',#14504,#14505,#14506);
#14504 = CARTESIAN_POINT('',(6.35,133.35,1.110223024625E-16));
#14505 = DIRECTION('',(0.,0.,1.));
#14506 = DIRECTION('',(1.,0.,0.));
#14507 = DEFINITIONAL_REPRESENTATION('',(#14508),#14512);
#14508 = CIRCLE('',#14509,5.5499);
#14509 = AXIS2_PLACEMENT_2D('',#14510,#14511);
#14510 = CARTESIAN_POINT('',(0.,0.));
#14511 = DIRECTION('',(1.,0.));
#14512 = ( GEOMETRIC_REPRESENTATION_CONTEXT(2) 
PARAMETRIC_REPRESENTATION_CONTEXT() REPRESENTATION_CONTEXT('2D SPACE',''
  ) );
#14513 = ORIENTED_EDGE('',*,*,#14514,.F.);
#14514 = EDGE_CURVE('',#14515,#14482,#14517,.T.);
#14515 = VERTEX_POINT('',#14516);
#14516 = CARTESIAN_POINT('',(11.8999,133.35,-3.3528));
#14517 = SEAM_CURVE('',#14518,(#14522,#14528),.PCURVE_S1.);
#14518 = LINE('',#14519,#14520);
#14519 = CARTESIAN_POINT('',(11.8999,133.35,-3.3528));
#14520 = VECTOR('',#14521,1.);
#14521 = DIRECTION('',(0.,0.,1.));
#14522 = PCURVE('',#14491,#14523);
#14523 = DEFINITIONAL_REPRESENTATION('',(#14524),#14527);
#14524 = B_SPLINE_CURVE_WITH_KNOTS('',1,(#14525,#14526),.UNSPECIFIED.,
  .F.,.F.,(2,2),(0.,3.3528),.PIECEWISE_BEZIER_KNOTS.);
#14525 = CARTESIAN_POINT('',(6.28318530718,0.));
#14526 = CARTESIAN_POINT('',(6.28318530718,3.3528));
#14527 = ( GEOMETRIC_REPRESENTATION_CONTEXT(2) 
PARAMETRIC_REPRESENTATION_CONTEXT() REPRESENTATION_CONTEXT('2D SPACE',''
  ) );
#14528 = PCURVE('',#14491,#14529);
#14529 = DEFINITIONAL_REPRESENTATION('',(#14530),#14533);
#14530 = B_SPLINE_CURVE_WITH_KNOTS('',1,(#14531,#14532),.UNSPECIFIED.,
  .F.,.F.,(2,2),(0.,3.3528),.PIECEWISE_BEZIER_KNOTS.);
#14531 = CARTESIAN_POINT('',(0.,0.));
#14532 = CARTESIAN_POINT('',(0.,3.3528));
#14533 = ( GEOMETRIC_REPRESENTATION_CONTEXT(2) 
PARAMETRIC_REPRESENTATION_CONTEXT() REPRESENTATION_CONTEXT('2D SPACE',''
  ) );
#14534 = ORIENTED_EDGE('',*,*,#14535,.T.);
#14535 = EDGE_CURVE('',#14515,#14515,#14536,.T.);
#14536 = SURFACE_CURVE('',#14537,(#14542,#14548),.PCURVE_S1.);
#14537 = CIRCLE('',#14538,5.5499);
#14538 = AXIS2_PLACEMENT_3D('',#14539,#14540,#14541);
#14539 = CARTESIAN_POINT('',(6.35,133.35,-3.3528));
#14540 = DIRECTION('',(0.,0.,1.));
#14541 = DIRECTION('',(1.,0.,0.));
#14542 = PCURVE('',#14491,#14543);
#14543 = DEFINITIONAL_REPRESENTATION('',(#14544),#14547);
#14544 = B_SPLINE_CURVE_WITH_KNOTS('',1,(#14545,#14546),.UNSPECIFIED.,
  .F.,.F.,(2,2),(0.,6.28318530718),.PIECEWISE_BEZIER_KNOTS.);
#14545 = CARTESIAN_POINT('',(0.,0.));
#14546 = CARTESIAN_POINT('',(6.28318530718,0.));
#14547 = ( GEOMETRIC_REPRESENTATION_CONTEXT(2) 
PARAMETRIC_REPRESENTATION_CONTEXT() REPRESENTATION_CONTEXT('2D SPACE',''
  ) );
#14548 = PCURVE('',#14549,#14554);
#14549 = PLANE('',#14550);
#14550 = AXIS2_PLACEMENT_3D('',#14551,#14552,#14553);
#14551 = CARTESIAN_POINT('',(6.35,133.35,-3.3528));
#14552 = DIRECTION('',(0.,0.,1.));
#14553 = DIRECTION('',(1.,0.,0.));
#14554 = DEFINITIONAL_REPRESENTATION('',(#14555),#14559);
#14555 = CIRCLE('',#14556,5.5499);
#14556 = AXIS2_PLACEMENT_2D('',#14557,#14558);
#14557 = CARTESIAN_POINT('',(0.,0.));
#14558 = DIRECTION('',(1.,0.));
#14559 = ( GEOMETRIC_REPRESENTATION_CONTEXT(2) 
PARAMETRIC_REPRESENTATION_CONTEXT() REPRESENTATION_CONTEXT('2D SPACE',''
  ) );
#14560 = ORIENTED_EDGE('',*,*,#14514,.T.);
#14561 = ADVANCED_FACE('',(#14562,#14565),#14502,.T.);
#14562 = FACE_BOUND('',#14563,.T.);
#14563 = EDGE_LOOP('',(#14564));
#14564 = ORIENTED_EDGE('',*,*,#14481,.T.);
#14565 = FACE_BOUND('',#14566,.T.);
#14566 = EDGE_LOOP('',(#14567));
#14567 = ORIENTED_EDGE('',*,*,#14568,.F.);
#14568 = EDGE_CURVE('',#14569,#14569,#14571,.T.);
#14569 = VERTEX_POINT('',#14570);
#14570 = CARTESIAN_POINT('',(9.525,133.35,0.));
#14571 = SURFACE_CURVE('',#14572,(#14577,#14584),.PCURVE_S1.);
#14572 = CIRCLE('',#14573,3.175);
#14573 = AXIS2_PLACEMENT_3D('',#14574,#14575,#14576);
#14574 = CARTESIAN_POINT('',(6.35,133.35,0.));
#14575 = DIRECTION('',(0.,0.,1.));
#14576 = DIRECTION('',(1.,0.,0.));
#14577 = PCURVE('',#14502,#14578);
#14578 = DEFINITIONAL_REPRESENTATION('',(#14579),#14583);
#14579 = CIRCLE('',#14580,3.175);
#14580 = AXIS2_PLACEMENT_2D('',#14581,#14582);
#14581 = CARTESIAN_POINT('',(0.,0.));
#14582 = DIRECTION('',(1.,0.));
#14583 = ( GEOMETRIC_REPRESENTATION_CONTEXT(2) 
PARAMETRIC_REPRESENTATION_CONTEXT() REPRESENTATION_CONTEXT('2D SPACE',''
  ) );
#14584 = PCURVE('',#14585,#14590);
#14585 = CYLINDRICAL_SURFACE('',#14586,3.175);
#14586 = AXIS2_PLACEMENT_3D('',#14587,#14588,#14589);
#14587 = CARTESIAN_POINT('',(6.35,133.35,0.));
#14588 = DIRECTION('',(0.,0.,1.));
#14589 = DIRECTION('',(1.,0.,0.));
#14590 = DEFINITIONAL_REPRESENTATION('',(#14591),#14594);
#14591 = B_SPLINE_CURVE_WITH_KNOTS('',1,(#14592,#14593),.UNSPECIFIED.,
  .F.,.F.,(2,2),(0.,6.28318530718),.PIECEWISE_BEZIER_KNOTS.);
#14592 = CARTESIAN_POINT('',(0.,0.));
#14593 = CARTESIAN_POINT('',(6.28318530718,0.));
#14594 = ( GEOMETRIC_REPRESENTATION_CONTEXT(2) 
PARAMETRIC_REPRESENTATION_CONTEXT() REPRESENTATION_CONTEXT('2D SPACE',''
  ) );
#14595 = ADVANCED_FACE('',(#14596),#14549,.F.);
#14596 = FACE_BOUND('',#14597,.T.);
#14597 = EDGE_LOOP('',(#14598));
#14598 = ORIENTED_EDGE('',*,*,#14535,.F.);
#14599 = ADVANCED_FACE('',(#14600),#14585,.T.);
#14600 = FACE_BOUND('',#14601,.T.);
#14601 = EDGE_LOOP('',(#14602,#14630,#14649,#14650));
#14602 = ORIENTED_EDGE('',*,*,#14603,.F.);
#14603 = EDGE_CURVE('',#14604,#14604,#14606,.T.);
#14604 = VERTEX_POINT('',#14605);
#14605 = CARTESIAN_POINT('',(9.525,133.35,50.8));
#14606 = SURFACE_CURVE('',#14607,(#14612,#14618),.PCURVE_S1.);
#14607 = CIRCLE('',#14608,3.175);
#14608 = AXIS2_PLACEMENT_3D('',#14609,#14610,#14611);
#14609 = CARTESIAN_POINT('',(6.35,133.35,50.8));
#14610 = DIRECTION('',(0.,0.,1.));
#14611 = DIRECTION('',(1.,0.,0.));
#14612 = PCURVE('',#14585,#14613);
#14613 = DEFINITIONAL_REPRESENTATION('',(#14614),#14617);
#14614 = B_SPLINE_CURVE_WITH_KNOTS('',1,(#14615,#14616),.UNSPECIFIED.,
  .F.,.F.,(2,2),(0.,6.28318530718),.PIECEWISE_BEZIER_KNOTS.);
#14615 = CARTESIAN_POINT('',(0.,50.8));
#14616 = CARTESIAN_POINT('',(6.28318530718,50.8));
#14617 = ( GEOMETRIC_REPRESENTATION_CONTEXT(2) 
PARAMETRIC_REPRESENTATION_CONTEXT() REPRESENTATION_CONTEXT('2D SPACE',''
  ) );
#14618 = PCURVE('',#14619,#14624);
#14619 = PLANE('',#14620);
#14620 = AXIS2_PLACEMENT_3D('',#14621,#14622,#14623);
#14621 = CARTESIAN_POINT('',(6.35,133.35,50.8));
#14622 = DIRECTION('',(0.,0.,1.));
#14623 = DIRECTION('',(1.,0.,0.));
#14624 = DEFINITIONAL_REPRESENTATION('',(#14625),#14629);
#14625 = CIRCLE('',#14626,3.175);
#14626 = AXIS2_PLACEMENT_2D('',#14627,#14628);
#14627 = CARTESIAN_POINT('',(0.,0.));
#14628 = DIRECTION('',(1.,0.));
#14629 = ( GEOMETRIC_REPRESENTATION_CONTEXT(2) 
PARAMETRIC_REPRESENTATION_CONTEXT() REPRESENTATION_CONTEXT('2D SPACE',''
  ) );
#14630 = ORIENTED_EDGE('',*,*,#14631,.F.);
#14631 = EDGE_CURVE('',#14569,#14604,#14632,.T.);
#14632 = SEAM_CURVE('',#14633,(#14637,#14643),.PCURVE_S1.);
#14633 = LINE('',#14634,#14635);
#14634 = CARTESIAN_POINT('',(9.525,133.35,0.));
#14635 = VECTOR('',#14636,1.);
#14636 = DIRECTION('',(0.,0.,1.));
#14637 = PCURVE('',#14585,#14638);
#14638 = DEFINITIONAL_REPRESENTATION('',(#14639),#14642);
#14639 = B_SPLINE_CURVE_WITH_KNOTS('',1,(#14640,#14641),.UNSPECIFIED.,
  .F.,.F.,(2,2),(0.,50.8),.PIECEWISE_BEZIER_KNOTS.);
#14640 = CARTESIAN_POINT('',(6.28318530718,0.));
#14641 = CARTESIAN_POINT('',(6.28318530718,50.8));
#14642 = ( GEOMETRIC_REPRESENTATION_CONTEXT(2) 
PARAMETRIC_REPRESENTATION_CONTEXT() REPRESENTATION_CONTEXT('2D SPACE',''
  ) );
#14643 = PCURVE('',#14585,#14644);
#14644 = DEFINITIONAL_REPRESENTATION('',(#14645),#14648);
#14645 = B_SPLINE_CURVE_WITH_KNOTS('',1,(#14646,#14647),.UNSPECIFIED.,
  .F.,.F.,(2,2),(0.,50.8),.PIECEWISE_BEZIER_KNOTS.);
#14646 = CARTESIAN_POINT('',(0.,0.));
#14647 = CARTESIAN_POINT('',(0.,50.8));
#14648 = ( GEOMETRIC_REPRESENTATION_CONTEXT(2) 
PARAMETRIC_REPRESENTATION_CONTEXT() REPRESENTATION_CONTEXT('2D SPACE',''
  ) );
#14649 = ORIENTED_EDGE('',*,*,#14568,.T.);
#14650 = ORIENTED_EDGE('',*,*,#14631,.T.);
#14651 = ADVANCED_FACE('',(#14652),#14619,.T.);
#14652 = FACE_BOUND('',#14653,.T.);
#14653 = EDGE_LOOP('',(#14654));
#14654 = ORIENTED_EDGE('',*,*,#14603,.T.);
#14655 = MANIFOLD_SOLID_BREP('',#14656);
#14656 = CLOSED_SHELL('',(#14657,#14741,#14775,#14779,#14831));
#14657 = ADVANCED_FACE('',(#14658),#14671,.T.);
#14658 = FACE_BOUND('',#14659,.T.);
#14659 = EDGE_LOOP('',(#14660,#14693,#14714,#14740));
#14660 = ORIENTED_EDGE('',*,*,#14661,.F.);
#14661 = EDGE_CURVE('',#14662,#14662,#14664,.T.);
#14662 = VERTEX_POINT('',#14663);
#14663 = CARTESIAN_POINT('',(11.8999,215.9,0.));
#14664 = SURFACE_CURVE('',#14665,(#14670,#14681),.PCURVE_S1.);
#14665 = CIRCLE('',#14666,5.5499);
#14666 = AXIS2_PLACEMENT_3D('',#14667,#14668,#14669);
#14667 = CARTESIAN_POINT('',(6.35,215.9,1.110223024625E-16));
#14668 = DIRECTION('',(0.,0.,1.));
#14669 = DIRECTION('',(1.,0.,0.));
#14670 = PCURVE('',#14671,#14676);
#14671 = CYLINDRICAL_SURFACE('',#14672,5.5499);
#14672 = AXIS2_PLACEMENT_3D('',#14673,#14674,#14675);
#14673 = CARTESIAN_POINT('',(6.35,215.9,-3.3528));
#14674 = DIRECTION('',(0.,0.,1.));
#14675 = DIRECTION('',(1.,0.,0.));
#14676 = DEFINITIONAL_REPRESENTATION('',(#14677),#14680);
#14677 = B_SPLINE_CURVE_WITH_KNOTS('',1,(#14678,#14679),.UNSPECIFIED.,
  .F.,.F.,(2,2),(0.,6.28318530718),.PIECEWISE_BEZIER_KNOTS.);
#14678 = CARTESIAN_POINT('',(0.,3.3528));
#14679 = CARTESIAN_POINT('',(6.28318530718,3.3528));
#14680 = ( GEOMETRIC_REPRESENTATION_CONTEXT(2) 
PARAMETRIC_REPRESENTATION_CONTEXT() REPRESENTATION_CONTEXT('2D SPACE',''
  ) );
#14681 = PCURVE('',#14682,#14687);
#14682 = PLANE('',#14683);
#14683 = AXIS2_PLACEMENT_3D('',#14684,#14685,#14686);
#14684 = CARTESIAN_POINT('',(6.35,215.9,1.110223024625E-16));
#14685 = DIRECTION('',(0.,0.,1.));
#14686 = DIRECTION('',(1.,0.,0.));
#14687 = DEFINITIONAL_REPRESENTATION('',(#14688),#14692);
#14688 = CIRCLE('',#14689,5.5499);
#14689 = AXIS2_PLACEMENT_2D('',#14690,#14691);
#14690 = CARTESIAN_POINT('',(0.,0.));
#14691 = DIRECTION('',(1.,0.));
#14692 = ( GEOMETRIC_REPRESENTATION_CONTEXT(2) 
PARAMETRIC_REPRESENTATION_CONTEXT() REPRESENTATION_CONTEXT('2D SPACE',''
  ) );
#14693 = ORIENTED_EDGE('',*,*,#14694,.F.);
#14694 = EDGE_CURVE('',#14695,#14662,#14697,.T.);
#14695 = VERTEX_POINT('',#14696);
#14696 = CARTESIAN_POINT('',(11.8999,215.9,-3.3528));
#14697 = SEAM_CURVE('',#14698,(#14702,#14708),.PCURVE_S1.);
#14698 = LINE('',#14699,#14700);
#14699 = CARTESIAN_POINT('',(11.8999,215.9,-3.3528));
#14700 = VECTOR('',#14701,1.);
#14701 = DIRECTION('',(0.,0.,1.));
#14702 = PCURVE('',#14671,#14703);
#14703 = DEFINITIONAL_REPRESENTATION('',(#14704),#14707);
#14704 = B_SPLINE_CURVE_WITH_KNOTS('',1,(#14705,#14706),.UNSPECIFIED.,
  .F.,.F.,(2,2),(0.,3.3528),.PIECEWISE_BEZIER_KNOTS.);
#14705 = CARTESIAN_POINT('',(6.28318530718,0.));
#14706 = CARTESIAN_POINT('',(6.28318530718,3.3528));
#14707 = ( GEOMETRIC_REPRESENTATION_CONTEXT(2) 
PARAMETRIC_REPRESENTATION_CONTEXT() REPRESENTATION_CONTEXT('2D SPACE',''
  ) );
#14708 = PCURVE('',#14671,#14709);
#14709 = DEFINITIONAL_REPRESENTATION('',(#14710),#14713);
#14710 = B_SPLINE_CURVE_WITH_KNOTS('',1,(#14711,#14712),.UNSPECIFIED.,
  .F.,.F.,(2,2),(0.,3.3528),.PIECEWISE_BEZIER_KNOTS.);
#14711 = CARTESIAN_POINT('',(0.,0.));
#14712 = CARTESIAN_POINT('',(0.,3.3528));
#14713 = ( GEOMETRIC_REPRESENTATION_CONTEXT(2) 
PARAMETRIC_REPRESENTATION_CONTEXT() REPRESENTATION_CONTEXT('2D SPACE',''
  ) );
#14714 = ORIENTED_EDGE('',*,*,#14715,.T.);
#14715 = EDGE_CURVE('',#14695,#14695,#14716,.T.);
#14716 = SURFACE_CURVE('',#14717,(#14722,#14728),.PCURVE_S1.);
#14717 = CIRCLE('',#14718,5.5499);
#14718 = AXIS2_PLACEMENT_3D('',#14719,#14720,#14721);
#14719 = CARTESIAN_POINT('',(6.35,215.9,-3.3528));
#14720 = DIRECTION('',(0.,0.,1.));
#14721 = DIRECTION('',(1.,0.,0.));
#14722 = PCURVE('',#14671,#14723);
#14723 = DEFINITIONAL_REPRESENTATION('',(#14724),#14727);
#14724 = B_SPLINE_CURVE_WITH_KNOTS('',1,(#14725,#14726),.UNSPECIFIED.,
  .F.,.F.,(2,2),(0.,6.28318530718),.PIECEWISE_BEZIER_KNOTS.);
#14725 = CARTESIAN_POINT('',(0.,0.));
#14726 = CARTESIAN_POINT('',(6.28318530718,0.));
#14727 = ( GEOMETRIC_REPRESENTATION_CONTEXT(2) 
PARAMETRIC_REPRESENTATION_CONTEXT() REPRESENTATION_CONTEXT('2D SPACE',''
  ) );
#14728 = PCURVE('',#14729,#14734);
#14729 = PLANE('',#14730);
#14730 = AXIS2_PLACEMENT_3D('',#14731,#14732,#14733);
#14731 = CARTESIAN_POINT('',(6.35,215.9,-3.3528));
#14732 = DIRECTION('',(0.,0.,1.));
#14733 = DIRECTION('',(1.,0.,0.));
#14734 = DEFINITIONAL_REPRESENTATION('',(#14735),#14739);
#14735 = CIRCLE('',#14736,5.5499);
#14736 = AXIS2_PLACEMENT_2D('',#14737,#14738);
#14737 = CARTESIAN_POINT('',(0.,0.));
#14738 = DIRECTION('',(1.,0.));
#14739 = ( GEOMETRIC_REPRESENTATION_CONTEXT(2) 
PARAMETRIC_REPRESENTATION_CONTEXT() REPRESENTATION_CONTEXT('2D SPACE',''
  ) );
#14740 = ORIENTED_EDGE('',*,*,#14694,.T.);
#14741 = ADVANCED_FACE('',(#14742,#14745),#14682,.T.);
#14742 = FACE_BOUND('',#14743,.T.);
#14743 = EDGE_LOOP('',(#14744));
#14744 = ORIENTED_EDGE('',*,*,#14661,.T.);
#14745 = FACE_BOUND('',#14746,.T.);
#14746 = EDGE_LOOP('',(#14747));
#14747 = ORIENTED_EDGE('',*,*,#14748,.F.);
#14748 = EDGE_CURVE('',#14749,#14749,#14751,.T.);
#14749 = VERTEX_POINT('',#14750);
#14750 = CARTESIAN_POINT('',(9.525,215.9,0.));
#14751 = SURFACE_CURVE('',#14752,(#14757,#14764),.PCURVE_S1.);
#14752 = CIRCLE('',#14753,3.175);
#14753 = AXIS2_PLACEMENT_3D('',#14754,#14755,#14756);
#14754 = CARTESIAN_POINT('',(6.35,215.9,0.));
#14755 = DIRECTION('',(0.,0.,1.));
#14756 = DIRECTION('',(1.,0.,0.));
#14757 = PCURVE('',#14682,#14758);
#14758 = DEFINITIONAL_REPRESENTATION('',(#14759),#14763);
#14759 = CIRCLE('',#14760,3.175);
#14760 = AXIS2_PLACEMENT_2D('',#14761,#14762);
#14761 = CARTESIAN_POINT('',(0.,0.));
#14762 = DIRECTION('',(1.,0.));
#14763 = ( GEOMETRIC_REPRESENTATION_CONTEXT(2) 
PARAMETRIC_REPRESENTATION_CONTEXT() REPRESENTATION_CONTEXT('2D SPACE',''
  ) );
#14764 = PCURVE('',#14765,#14770);
#14765 = CYLINDRICAL_SURFACE('',#14766,3.175);
#14766 = AXIS2_PLACEMENT_3D('',#14767,#14768,#14769);
#14767 = CARTESIAN_POINT('',(6.35,215.9,0.));
#14768 = DIRECTION('',(0.,0.,1.));
#14769 = DIRECTION('',(1.,0.,0.));
#14770 = DEFINITIONAL_REPRESENTATION('',(#14771),#14774);
#14771 = B_SPLINE_CURVE_WITH_KNOTS('',1,(#14772,#14773),.UNSPECIFIED.,
  .F.,.F.,(2,2),(0.,6.28318530718),.PIECEWISE_BEZIER_KNOTS.);
#14772 = CARTESIAN_POINT('',(0.,0.));
#14773 = CARTESIAN_POINT('',(6.28318530718,0.));
#14774 = ( GEOMETRIC_REPRESENTATION_CONTEXT(2) 
PARAMETRIC_REPRESENTATION_CONTEXT() REPRESENTATION_CONTEXT('2D SPACE',''
  ) );
#14775 = ADVANCED_FACE('',(#14776),#14729,.F.);
#14776 = FACE_BOUND('',#14777,.T.);
#14777 = EDGE_LOOP('',(#14778));
#14778 = ORIENTED_EDGE('',*,*,#14715,.F.);
#14779 = ADVANCED_FACE('',(#14780),#14765,.T.);
#14780 = FACE_BOUND('',#14781,.T.);
#14781 = EDGE_LOOP('',(#14782,#14810,#14829,#14830));
#14782 = ORIENTED_EDGE('',*,*,#14783,.F.);
#14783 = EDGE_CURVE('',#14784,#14784,#14786,.T.);
#14784 = VERTEX_POINT('',#14785);
#14785 = CARTESIAN_POINT('',(9.525,215.9,50.8));
#14786 = SURFACE_CURVE('',#14787,(#14792,#14798),.PCURVE_S1.);
#14787 = CIRCLE('',#14788,3.175);
#14788 = AXIS2_PLACEMENT_3D('',#14789,#14790,#14791);
#14789 = CARTESIAN_POINT('',(6.35,215.9,50.8));
#14790 = DIRECTION('',(0.,0.,1.));
#14791 = DIRECTION('',(1.,0.,0.));
#14792 = PCURVE('',#14765,#14793);
#14793 = DEFINITIONAL_REPRESENTATION('',(#14794),#14797);
#14794 = B_SPLINE_CURVE_WITH_KNOTS('',1,(#14795,#14796),.UNSPECIFIED.,
  .F.,.F.,(2,2),(0.,6.28318530718),.PIECEWISE_BEZIER_KNOTS.);
#14795 = CARTESIAN_POINT('',(0.,50.8));
#14796 = CARTESIAN_POINT('',(6.28318530718,50.8));
#14797 = ( GEOMETRIC_REPRESENTATION_CONTEXT(2) 
PARAMETRIC_REPRESENTATION_CONTEXT() REPRESENTATION_CONTEXT('2D SPACE',''
  ) );
#14798 = PCURVE('',#14799,#14804);
#14799 = PLANE('',#14800);
#14800 = AXIS2_PLACEMENT_3D('',#14801,#14802,#14803);
#14801 = CARTESIAN_POINT('',(6.35,215.9,50.8));
#14802 = DIRECTION('',(0.,0.,1.));
#14803 = DIRECTION('',(1.,0.,0.));
#14804 = DEFINITIONAL_REPRESENTATION('',(#14805),#14809);
#14805 = CIRCLE('',#14806,3.175);
#14806 = AXIS2_PLACEMENT_2D('',#14807,#14808);
#14807 = CARTESIAN_POINT('',(0.,0.));
#14808 = DIRECTION('',(1.,0.));
#14809 = ( GEOMETRIC_REPRESENTATION_CONTEXT(2) 
PARAMETRIC_REPRESENTATION_CONTEXT() REPRESENTATION_CONTEXT('2D SPACE',''
  ) );
#14810 = ORIENTED_EDGE('',*,*,#14811,.F.);
#14811 = EDGE_CURVE('',#14749,#14784,#14812,.T.);
#14812 = SEAM_CURVE('',#14813,(#14817,#14823),.PCURVE_S1.);
#14813 = LINE('',#14814,#14815);
#14814 = CARTESIAN_POINT('',(9.525,215.9,0.));
#14815 = VECTOR('',#14816,1.);
#14816 = DIRECTION('',(0.,0.,1.));
#14817 = PCURVE('',#14765,#14818);
#14818 = DEFINITIONAL_REPRESENTATION('',(#14819),#14822);
#14819 = B_SPLINE_CURVE_WITH_KNOTS('',1,(#14820,#14821),.UNSPECIFIED.,
  .F.,.F.,(2,2),(0.,50.8),.PIECEWISE_BEZIER_KNOTS.);
#14820 = CARTESIAN_POINT('',(6.28318530718,0.));
#14821 = CARTESIAN_POINT('',(6.28318530718,50.8));
#14822 = ( GEOMETRIC_REPRESENTATION_CONTEXT(2) 
PARAMETRIC_REPRESENTATION_CONTEXT() REPRESENTATION_CONTEXT('2D SPACE',''
  ) );
#14823 = PCURVE('',#14765,#14824);
#14824 = DEFINITIONAL_REPRESENTATION('',(#14825),#14828);
#14825 = B_SPLINE_CURVE_WITH_KNOTS('',1,(#14826,#14827),.UNSPECIFIED.,
  .F.,.F.,(2,2),(0.,50.8),.PIECEWISE_BEZIER_KNOTS.);
#14826 = CARTESIAN_POINT('',(0.,0.));
#14827 = CARTESIAN_POINT('',(0.,50.8));
#14828 = ( GEOMETRIC_REPRESENTATION_CONTEXT(2) 
PARAMETRIC_REPRESENTATION_CONTEXT() REPRESENTATION_CONTEXT('2D SPACE',''
  ) );
#14829 = ORIENTED_EDGE('',*,*,#14748,.T.);
#14830 = ORIENTED_EDGE('',*,*,#14811,.T.);
#14831 = ADVANCED_FACE('',(#14832),#14799,.T.);
#14832 = FACE_BOUND('',#14833,.T.);
#14833 = EDGE_LOOP('',(#14834));
#14834 = ORIENTED_EDGE('',*,*,#14783,.T.);
#14835 = MANIFOLD_SOLID_BREP('',#14836);
#14836 = CLOSED_SHELL('',(#14837,#14921,#14955,#14959,#15011));
#14837 = ADVANCED_FACE('',(#14838),#14851,.T.);
#14838 = FACE_BOUND('',#14839,.T.);
#14839 = EDGE_LOOP('',(#14840,#14873,#14894,#14920));
#14840 = ORIENTED_EDGE('',*,*,#14841,.F.);
#14841 = EDGE_CURVE('',#14842,#14842,#14844,.T.);
#14842 = VERTEX_POINT('',#14843);
#14843 = CARTESIAN_POINT('',(0.,6.35,56.3499));
#14844 = SURFACE_CURVE('',#14845,(#14850,#14861),.PCURVE_S1.);
#14845 = CIRCLE('',#14846,5.5499);
#14846 = AXIS2_PLACEMENT_3D('',#14847,#14848,#14849);
#14847 = CARTESIAN_POINT('',(1.110223024625E-16,6.35,50.8));
#14848 = DIRECTION('',(1.,0.,-0.));
#14849 = DIRECTION('',(0.,0.,1.));
#14850 = PCURVE('',#14851,#14856);
#14851 = CYLINDRICAL_SURFACE('',#14852,5.5499);
#14852 = AXIS2_PLACEMENT_3D('',#14853,#14854,#14855);
#14853 = CARTESIAN_POINT('',(-3.3528,6.35,50.8));
#14854 = DIRECTION('',(1.,0.,0.));
#14855 = DIRECTION('',(0.,0.,1.));
#14856 = DEFINITIONAL_REPRESENTATION('',(#14857),#14860);
#14857 = B_SPLINE_CURVE_WITH_KNOTS('',1,(#14858,#14859),.UNSPECIFIED.,
  .F.,.F.,(2,2),(0.,6.28318530718),.PIECEWISE_BEZIER_KNOTS.);
#14858 = CARTESIAN_POINT('',(0.,3.3528));
#14859 = CARTESIAN_POINT('',(6.28318530718,3.3528));
#14860 = ( GEOMETRIC_REPRESENTATION_CONTEXT(2) 
PARAMETRIC_REPRESENTATION_CONTEXT() REPRESENTATION_CONTEXT('2D SPACE',''
  ) );
#14861 = PCURVE('',#14862,#14867);
#14862 = PLANE('',#14863);
#14863 = AXIS2_PLACEMENT_3D('',#14864,#14865,#14866);
#14864 = CARTESIAN_POINT('',(1.110223024625E-16,6.35,50.8));
#14865 = DIRECTION('',(1.,0.,0.));
#14866 = DIRECTION('',(0.,0.,1.));
#14867 = DEFINITIONAL_REPRESENTATION('',(#14868),#14872);
#14868 = CIRCLE('',#14869,5.5499);
#14869 = AXIS2_PLACEMENT_2D('',#14870,#14871);
#14870 = CARTESIAN_POINT('',(0.,0.));
#14871 = DIRECTION('',(1.,0.));
#14872 = ( GEOMETRIC_REPRESENTATION_CONTEXT(2) 
PARAMETRIC_REPRESENTATION_CONTEXT() REPRESENTATION_CONTEXT('2D SPACE',''
  ) );
#14873 = ORIENTED_EDGE('',*,*,#14874,.F.);
#14874 = EDGE_CURVE('',#14875,#14842,#14877,.T.);
#14875 = VERTEX_POINT('',#14876);
#14876 = CARTESIAN_POINT('',(-3.3528,6.35,56.3499));
#14877 = SEAM_CURVE('',#14878,(#14882,#14888),.PCURVE_S1.);
#14878 = LINE('',#14879,#14880);
#14879 = CARTESIAN_POINT('',(-3.3528,6.35,56.3499));
#14880 = VECTOR('',#14881,1.);
#14881 = DIRECTION('',(1.,0.,0.));
#14882 = PCURVE('',#14851,#14883);
#14883 = DEFINITIONAL_REPRESENTATION('',(#14884),#14887);
#14884 = B_SPLINE_CURVE_WITH_KNOTS('',1,(#14885,#14886),.UNSPECIFIED.,
  .F.,.F.,(2,2),(0.,3.3528),.PIECEWISE_BEZIER_KNOTS.);
#14885 = CARTESIAN_POINT('',(6.28318530718,0.));
#14886 = CARTESIAN_POINT('',(6.28318530718,3.3528));
#14887 = ( GEOMETRIC_REPRESENTATION_CONTEXT(2) 
PARAMETRIC_REPRESENTATION_CONTEXT() REPRESENTATION_CONTEXT('2D SPACE',''
  ) );
#14888 = PCURVE('',#14851,#14889);
#14889 = DEFINITIONAL_REPRESENTATION('',(#14890),#14893);
#14890 = B_SPLINE_CURVE_WITH_KNOTS('',1,(#14891,#14892),.UNSPECIFIED.,
  .F.,.F.,(2,2),(0.,3.3528),.PIECEWISE_BEZIER_KNOTS.);
#14891 = CARTESIAN_POINT('',(0.,0.));
#14892 = CARTESIAN_POINT('',(0.,3.3528));
#14893 = ( GEOMETRIC_REPRESENTATION_CONTEXT(2) 
PARAMETRIC_REPRESENTATION_CONTEXT() REPRESENTATION_CONTEXT('2D SPACE',''
  ) );
#14894 = ORIENTED_EDGE('',*,*,#14895,.T.);
#14895 = EDGE_CURVE('',#14875,#14875,#14896,.T.);
#14896 = SURFACE_CURVE('',#14897,(#14902,#14908),.PCURVE_S1.);
#14897 = CIRCLE('',#14898,5.5499);
#14898 = AXIS2_PLACEMENT_3D('',#14899,#14900,#14901);
#14899 = CARTESIAN_POINT('',(-3.3528,6.35,50.8));
#14900 = DIRECTION('',(1.,0.,-0.));
#14901 = DIRECTION('',(0.,0.,1.));
#14902 = PCURVE('',#14851,#14903);
#14903 = DEFINITIONAL_REPRESENTATION('',(#14904),#14907);
#14904 = B_SPLINE_CURVE_WITH_KNOTS('',1,(#14905,#14906),.UNSPECIFIED.,
  .F.,.F.,(2,2),(0.,6.28318530718),.PIECEWISE_BEZIER_KNOTS.);
#14905 = CARTESIAN_POINT('',(0.,0.));
#14906 = CARTESIAN_POINT('',(6.28318530718,0.));
#14907 = ( GEOMETRIC_REPRESENTATION_CONTEXT(2) 
PARAMETRIC_REPRESENTATION_CONTEXT() REPRESENTATION_CONTEXT('2D SPACE',''
  ) );
#14908 = PCURVE('',#14909,#14914);
#14909 = PLANE('',#14910);
#14910 = AXIS2_PLACEMENT_3D('',#14911,#14912,#14913);
#14911 = CARTESIAN_POINT('',(-3.3528,6.35,50.8));
#14912 = DIRECTION('',(1.,0.,0.));
#14913 = DIRECTION('',(0.,0.,1.));
#14914 = DEFINITIONAL_REPRESENTATION('',(#14915),#14919);
#14915 = CIRCLE('',#14916,5.5499);
#14916 = AXIS2_PLACEMENT_2D('',#14917,#14918);
#14917 = CARTESIAN_POINT('',(0.,0.));
#14918 = DIRECTION('',(1.,0.));
#14919 = ( GEOMETRIC_REPRESENTATION_CONTEXT(2) 
PARAMETRIC_REPRESENTATION_CONTEXT() REPRESENTATION_CONTEXT('2D SPACE',''
  ) );
#14920 = ORIENTED_EDGE('',*,*,#14874,.T.);
#14921 = ADVANCED_FACE('',(#14922,#14925),#14862,.T.);
#14922 = FACE_BOUND('',#14923,.T.);
#14923 = EDGE_LOOP('',(#14924));
#14924 = ORIENTED_EDGE('',*,*,#14841,.T.);
#14925 = FACE_BOUND('',#14926,.T.);
#14926 = EDGE_LOOP('',(#14927));
#14927 = ORIENTED_EDGE('',*,*,#14928,.F.);
#14928 = EDGE_CURVE('',#14929,#14929,#14931,.T.);
#14929 = VERTEX_POINT('',#14930);
#14930 = CARTESIAN_POINT('',(0.,6.35,53.975));
#14931 = SURFACE_CURVE('',#14932,(#14937,#14944),.PCURVE_S1.);
#14932 = CIRCLE('',#14933,3.175);
#14933 = AXIS2_PLACEMENT_3D('',#14934,#14935,#14936);
#14934 = CARTESIAN_POINT('',(0.,6.35,50.8));
#14935 = DIRECTION('',(1.,0.,-0.));
#14936 = DIRECTION('',(0.,0.,1.));
#14937 = PCURVE('',#14862,#14938);
#14938 = DEFINITIONAL_REPRESENTATION('',(#14939),#14943);
#14939 = CIRCLE('',#14940,3.175);
#14940 = AXIS2_PLACEMENT_2D('',#14941,#14942);
#14941 = CARTESIAN_POINT('',(0.,0.));
#14942 = DIRECTION('',(1.,0.));
#14943 = ( GEOMETRIC_REPRESENTATION_CONTEXT(2) 
PARAMETRIC_REPRESENTATION_CONTEXT() REPRESENTATION_CONTEXT('2D SPACE',''
  ) );
#14944 = PCURVE('',#14945,#14950);
#14945 = CYLINDRICAL_SURFACE('',#14946,3.175);
#14946 = AXIS2_PLACEMENT_3D('',#14947,#14948,#14949);
#14947 = CARTESIAN_POINT('',(0.,6.35,50.8));
#14948 = DIRECTION('',(1.,0.,0.));
#14949 = DIRECTION('',(0.,0.,1.));
#14950 = DEFINITIONAL_REPRESENTATION('',(#14951),#14954);
#14951 = B_SPLINE_CURVE_WITH_KNOTS('',1,(#14952,#14953),.UNSPECIFIED.,
  .F.,.F.,(2,2),(0.,6.28318530718),.PIECEWISE_BEZIER_KNOTS.);
#14952 = CARTESIAN_POINT('',(0.,0.));
#14953 = CARTESIAN_POINT('',(6.28318530718,0.));
#14954 = ( GEOMETRIC_REPRESENTATION_CONTEXT(2) 
PARAMETRIC_REPRESENTATION_CONTEXT() REPRESENTATION_CONTEXT('2D SPACE',''
  ) );
#14955 = ADVANCED_FACE('',(#14956),#14909,.F.);
#14956 = FACE_BOUND('',#14957,.T.);
#14957 = EDGE_LOOP('',(#14958));
#14958 = ORIENTED_EDGE('',*,*,#14895,.F.);
#14959 = ADVANCED_FACE('',(#14960),#14945,.T.);
#14960 = FACE_BOUND('',#14961,.T.);
#14961 = EDGE_LOOP('',(#14962,#14990,#15009,#15010));
#14962 = ORIENTED_EDGE('',*,*,#14963,.F.);
#14963 = EDGE_CURVE('',#14964,#14964,#14966,.T.);
#14964 = VERTEX_POINT('',#14965);
#14965 = CARTESIAN_POINT('',(50.8,6.35,53.975));
#14966 = SURFACE_CURVE('',#14967,(#14972,#14978),.PCURVE_S1.);
#14967 = CIRCLE('',#14968,3.175);
#14968 = AXIS2_PLACEMENT_3D('',#14969,#14970,#14971);
#14969 = CARTESIAN_POINT('',(50.8,6.35,50.8));
#14970 = DIRECTION('',(1.,0.,-0.));
#14971 = DIRECTION('',(0.,0.,1.));
#14972 = PCURVE('',#14945,#14973);
#14973 = DEFINITIONAL_REPRESENTATION('',(#14974),#14977);
#14974 = B_SPLINE_CURVE_WITH_KNOTS('',1,(#14975,#14976),.UNSPECIFIED.,
  .F.,.F.,(2,2),(0.,6.28318530718),.PIECEWISE_BEZIER_KNOTS.);
#14975 = CARTESIAN_POINT('',(0.,50.8));
#14976 = CARTESIAN_POINT('',(6.28318530718,50.8));
#14977 = ( GEOMETRIC_REPRESENTATION_CONTEXT(2) 
PARAMETRIC_REPRESENTATION_CONTEXT() REPRESENTATION_CONTEXT('2D SPACE',''
  ) );
#14978 = PCURVE('',#14979,#14984);
#14979 = PLANE('',#14980);
#14980 = AXIS2_PLACEMENT_3D('',#14981,#14982,#14983);
#14981 = CARTESIAN_POINT('',(50.8,6.35,50.8));
#14982 = DIRECTION('',(1.,0.,0.));
#14983 = DIRECTION('',(0.,0.,1.));
#14984 = DEFINITIONAL_REPRESENTATION('',(#14985),#14989);
#14985 = CIRCLE('',#14986,3.175);
#14986 = AXIS2_PLACEMENT_2D('',#14987,#14988);
#14987 = CARTESIAN_POINT('',(0.,0.));
#14988 = DIRECTION('',(1.,0.));
#14989 = ( GEOMETRIC_REPRESENTATION_CONTEXT(2) 
PARAMETRIC_REPRESENTATION_CONTEXT() REPRESENTATION_CONTEXT('2D SPACE',''
  ) );
#14990 = ORIENTED_EDGE('',*,*,#14991,.F.);
#14991 = EDGE_CURVE('',#14929,#14964,#14992,.T.);
#14992 = SEAM_CURVE('',#14993,(#14997,#15003),.PCURVE_S1.);
#14993 = LINE('',#14994,#14995);
#14994 = CARTESIAN_POINT('',(0.,6.35,53.975));
#14995 = VECTOR('',#14996,1.);
#14996 = DIRECTION('',(1.,0.,0.));
#14997 = PCURVE('',#14945,#14998);
#14998 = DEFINITIONAL_REPRESENTATION('',(#14999),#15002);
#14999 = B_SPLINE_CURVE_WITH_KNOTS('',1,(#15000,#15001),.UNSPECIFIED.,
  .F.,.F.,(2,2),(0.,50.8),.PIECEWISE_BEZIER_KNOTS.);
#15000 = CARTESIAN_POINT('',(6.28318530718,0.));
#15001 = CARTESIAN_POINT('',(6.28318530718,50.8));
#15002 = ( GEOMETRIC_REPRESENTATION_CONTEXT(2) 
PARAMETRIC_REPRESENTATION_CONTEXT() REPRESENTATION_CONTEXT('2D SPACE',''
  ) );
#15003 = PCURVE('',#14945,#15004);
#15004 = DEFINITIONAL_REPRESENTATION('',(#15005),#15008);
#15005 = B_SPLINE_CURVE_WITH_KNOTS('',1,(#15006,#15007),.UNSPECIFIED.,
  .F.,.F.,(2,2),(0.,50.8),.PIECEWISE_BEZIER_KNOTS.);
#15006 = CARTESIAN_POINT('',(0.,0.));
#15007 = CARTESIAN_POINT('',(0.,50.8));
#15008 = ( GEOMETRIC_REPRESENTATION_CONTEXT(2) 
PARAMETRIC_REPRESENTATION_CONTEXT() REPRESENTATION_CONTEXT('2D SPACE',''
  ) );
#15009 = ORIENTED_EDGE('',*,*,#14928,.T.);
#15010 = ORIENTED_EDGE('',*,*,#14991,.T.);
#15011 = ADVANCED_FACE('',(#15012),#14979,.T.);
#15012 = FACE_BOUND('',#15013,.T.);
#15013 = EDGE_LOOP('',(#15014));
#15014 = ORIENTED_EDGE('',*,*,#14963,.T.);
#15015 = MANIFOLD_SOLID_BREP('',#15016);
#15016 = CLOSED_SHELL('',(#15017,#15101,#15135,#15139,#15191));
#15017 = ADVANCED_FACE('',(#15018),#15031,.T.);
#15018 = FACE_BOUND('',#15019,.T.);
#15019 = EDGE_LOOP('',(#15020,#15053,#15074,#15100));
#15020 = ORIENTED_EDGE('',*,*,#15021,.F.);
#15021 = EDGE_CURVE('',#15022,#15022,#15024,.T.);
#15022 = VERTEX_POINT('',#15023);
#15023 = CARTESIAN_POINT('',(0.,6.35,113.4999));
#15024 = SURFACE_CURVE('',#15025,(#15030,#15041),.PCURVE_S1.);
#15025 = CIRCLE('',#15026,5.5499);
#15026 = AXIS2_PLACEMENT_3D('',#15027,#15028,#15029);
#15027 = CARTESIAN_POINT('',(1.110223024625E-16,6.35,107.95));
#15028 = DIRECTION('',(1.,0.,-0.));
#15029 = DIRECTION('',(0.,0.,1.));
#15030 = PCURVE('',#15031,#15036);
#15031 = CYLINDRICAL_SURFACE('',#15032,5.5499);
#15032 = AXIS2_PLACEMENT_3D('',#15033,#15034,#15035);
#15033 = CARTESIAN_POINT('',(-3.3528,6.35,107.95));
#15034 = DIRECTION('',(1.,0.,0.));
#15035 = DIRECTION('',(0.,0.,1.));
#15036 = DEFINITIONAL_REPRESENTATION('',(#15037),#15040);
#15037 = B_SPLINE_CURVE_WITH_KNOTS('',1,(#15038,#15039),.UNSPECIFIED.,
  .F.,.F.,(2,2),(0.,6.28318530718),.PIECEWISE_BEZIER_KNOTS.);
#15038 = CARTESIAN_POINT('',(0.,3.3528));
#15039 = CARTESIAN_POINT('',(6.28318530718,3.3528));
#15040 = ( GEOMETRIC_REPRESENTATION_CONTEXT(2) 
PARAMETRIC_REPRESENTATION_CONTEXT() REPRESENTATION_CONTEXT('2D SPACE',''
  ) );
#15041 = PCURVE('',#15042,#15047);
#15042 = PLANE('',#15043);
#15043 = AXIS2_PLACEMENT_3D('',#15044,#15045,#15046);
#15044 = CARTESIAN_POINT('',(1.110223024625E-16,6.35,107.95));
#15045 = DIRECTION('',(1.,0.,0.));
#15046 = DIRECTION('',(0.,0.,1.));
#15047 = DEFINITIONAL_REPRESENTATION('',(#15048),#15052);
#15048 = CIRCLE('',#15049,5.5499);
#15049 = AXIS2_PLACEMENT_2D('',#15050,#15051);
#15050 = CARTESIAN_POINT('',(0.,0.));
#15051 = DIRECTION('',(1.,0.));
#15052 = ( GEOMETRIC_REPRESENTATION_CONTEXT(2) 
PARAMETRIC_REPRESENTATION_CONTEXT() REPRESENTATION_CONTEXT('2D SPACE',''
  ) );
#15053 = ORIENTED_EDGE('',*,*,#15054,.F.);
#15054 = EDGE_CURVE('',#15055,#15022,#15057,.T.);
#15055 = VERTEX_POINT('',#15056);
#15056 = CARTESIAN_POINT('',(-3.3528,6.35,113.4999));
#15057 = SEAM_CURVE('',#15058,(#15062,#15068),.PCURVE_S1.);
#15058 = LINE('',#15059,#15060);
#15059 = CARTESIAN_POINT('',(-3.3528,6.35,113.4999));
#15060 = VECTOR('',#15061,1.);
#15061 = DIRECTION('',(1.,0.,0.));
#15062 = PCURVE('',#15031,#15063);
#15063 = DEFINITIONAL_REPRESENTATION('',(#15064),#15067);
#15064 = B_SPLINE_CURVE_WITH_KNOTS('',1,(#15065,#15066),.UNSPECIFIED.,
  .F.,.F.,(2,2),(0.,3.3528),.PIECEWISE_BEZIER_KNOTS.);
#15065 = CARTESIAN_POINT('',(6.28318530718,0.));
#15066 = CARTESIAN_POINT('',(6.28318530718,3.3528));
#15067 = ( GEOMETRIC_REPRESENTATION_CONTEXT(2) 
PARAMETRIC_REPRESENTATION_CONTEXT() REPRESENTATION_CONTEXT('2D SPACE',''
  ) );
#15068 = PCURVE('',#15031,#15069);
#15069 = DEFINITIONAL_REPRESENTATION('',(#15070),#15073);
#15070 = B_SPLINE_CURVE_WITH_KNOTS('',1,(#15071,#15072),.UNSPECIFIED.,
  .F.,.F.,(2,2),(0.,3.3528),.PIECEWISE_BEZIER_KNOTS.);
#15071 = CARTESIAN_POINT('',(0.,0.));
#15072 = CARTESIAN_POINT('',(0.,3.3528));
#15073 = ( GEOMETRIC_REPRESENTATION_CONTEXT(2) 
PARAMETRIC_REPRESENTATION_CONTEXT() REPRESENTATION_CONTEXT('2D SPACE',''
  ) );
#15074 = ORIENTED_EDGE('',*,*,#15075,.T.);
#15075 = EDGE_CURVE('',#15055,#15055,#15076,.T.);
#15076 = SURFACE_CURVE('',#15077,(#15082,#15088),.PCURVE_S1.);
#15077 = CIRCLE('',#15078,5.5499);
#15078 = AXIS2_PLACEMENT_3D('',#15079,#15080,#15081);
#15079 = CARTESIAN_POINT('',(-3.3528,6.35,107.95));
#15080 = DIRECTION('',(1.,0.,-0.));
#15081 = DIRECTION('',(0.,0.,1.));
#15082 = PCURVE('',#15031,#15083);
#15083 = DEFINITIONAL_REPRESENTATION('',(#15084),#15087);
#15084 = B_SPLINE_CURVE_WITH_KNOTS('',1,(#15085,#15086),.UNSPECIFIED.,
  .F.,.F.,(2,2),(0.,6.28318530718),.PIECEWISE_BEZIER_KNOTS.);
#15085 = CARTESIAN_POINT('',(0.,0.));
#15086 = CARTESIAN_POINT('',(6.28318530718,0.));
#15087 = ( GEOMETRIC_REPRESENTATION_CONTEXT(2) 
PARAMETRIC_REPRESENTATION_CONTEXT() REPRESENTATION_CONTEXT('2D SPACE',''
  ) );
#15088 = PCURVE('',#15089,#15094);
#15089 = PLANE('',#15090);
#15090 = AXIS2_PLACEMENT_3D('',#15091,#15092,#15093);
#15091 = CARTESIAN_POINT('',(-3.3528,6.35,107.95));
#15092 = DIRECTION('',(1.,0.,0.));
#15093 = DIRECTION('',(0.,0.,1.));
#15094 = DEFINITIONAL_REPRESENTATION('',(#15095),#15099);
#15095 = CIRCLE('',#15096,5.5499);
#15096 = AXIS2_PLACEMENT_2D('',#15097,#15098);
#15097 = CARTESIAN_POINT('',(0.,0.));
#15098 = DIRECTION('',(1.,0.));
#15099 = ( GEOMETRIC_REPRESENTATION_CONTEXT(2) 
PARAMETRIC_REPRESENTATION_CONTEXT() REPRESENTATION_CONTEXT('2D SPACE',''
  ) );
#15100 = ORIENTED_EDGE('',*,*,#15054,.T.);
#15101 = ADVANCED_FACE('',(#15102,#15105),#15042,.T.);
#15102 = FACE_BOUND('',#15103,.T.);
#15103 = EDGE_LOOP('',(#15104));
#15104 = ORIENTED_EDGE('',*,*,#15021,.T.);
#15105 = FACE_BOUND('',#15106,.T.);
#15106 = EDGE_LOOP('',(#15107));
#15107 = ORIENTED_EDGE('',*,*,#15108,.F.);
#15108 = EDGE_CURVE('',#15109,#15109,#15111,.T.);
#15109 = VERTEX_POINT('',#15110);
#15110 = CARTESIAN_POINT('',(0.,6.35,111.125));
#15111 = SURFACE_CURVE('',#15112,(#15117,#15124),.PCURVE_S1.);
#15112 = CIRCLE('',#15113,3.175);
#15113 = AXIS2_PLACEMENT_3D('',#15114,#15115,#15116);
#15114 = CARTESIAN_POINT('',(0.,6.35,107.95));
#15115 = DIRECTION('',(1.,0.,-0.));
#15116 = DIRECTION('',(0.,0.,1.));
#15117 = PCURVE('',#15042,#15118);
#15118 = DEFINITIONAL_REPRESENTATION('',(#15119),#15123);
#15119 = CIRCLE('',#15120,3.175);
#15120 = AXIS2_PLACEMENT_2D('',#15121,#15122);
#15121 = CARTESIAN_POINT('',(0.,0.));
#15122 = DIRECTION('',(1.,0.));
#15123 = ( GEOMETRIC_REPRESENTATION_CONTEXT(2) 
PARAMETRIC_REPRESENTATION_CONTEXT() REPRESENTATION_CONTEXT('2D SPACE',''
  ) );
#15124 = PCURVE('',#15125,#15130);
#15125 = CYLINDRICAL_SURFACE('',#15126,3.175);
#15126 = AXIS2_PLACEMENT_3D('',#15127,#15128,#15129);
#15127 = CARTESIAN_POINT('',(0.,6.35,107.95));
#15128 = DIRECTION('',(1.,0.,0.));
#15129 = DIRECTION('',(0.,0.,1.));
#15130 = DEFINITIONAL_REPRESENTATION('',(#15131),#15134);
#15131 = B_SPLINE_CURVE_WITH_KNOTS('',1,(#15132,#15133),.UNSPECIFIED.,
  .F.,.F.,(2,2),(0.,6.28318530718),.PIECEWISE_BEZIER_KNOTS.);
#15132 = CARTESIAN_POINT('',(0.,0.));
#15133 = CARTESIAN_POINT('',(6.28318530718,0.));
#15134 = ( GEOMETRIC_REPRESENTATION_CONTEXT(2) 
PARAMETRIC_REPRESENTATION_CONTEXT() REPRESENTATION_CONTEXT('2D SPACE',''
  ) );
#15135 = ADVANCED_FACE('',(#15136),#15089,.F.);
#15136 = FACE_BOUND('',#15137,.T.);
#15137 = EDGE_LOOP('',(#15138));
#15138 = ORIENTED_EDGE('',*,*,#15075,.F.);
#15139 = ADVANCED_FACE('',(#15140),#15125,.T.);
#15140 = FACE_BOUND('',#15141,.T.);
#15141 = EDGE_LOOP('',(#15142,#15170,#15189,#15190));
#15142 = ORIENTED_EDGE('',*,*,#15143,.F.);
#15143 = EDGE_CURVE('',#15144,#15144,#15146,.T.);
#15144 = VERTEX_POINT('',#15145);
#15145 = CARTESIAN_POINT('',(50.8,6.35,111.125));
#15146 = SURFACE_CURVE('',#15147,(#15152,#15158),.PCURVE_S1.);
#15147 = CIRCLE('',#15148,3.175);
#15148 = AXIS2_PLACEMENT_3D('',#15149,#15150,#15151);
#15149 = CARTESIAN_POINT('',(50.8,6.35,107.95));
#15150 = DIRECTION('',(1.,0.,-0.));
#15151 = DIRECTION('',(0.,0.,1.));
#15152 = PCURVE('',#15125,#15153);
#15153 = DEFINITIONAL_REPRESENTATION('',(#15154),#15157);
#15154 = B_SPLINE_CURVE_WITH_KNOTS('',1,(#15155,#15156),.UNSPECIFIED.,
  .F.,.F.,(2,2),(0.,6.28318530718),.PIECEWISE_BEZIER_KNOTS.);
#15155 = CARTESIAN_POINT('',(0.,50.8));
#15156 = CARTESIAN_POINT('',(6.28318530718,50.8));
#15157 = ( GEOMETRIC_REPRESENTATION_CONTEXT(2) 
PARAMETRIC_REPRESENTATION_CONTEXT() REPRESENTATION_CONTEXT('2D SPACE',''
  ) );
#15158 = PCURVE('',#15159,#15164);
#15159 = PLANE('',#15160);
#15160 = AXIS2_PLACEMENT_3D('',#15161,#15162,#15163);
#15161 = CARTESIAN_POINT('',(50.8,6.35,107.95));
#15162 = DIRECTION('',(1.,0.,0.));
#15163 = DIRECTION('',(0.,0.,1.));
#15164 = DEFINITIONAL_REPRESENTATION('',(#15165),#15169);
#15165 = CIRCLE('',#15166,3.175);
#15166 = AXIS2_PLACEMENT_2D('',#15167,#15168);
#15167 = CARTESIAN_POINT('',(0.,0.));
#15168 = DIRECTION('',(1.,0.));
#15169 = ( GEOMETRIC_REPRESENTATION_CONTEXT(2) 
PARAMETRIC_REPRESENTATION_CONTEXT() REPRESENTATION_CONTEXT('2D SPACE',''
  ) );
#15170 = ORIENTED_EDGE('',*,*,#15171,.F.);
#15171 = EDGE_CURVE('',#15109,#15144,#15172,.T.);
#15172 = SEAM_CURVE('',#15173,(#15177,#15183),.PCURVE_S1.);
#15173 = LINE('',#15174,#15175);
#15174 = CARTESIAN_POINT('',(0.,6.35,111.125));
#15175 = VECTOR('',#15176,1.);
#15176 = DIRECTION('',(1.,0.,0.));
#15177 = PCURVE('',#15125,#15178);
#15178 = DEFINITIONAL_REPRESENTATION('',(#15179),#15182);
#15179 = B_SPLINE_CURVE_WITH_KNOTS('',1,(#15180,#15181),.UNSPECIFIED.,
  .F.,.F.,(2,2),(0.,50.8),.PIECEWISE_BEZIER_KNOTS.);
#15180 = CARTESIAN_POINT('',(6.28318530718,0.));
#15181 = CARTESIAN_POINT('',(6.28318530718,50.8));
#15182 = ( GEOMETRIC_REPRESENTATION_CONTEXT(2) 
PARAMETRIC_REPRESENTATION_CONTEXT() REPRESENTATION_CONTEXT('2D SPACE',''
  ) );
#15183 = PCURVE('',#15125,#15184);
#15184 = DEFINITIONAL_REPRESENTATION('',(#15185),#15188);
#15185 = B_SPLINE_CURVE_WITH_KNOTS('',1,(#15186,#15187),.UNSPECIFIED.,
  .F.,.F.,(2,2),(0.,50.8),.PIECEWISE_BEZIER_KNOTS.);
#15186 = CARTESIAN_POINT('',(0.,0.));
#15187 = CARTESIAN_POINT('',(0.,50.8));
#15188 = ( GEOMETRIC_REPRESENTATION_CONTEXT(2) 
PARAMETRIC_REPRESENTATION_CONTEXT() REPRESENTATION_CONTEXT('2D SPACE',''
  ) );
#15189 = ORIENTED_EDGE('',*,*,#15108,.T.);
#15190 = ORIENTED_EDGE('',*,*,#15171,.T.);
#15191 = ADVANCED_FACE('',(#15192),#15159,.T.);
#15192 = FACE_BOUND('',#15193,.T.);
#15193 = EDGE_LOOP('',(#15194));
#15194 = ORIENTED_EDGE('',*,*,#15143,.T.);
#15195 = MANIFOLD_SOLID_BREP('',#15196);
#15196 = CLOSED_SHELL('',(#15197,#15281,#15315,#15319,#15371));
#15197 = ADVANCED_FACE('',(#15198),#15211,.T.);
#15198 = FACE_BOUND('',#15199,.T.);
#15199 = EDGE_LOOP('',(#15200,#15233,#15254,#15280));
#15200 = ORIENTED_EDGE('',*,*,#15201,.F.);
#15201 = EDGE_CURVE('',#15202,#15202,#15204,.T.);
#15202 = VERTEX_POINT('',#15203);
#15203 = CARTESIAN_POINT('',(0.,6.35,170.6499));
#15204 = SURFACE_CURVE('',#15205,(#15210,#15221),.PCURVE_S1.);
#15205 = CIRCLE('',#15206,5.5499);
#15206 = AXIS2_PLACEMENT_3D('',#15207,#15208,#15209);
#15207 = CARTESIAN_POINT('',(1.110223024625E-16,6.35,165.1));
#15208 = DIRECTION('',(1.,0.,-0.));
#15209 = DIRECTION('',(0.,0.,1.));
#15210 = PCURVE('',#15211,#15216);
#15211 = CYLINDRICAL_SURFACE('',#15212,5.5499);
#15212 = AXIS2_PLACEMENT_3D('',#15213,#15214,#15215);
#15213 = CARTESIAN_POINT('',(-3.3528,6.35,165.1));
#15214 = DIRECTION('',(1.,0.,0.));
#15215 = DIRECTION('',(0.,0.,1.));
#15216 = DEFINITIONAL_REPRESENTATION('',(#15217),#15220);
#15217 = B_SPLINE_CURVE_WITH_KNOTS('',1,(#15218,#15219),.UNSPECIFIED.,
  .F.,.F.,(2,2),(0.,6.28318530718),.PIECEWISE_BEZIER_KNOTS.);
#15218 = CARTESIAN_POINT('',(0.,3.3528));
#15219 = CARTESIAN_POINT('',(6.28318530718,3.3528));
#15220 = ( GEOMETRIC_REPRESENTATION_CONTEXT(2) 
PARAMETRIC_REPRESENTATION_CONTEXT() REPRESENTATION_CONTEXT('2D SPACE',''
  ) );
#15221 = PCURVE('',#15222,#15227);
#15222 = PLANE('',#15223);
#15223 = AXIS2_PLACEMENT_3D('',#15224,#15225,#15226);
#15224 = CARTESIAN_POINT('',(1.110223024625E-16,6.35,165.1));
#15225 = DIRECTION('',(1.,0.,0.));
#15226 = DIRECTION('',(0.,0.,1.));
#15227 = DEFINITIONAL_REPRESENTATION('',(#15228),#15232);
#15228 = CIRCLE('',#15229,5.5499);
#15229 = AXIS2_PLACEMENT_2D('',#15230,#15231);
#15230 = CARTESIAN_POINT('',(0.,0.));
#15231 = DIRECTION('',(1.,0.));
#15232 = ( GEOMETRIC_REPRESENTATION_CONTEXT(2) 
PARAMETRIC_REPRESENTATION_CONTEXT() REPRESENTATION_CONTEXT('2D SPACE',''
  ) );
#15233 = ORIENTED_EDGE('',*,*,#15234,.F.);
#15234 = EDGE_CURVE('',#15235,#15202,#15237,.T.);
#15235 = VERTEX_POINT('',#15236);
#15236 = CARTESIAN_POINT('',(-3.3528,6.35,170.6499));
#15237 = SEAM_CURVE('',#15238,(#15242,#15248),.PCURVE_S1.);
#15238 = LINE('',#15239,#15240);
#15239 = CARTESIAN_POINT('',(-3.3528,6.35,170.6499));
#15240 = VECTOR('',#15241,1.);
#15241 = DIRECTION('',(1.,0.,0.));
#15242 = PCURVE('',#15211,#15243);
#15243 = DEFINITIONAL_REPRESENTATION('',(#15244),#15247);
#15244 = B_SPLINE_CURVE_WITH_KNOTS('',1,(#15245,#15246),.UNSPECIFIED.,
  .F.,.F.,(2,2),(0.,3.3528),.PIECEWISE_BEZIER_KNOTS.);
#15245 = CARTESIAN_POINT('',(6.28318530718,0.));
#15246 = CARTESIAN_POINT('',(6.28318530718,3.3528));
#15247 = ( GEOMETRIC_REPRESENTATION_CONTEXT(2) 
PARAMETRIC_REPRESENTATION_CONTEXT() REPRESENTATION_CONTEXT('2D SPACE',''
  ) );
#15248 = PCURVE('',#15211,#15249);
#15249 = DEFINITIONAL_REPRESENTATION('',(#15250),#15253);
#15250 = B_SPLINE_CURVE_WITH_KNOTS('',1,(#15251,#15252),.UNSPECIFIED.,
  .F.,.F.,(2,2),(0.,3.3528),.PIECEWISE_BEZIER_KNOTS.);
#15251 = CARTESIAN_POINT('',(0.,0.));
#15252 = CARTESIAN_POINT('',(0.,3.3528));
#15253 = ( GEOMETRIC_REPRESENTATION_CONTEXT(2) 
PARAMETRIC_REPRESENTATION_CONTEXT() REPRESENTATION_CONTEXT('2D SPACE',''
  ) );
#15254 = ORIENTED_EDGE('',*,*,#15255,.T.);
#15255 = EDGE_CURVE('',#15235,#15235,#15256,.T.);
#15256 = SURFACE_CURVE('',#15257,(#15262,#15268),.PCURVE_S1.);
#15257 = CIRCLE('',#15258,5.5499);
#15258 = AXIS2_PLACEMENT_3D('',#15259,#15260,#15261);
#15259 = CARTESIAN_POINT('',(-3.3528,6.35,165.1));
#15260 = DIRECTION('',(1.,0.,-0.));
#15261 = DIRECTION('',(0.,0.,1.));
#15262 = PCURVE('',#15211,#15263);
#15263 = DEFINITIONAL_REPRESENTATION('',(#15264),#15267);
#15264 = B_SPLINE_CURVE_WITH_KNOTS('',1,(#15265,#15266),.UNSPECIFIED.,
  .F.,.F.,(2,2),(0.,6.28318530718),.PIECEWISE_BEZIER_KNOTS.);
#15265 = CARTESIAN_POINT('',(0.,0.));
#15266 = CARTESIAN_POINT('',(6.28318530718,0.));
#15267 = ( GEOMETRIC_REPRESENTATION_CONTEXT(2) 
PARAMETRIC_REPRESENTATION_CONTEXT() REPRESENTATION_CONTEXT('2D SPACE',''
  ) );
#15268 = PCURVE('',#15269,#15274);
#15269 = PLANE('',#15270);
#15270 = AXIS2_PLACEMENT_3D('',#15271,#15272,#15273);
#15271 = CARTESIAN_POINT('',(-3.3528,6.35,165.1));
#15272 = DIRECTION('',(1.,0.,0.));
#15273 = DIRECTION('',(0.,0.,1.));
#15274 = DEFINITIONAL_REPRESENTATION('',(#15275),#15279);
#15275 = CIRCLE('',#15276,5.5499);
#15276 = AXIS2_PLACEMENT_2D('',#15277,#15278);
#15277 = CARTESIAN_POINT('',(0.,0.));
#15278 = DIRECTION('',(1.,0.));
#15279 = ( GEOMETRIC_REPRESENTATION_CONTEXT(2) 
PARAMETRIC_REPRESENTATION_CONTEXT() REPRESENTATION_CONTEXT('2D SPACE',''
  ) );
#15280 = ORIENTED_EDGE('',*,*,#15234,.T.);
#15281 = ADVANCED_FACE('',(#15282,#15285),#15222,.T.);
#15282 = FACE_BOUND('',#15283,.T.);
#15283 = EDGE_LOOP('',(#15284));
#15284 = ORIENTED_EDGE('',*,*,#15201,.T.);
#15285 = FACE_BOUND('',#15286,.T.);
#15286 = EDGE_LOOP('',(#15287));
#15287 = ORIENTED_EDGE('',*,*,#15288,.F.);
#15288 = EDGE_CURVE('',#15289,#15289,#15291,.T.);
#15289 = VERTEX_POINT('',#15290);
#15290 = CARTESIAN_POINT('',(0.,6.35,168.275));
#15291 = SURFACE_CURVE('',#15292,(#15297,#15304),.PCURVE_S1.);
#15292 = CIRCLE('',#15293,3.175);
#15293 = AXIS2_PLACEMENT_3D('',#15294,#15295,#15296);
#15294 = CARTESIAN_POINT('',(0.,6.35,165.1));
#15295 = DIRECTION('',(1.,0.,-0.));
#15296 = DIRECTION('',(0.,0.,1.));
#15297 = PCURVE('',#15222,#15298);
#15298 = DEFINITIONAL_REPRESENTATION('',(#15299),#15303);
#15299 = CIRCLE('',#15300,3.175);
#15300 = AXIS2_PLACEMENT_2D('',#15301,#15302);
#15301 = CARTESIAN_POINT('',(0.,0.));
#15302 = DIRECTION('',(1.,0.));
#15303 = ( GEOMETRIC_REPRESENTATION_CONTEXT(2) 
PARAMETRIC_REPRESENTATION_CONTEXT() REPRESENTATION_CONTEXT('2D SPACE',''
  ) );
#15304 = PCURVE('',#15305,#15310);
#15305 = CYLINDRICAL_SURFACE('',#15306,3.175);
#15306 = AXIS2_PLACEMENT_3D('',#15307,#15308,#15309);
#15307 = CARTESIAN_POINT('',(0.,6.35,165.1));
#15308 = DIRECTION('',(1.,0.,0.));
#15309 = DIRECTION('',(0.,0.,1.));
#15310 = DEFINITIONAL_REPRESENTATION('',(#15311),#15314);
#15311 = B_SPLINE_CURVE_WITH_KNOTS('',1,(#15312,#15313),.UNSPECIFIED.,
  .F.,.F.,(2,2),(0.,6.28318530718),.PIECEWISE_BEZIER_KNOTS.);
#15312 = CARTESIAN_POINT('',(0.,0.));
#15313 = CARTESIAN_POINT('',(6.28318530718,0.));
#15314 = ( GEOMETRIC_REPRESENTATION_CONTEXT(2) 
PARAMETRIC_REPRESENTATION_CONTEXT() REPRESENTATION_CONTEXT('2D SPACE',''
  ) );
#15315 = ADVANCED_FACE('',(#15316),#15269,.F.);
#15316 = FACE_BOUND('',#15317,.T.);
#15317 = EDGE_LOOP('',(#15318));
#15318 = ORIENTED_EDGE('',*,*,#15255,.F.);
#15319 = ADVANCED_FACE('',(#15320),#15305,.T.);
#15320 = FACE_BOUND('',#15321,.T.);
#15321 = EDGE_LOOP('',(#15322,#15350,#15369,#15370));
#15322 = ORIENTED_EDGE('',*,*,#15323,.F.);
#15323 = EDGE_CURVE('',#15324,#15324,#15326,.T.);
#15324 = VERTEX_POINT('',#15325);
#15325 = CARTESIAN_POINT('',(50.8,6.35,168.275));
#15326 = SURFACE_CURVE('',#15327,(#15332,#15338),.PCURVE_S1.);
#15327 = CIRCLE('',#15328,3.175);
#15328 = AXIS2_PLACEMENT_3D('',#15329,#15330,#15331);
#15329 = CARTESIAN_POINT('',(50.8,6.35,165.1));
#15330 = DIRECTION('',(1.,0.,-0.));
#15331 = DIRECTION('',(0.,0.,1.));
#15332 = PCURVE('',#15305,#15333);
#15333 = DEFINITIONAL_REPRESENTATION('',(#15334),#15337);
#15334 = B_SPLINE_CURVE_WITH_KNOTS('',1,(#15335,#15336),.UNSPECIFIED.,
  .F.,.F.,(2,2),(0.,6.28318530718),.PIECEWISE_BEZIER_KNOTS.);
#15335 = CARTESIAN_POINT('',(0.,50.8));
#15336 = CARTESIAN_POINT('',(6.28318530718,50.8));
#15337 = ( GEOMETRIC_REPRESENTATION_CONTEXT(2) 
PARAMETRIC_REPRESENTATION_CONTEXT() REPRESENTATION_CONTEXT('2D SPACE',''
  ) );
#15338 = PCURVE('',#15339,#15344);
#15339 = PLANE('',#15340);
#15340 = AXIS2_PLACEMENT_3D('',#15341,#15342,#15343);
#15341 = CARTESIAN_POINT('',(50.8,6.35,165.1));
#15342 = DIRECTION('',(1.,0.,0.));
#15343 = DIRECTION('',(0.,0.,1.));
#15344 = DEFINITIONAL_REPRESENTATION('',(#15345),#15349);
#15345 = CIRCLE('',#15346,3.175);
#15346 = AXIS2_PLACEMENT_2D('',#15347,#15348);
#15347 = CARTESIAN_POINT('',(0.,0.));
#15348 = DIRECTION('',(1.,0.));
#15349 = ( GEOMETRIC_REPRESENTATION_CONTEXT(2) 
PARAMETRIC_REPRESENTATION_CONTEXT() REPRESENTATION_CONTEXT('2D SPACE',''
  ) );
#15350 = ORIENTED_EDGE('',*,*,#15351,.F.);
#15351 = EDGE_CURVE('',#15289,#15324,#15352,.T.);
#15352 = SEAM_CURVE('',#15353,(#15357,#15363),.PCURVE_S1.);
#15353 = LINE('',#15354,#15355);
#15354 = CARTESIAN_POINT('',(0.,6.35,168.275));
#15355 = VECTOR('',#15356,1.);
#15356 = DIRECTION('',(1.,0.,0.));
#15357 = PCURVE('',#15305,#15358);
#15358 = DEFINITIONAL_REPRESENTATION('',(#15359),#15362);
#15359 = B_SPLINE_CURVE_WITH_KNOTS('',1,(#15360,#15361),.UNSPECIFIED.,
  .F.,.F.,(2,2),(0.,50.8),.PIECEWISE_BEZIER_KNOTS.);
#15360 = CARTESIAN_POINT('',(6.28318530718,0.));
#15361 = CARTESIAN_POINT('',(6.28318530718,50.8));
#15362 = ( GEOMETRIC_REPRESENTATION_CONTEXT(2) 
PARAMETRIC_REPRESENTATION_CONTEXT() REPRESENTATION_CONTEXT('2D SPACE',''
  ) );
#15363 = PCURVE('',#15305,#15364);
#15364 = DEFINITIONAL_REPRESENTATION('',(#15365),#15368);
#15365 = B_SPLINE_CURVE_WITH_KNOTS('',1,(#15366,#15367),.UNSPECIFIED.,
  .F.,.F.,(2,2),(0.,50.8),.PIECEWISE_BEZIER_KNOTS.);
#15366 = CARTESIAN_POINT('',(0.,0.));
#15367 = CARTESIAN_POINT('',(0.,50.8));
#15368 = ( GEOMETRIC_REPRESENTATION_CONTEXT(2) 
PARAMETRIC_REPRESENTATION_CONTEXT() REPRESENTATION_CONTEXT('2D SPACE',''
  ) );
#15369 = ORIENTED_EDGE('',*,*,#15288,.T.);
#15370 = ORIENTED_EDGE('',*,*,#15351,.T.);
#15371 = ADVANCED_FACE('',(#15372),#15339,.T.);
#15372 = FACE_BOUND('',#15373,.T.);
#15373 = EDGE_LOOP('',(#15374));
#15374 = ORIENTED_EDGE('',*,*,#15323,.T.);
#15375 = MANIFOLD_SOLID_BREP('',#15376);
#15376 = CLOSED_SHELL('',(#15377,#15461,#15495,#15499,#15551));
#15377 = ADVANCED_FACE('',(#15378),#15391,.T.);
#15378 = FACE_BOUND('',#15379,.T.);
#15379 = EDGE_LOOP('',(#15380,#15413,#15434,#15460));
#15380 = ORIENTED_EDGE('',*,*,#15381,.F.);
#15381 = EDGE_CURVE('',#15382,#15382,#15384,.T.);
#15382 = VERTEX_POINT('',#15383);
#15383 = CARTESIAN_POINT('',(50.8,0.,11.8999));
#15384 = SURFACE_CURVE('',#15385,(#15390,#15401),.PCURVE_S1.);
#15385 = CIRCLE('',#15386,5.5499);
#15386 = AXIS2_PLACEMENT_3D('',#15387,#15388,#15389);
#15387 = CARTESIAN_POINT('',(50.8,1.110223024625E-16,6.35));
#15388 = DIRECTION('',(0.,1.,0.));
#15389 = DIRECTION('',(0.,0.,1.));
#15390 = PCURVE('',#15391,#15396);
#15391 = CYLINDRICAL_SURFACE('',#15392,5.5499);
#15392 = AXIS2_PLACEMENT_3D('',#15393,#15394,#15395);
#15393 = CARTESIAN_POINT('',(50.8,-3.3528,6.35));
#15394 = DIRECTION('',(0.,1.,0.));
#15395 = DIRECTION('',(0.,0.,1.));
#15396 = DEFINITIONAL_REPRESENTATION('',(#15397),#15400);
#15397 = B_SPLINE_CURVE_WITH_KNOTS('',1,(#15398,#15399),.UNSPECIFIED.,
  .F.,.F.,(2,2),(0.,6.28318530718),.PIECEWISE_BEZIER_KNOTS.);
#15398 = CARTESIAN_POINT('',(0.,3.3528));
#15399 = CARTESIAN_POINT('',(6.28318530718,3.3528));
#15400 = ( GEOMETRIC_REPRESENTATION_CONTEXT(2) 
PARAMETRIC_REPRESENTATION_CONTEXT() REPRESENTATION_CONTEXT('2D SPACE',''
  ) );
#15401 = PCURVE('',#15402,#15407);
#15402 = PLANE('',#15403);
#15403 = AXIS2_PLACEMENT_3D('',#15404,#15405,#15406);
#15404 = CARTESIAN_POINT('',(50.8,1.110223024625E-16,6.35));
#15405 = DIRECTION('',(0.,1.,0.));
#15406 = DIRECTION('',(0.,0.,1.));
#15407 = DEFINITIONAL_REPRESENTATION('',(#15408),#15412);
#15408 = CIRCLE('',#15409,5.5499);
#15409 = AXIS2_PLACEMENT_2D('',#15410,#15411);
#15410 = CARTESIAN_POINT('',(0.,0.));
#15411 = DIRECTION('',(1.,0.));
#15412 = ( GEOMETRIC_REPRESENTATION_CONTEXT(2) 
PARAMETRIC_REPRESENTATION_CONTEXT() REPRESENTATION_CONTEXT('2D SPACE',''
  ) );
#15413 = ORIENTED_EDGE('',*,*,#15414,.F.);
#15414 = EDGE_CURVE('',#15415,#15382,#15417,.T.);
#15415 = VERTEX_POINT('',#15416);
#15416 = CARTESIAN_POINT('',(50.8,-3.3528,11.8999));
#15417 = SEAM_CURVE('',#15418,(#15422,#15428),.PCURVE_S1.);
#15418 = LINE('',#15419,#15420);
#15419 = CARTESIAN_POINT('',(50.8,-3.3528,11.8999));
#15420 = VECTOR('',#15421,1.);
#15421 = DIRECTION('',(0.,1.,0.));
#15422 = PCURVE('',#15391,#15423);
#15423 = DEFINITIONAL_REPRESENTATION('',(#15424),#15427);
#15424 = B_SPLINE_CURVE_WITH_KNOTS('',1,(#15425,#15426),.UNSPECIFIED.,
  .F.,.F.,(2,2),(0.,3.3528),.PIECEWISE_BEZIER_KNOTS.);
#15425 = CARTESIAN_POINT('',(6.28318530718,0.));
#15426 = CARTESIAN_POINT('',(6.28318530718,3.3528));
#15427 = ( GEOMETRIC_REPRESENTATION_CONTEXT(2) 
PARAMETRIC_REPRESENTATION_CONTEXT() REPRESENTATION_CONTEXT('2D SPACE',''
  ) );
#15428 = PCURVE('',#15391,#15429);
#15429 = DEFINITIONAL_REPRESENTATION('',(#15430),#15433);
#15430 = B_SPLINE_CURVE_WITH_KNOTS('',1,(#15431,#15432),.UNSPECIFIED.,
  .F.,.F.,(2,2),(0.,3.3528),.PIECEWISE_BEZIER_KNOTS.);
#15431 = CARTESIAN_POINT('',(0.,0.));
#15432 = CARTESIAN_POINT('',(0.,3.3528));
#15433 = ( GEOMETRIC_REPRESENTATION_CONTEXT(2) 
PARAMETRIC_REPRESENTATION_CONTEXT() REPRESENTATION_CONTEXT('2D SPACE',''
  ) );
#15434 = ORIENTED_EDGE('',*,*,#15435,.T.);
#15435 = EDGE_CURVE('',#15415,#15415,#15436,.T.);
#15436 = SURFACE_CURVE('',#15437,(#15442,#15448),.PCURVE_S1.);
#15437 = CIRCLE('',#15438,5.5499);
#15438 = AXIS2_PLACEMENT_3D('',#15439,#15440,#15441);
#15439 = CARTESIAN_POINT('',(50.8,-3.3528,6.35));
#15440 = DIRECTION('',(0.,1.,0.));
#15441 = DIRECTION('',(0.,0.,1.));
#15442 = PCURVE('',#15391,#15443);
#15443 = DEFINITIONAL_REPRESENTATION('',(#15444),#15447);
#15444 = B_SPLINE_CURVE_WITH_KNOTS('',1,(#15445,#15446),.UNSPECIFIED.,
  .F.,.F.,(2,2),(0.,6.28318530718),.PIECEWISE_BEZIER_KNOTS.);
#15445 = CARTESIAN_POINT('',(0.,0.));
#15446 = CARTESIAN_POINT('',(6.28318530718,0.));
#15447 = ( GEOMETRIC_REPRESENTATION_CONTEXT(2) 
PARAMETRIC_REPRESENTATION_CONTEXT() REPRESENTATION_CONTEXT('2D SPACE',''
  ) );
#15448 = PCURVE('',#15449,#15454);
#15449 = PLANE('',#15450);
#15450 = AXIS2_PLACEMENT_3D('',#15451,#15452,#15453);
#15451 = CARTESIAN_POINT('',(50.8,-3.3528,6.35));
#15452 = DIRECTION('',(0.,1.,0.));
#15453 = DIRECTION('',(0.,0.,1.));
#15454 = DEFINITIONAL_REPRESENTATION('',(#15455),#15459);
#15455 = CIRCLE('',#15456,5.5499);
#15456 = AXIS2_PLACEMENT_2D('',#15457,#15458);
#15457 = CARTESIAN_POINT('',(0.,0.));
#15458 = DIRECTION('',(1.,0.));
#15459 = ( GEOMETRIC_REPRESENTATION_CONTEXT(2) 
PARAMETRIC_REPRESENTATION_CONTEXT() REPRESENTATION_CONTEXT('2D SPACE',''
  ) );
#15460 = ORIENTED_EDGE('',*,*,#15414,.T.);
#15461 = ADVANCED_FACE('',(#15462,#15465),#15402,.T.);
#15462 = FACE_BOUND('',#15463,.T.);
#15463 = EDGE_LOOP('',(#15464));
#15464 = ORIENTED_EDGE('',*,*,#15381,.T.);
#15465 = FACE_BOUND('',#15466,.T.);
#15466 = EDGE_LOOP('',(#15467));
#15467 = ORIENTED_EDGE('',*,*,#15468,.F.);
#15468 = EDGE_CURVE('',#15469,#15469,#15471,.T.);
#15469 = VERTEX_POINT('',#15470);
#15470 = CARTESIAN_POINT('',(50.8,0.,9.525));
#15471 = SURFACE_CURVE('',#15472,(#15477,#15484),.PCURVE_S1.);
#15472 = CIRCLE('',#15473,3.175);
#15473 = AXIS2_PLACEMENT_3D('',#15474,#15475,#15476);
#15474 = CARTESIAN_POINT('',(50.8,0.,6.35));
#15475 = DIRECTION('',(0.,1.,0.));
#15476 = DIRECTION('',(0.,0.,1.));
#15477 = PCURVE('',#15402,#15478);
#15478 = DEFINITIONAL_REPRESENTATION('',(#15479),#15483);
#15479 = CIRCLE('',#15480,3.175);
#15480 = AXIS2_PLACEMENT_2D('',#15481,#15482);
#15481 = CARTESIAN_POINT('',(0.,0.));
#15482 = DIRECTION('',(1.,0.));
#15483 = ( GEOMETRIC_REPRESENTATION_CONTEXT(2) 
PARAMETRIC_REPRESENTATION_CONTEXT() REPRESENTATION_CONTEXT('2D SPACE',''
  ) );
#15484 = PCURVE('',#15485,#15490);
#15485 = CYLINDRICAL_SURFACE('',#15486,3.175);
#15486 = AXIS2_PLACEMENT_3D('',#15487,#15488,#15489);
#15487 = CARTESIAN_POINT('',(50.8,0.,6.35));
#15488 = DIRECTION('',(0.,1.,0.));
#15489 = DIRECTION('',(0.,0.,1.));
#15490 = DEFINITIONAL_REPRESENTATION('',(#15491),#15494);
#15491 = B_SPLINE_CURVE_WITH_KNOTS('',1,(#15492,#15493),.UNSPECIFIED.,
  .F.,.F.,(2,2),(0.,6.28318530718),.PIECEWISE_BEZIER_KNOTS.);
#15492 = CARTESIAN_POINT('',(0.,0.));
#15493 = CARTESIAN_POINT('',(6.28318530718,0.));
#15494 = ( GEOMETRIC_REPRESENTATION_CONTEXT(2) 
PARAMETRIC_REPRESENTATION_CONTEXT() REPRESENTATION_CONTEXT('2D SPACE',''
  ) );
#15495 = ADVANCED_FACE('',(#15496),#15449,.F.);
#15496 = FACE_BOUND('',#15497,.T.);
#15497 = EDGE_LOOP('',(#15498));
#15498 = ORIENTED_EDGE('',*,*,#15435,.F.);
#15499 = ADVANCED_FACE('',(#15500),#15485,.T.);
#15500 = FACE_BOUND('',#15501,.T.);
#15501 = EDGE_LOOP('',(#15502,#15530,#15549,#15550));
#15502 = ORIENTED_EDGE('',*,*,#15503,.F.);
#15503 = EDGE_CURVE('',#15504,#15504,#15506,.T.);
#15504 = VERTEX_POINT('',#15505);
#15505 = CARTESIAN_POINT('',(50.8,50.8,9.525));
#15506 = SURFACE_CURVE('',#15507,(#15512,#15518),.PCURVE_S1.);
#15507 = CIRCLE('',#15508,3.175);
#15508 = AXIS2_PLACEMENT_3D('',#15509,#15510,#15511);
#15509 = CARTESIAN_POINT('',(50.8,50.8,6.35));
#15510 = DIRECTION('',(0.,1.,0.));
#15511 = DIRECTION('',(0.,0.,1.));
#15512 = PCURVE('',#15485,#15513);
#15513 = DEFINITIONAL_REPRESENTATION('',(#15514),#15517);
#15514 = B_SPLINE_CURVE_WITH_KNOTS('',1,(#15515,#15516),.UNSPECIFIED.,
  .F.,.F.,(2,2),(0.,6.28318530718),.PIECEWISE_BEZIER_KNOTS.);
#15515 = CARTESIAN_POINT('',(0.,50.8));
#15516 = CARTESIAN_POINT('',(6.28318530718,50.8));
#15517 = ( GEOMETRIC_REPRESENTATION_CONTEXT(2) 
PARAMETRIC_REPRESENTATION_CONTEXT() REPRESENTATION_CONTEXT('2D SPACE',''
  ) );
#15518 = PCURVE('',#15519,#15524);
#15519 = PLANE('',#15520);
#15520 = AXIS2_PLACEMENT_3D('',#15521,#15522,#15523);
#15521 = CARTESIAN_POINT('',(50.8,50.8,6.35));
#15522 = DIRECTION('',(0.,1.,0.));
#15523 = DIRECTION('',(0.,0.,1.));
#15524 = DEFINITIONAL_REPRESENTATION('',(#15525),#15529);
#15525 = CIRCLE('',#15526,3.175);
#15526 = AXIS2_PLACEMENT_2D('',#15527,#15528);
#15527 = CARTESIAN_POINT('',(0.,0.));
#15528 = DIRECTION('',(1.,0.));
#15529 = ( GEOMETRIC_REPRESENTATION_CONTEXT(2) 
PARAMETRIC_REPRESENTATION_CONTEXT() REPRESENTATION_CONTEXT('2D SPACE',''
  ) );
#15530 = ORIENTED_EDGE('',*,*,#15531,.F.);
#15531 = EDGE_CURVE('',#15469,#15504,#15532,.T.);
#15532 = SEAM_CURVE('',#15533,(#15537,#15543),.PCURVE_S1.);
#15533 = LINE('',#15534,#15535);
#15534 = CARTESIAN_POINT('',(50.8,0.,9.525));
#15535 = VECTOR('',#15536,1.);
#15536 = DIRECTION('',(0.,1.,0.));
#15537 = PCURVE('',#15485,#15538);
#15538 = DEFINITIONAL_REPRESENTATION('',(#15539),#15542);
#15539 = B_SPLINE_CURVE_WITH_KNOTS('',1,(#15540,#15541),.UNSPECIFIED.,
  .F.,.F.,(2,2),(0.,50.8),.PIECEWISE_BEZIER_KNOTS.);
#15540 = CARTESIAN_POINT('',(6.28318530718,0.));
#15541 = CARTESIAN_POINT('',(6.28318530718,50.8));
#15542 = ( GEOMETRIC_REPRESENTATION_CONTEXT(2) 
PARAMETRIC_REPRESENTATION_CONTEXT() REPRESENTATION_CONTEXT('2D SPACE',''
  ) );
#15543 = PCURVE('',#15485,#15544);
#15544 = DEFINITIONAL_REPRESENTATION('',(#15545),#15548);
#15545 = B_SPLINE_CURVE_WITH_KNOTS('',1,(#15546,#15547),.UNSPECIFIED.,
  .F.,.F.,(2,2),(0.,50.8),.PIECEWISE_BEZIER_KNOTS.);
#15546 = CARTESIAN_POINT('',(0.,0.));
#15547 = CARTESIAN_POINT('',(0.,50.8));
#15548 = ( GEOMETRIC_REPRESENTATION_CONTEXT(2) 
PARAMETRIC_REPRESENTATION_CONTEXT() REPRESENTATION_CONTEXT('2D SPACE',''
  ) );
#15549 = ORIENTED_EDGE('',*,*,#15468,.T.);
#15550 = ORIENTED_EDGE('',*,*,#15531,.T.);
#15551 = ADVANCED_FACE('',(#15552),#15519,.T.);
#15552 = FACE_BOUND('',#15553,.T.);
#15553 = EDGE_LOOP('',(#15554));
#15554 = ORIENTED_EDGE('',*,*,#15503,.T.);
#15555 = MANIFOLD_SOLID_BREP('',#15556);
#15556 = CLOSED_SHELL('',(#15557,#15641,#15675,#15679,#15731));
#15557 = ADVANCED_FACE('',(#15558),#15571,.T.);
#15558 = FACE_BOUND('',#15559,.T.);
#15559 = EDGE_LOOP('',(#15560,#15593,#15614,#15640));
#15560 = ORIENTED_EDGE('',*,*,#15561,.F.);
#15561 = EDGE_CURVE('',#15562,#15562,#15564,.T.);
#15562 = VERTEX_POINT('',#15563);
#15563 = CARTESIAN_POINT('',(120.65,0.,11.8999));
#15564 = SURFACE_CURVE('',#15565,(#15570,#15581),.PCURVE_S1.);
#15565 = CIRCLE('',#15566,5.5499);
#15566 = AXIS2_PLACEMENT_3D('',#15567,#15568,#15569);
#15567 = CARTESIAN_POINT('',(120.65,1.110223024625E-16,6.35));
#15568 = DIRECTION('',(0.,1.,0.));
#15569 = DIRECTION('',(0.,0.,1.));
#15570 = PCURVE('',#15571,#15576);
#15571 = CYLINDRICAL_SURFACE('',#15572,5.5499);
#15572 = AXIS2_PLACEMENT_3D('',#15573,#15574,#15575);
#15573 = CARTESIAN_POINT('',(120.65,-3.3528,6.35));
#15574 = DIRECTION('',(0.,1.,0.));
#15575 = DIRECTION('',(0.,0.,1.));
#15576 = DEFINITIONAL_REPRESENTATION('',(#15577),#15580);
#15577 = B_SPLINE_CURVE_WITH_KNOTS('',1,(#15578,#15579),.UNSPECIFIED.,
  .F.,.F.,(2,2),(0.,6.28318530718),.PIECEWISE_BEZIER_KNOTS.);
#15578 = CARTESIAN_POINT('',(0.,3.3528));
#15579 = CARTESIAN_POINT('',(6.28318530718,3.3528));
#15580 = ( GEOMETRIC_REPRESENTATION_CONTEXT(2) 
PARAMETRIC_REPRESENTATION_CONTEXT() REPRESENTATION_CONTEXT('2D SPACE',''
  ) );
#15581 = PCURVE('',#15582,#15587);
#15582 = PLANE('',#15583);
#15583 = AXIS2_PLACEMENT_3D('',#15584,#15585,#15586);
#15584 = CARTESIAN_POINT('',(120.65,1.110223024625E-16,6.35));
#15585 = DIRECTION('',(0.,1.,0.));
#15586 = DIRECTION('',(0.,0.,1.));
#15587 = DEFINITIONAL_REPRESENTATION('',(#15588),#15592);
#15588 = CIRCLE('',#15589,5.5499);
#15589 = AXIS2_PLACEMENT_2D('',#15590,#15591);
#15590 = CARTESIAN_POINT('',(0.,0.));
#15591 = DIRECTION('',(1.,0.));
#15592 = ( GEOMETRIC_REPRESENTATION_CONTEXT(2) 
PARAMETRIC_REPRESENTATION_CONTEXT() REPRESENTATION_CONTEXT('2D SPACE',''
  ) );
#15593 = ORIENTED_EDGE('',*,*,#15594,.F.);
#15594 = EDGE_CURVE('',#15595,#15562,#15597,.T.);
#15595 = VERTEX_POINT('',#15596);
#15596 = CARTESIAN_POINT('',(120.65,-3.3528,11.8999));
#15597 = SEAM_CURVE('',#15598,(#15602,#15608),.PCURVE_S1.);
#15598 = LINE('',#15599,#15600);
#15599 = CARTESIAN_POINT('',(120.65,-3.3528,11.8999));
#15600 = VECTOR('',#15601,1.);
#15601 = DIRECTION('',(0.,1.,0.));
#15602 = PCURVE('',#15571,#15603);
#15603 = DEFINITIONAL_REPRESENTATION('',(#15604),#15607);
#15604 = B_SPLINE_CURVE_WITH_KNOTS('',1,(#15605,#15606),.UNSPECIFIED.,
  .F.,.F.,(2,2),(0.,3.3528),.PIECEWISE_BEZIER_KNOTS.);
#15605 = CARTESIAN_POINT('',(6.28318530718,0.));
#15606 = CARTESIAN_POINT('',(6.28318530718,3.3528));
#15607 = ( GEOMETRIC_REPRESENTATION_CONTEXT(2) 
PARAMETRIC_REPRESENTATION_CONTEXT() REPRESENTATION_CONTEXT('2D SPACE',''
  ) );
#15608 = PCURVE('',#15571,#15609);
#15609 = DEFINITIONAL_REPRESENTATION('',(#15610),#15613);
#15610 = B_SPLINE_CURVE_WITH_KNOTS('',1,(#15611,#15612),.UNSPECIFIED.,
  .F.,.F.,(2,2),(0.,3.3528),.PIECEWISE_BEZIER_KNOTS.);
#15611 = CARTESIAN_POINT('',(0.,0.));
#15612 = CARTESIAN_POINT('',(0.,3.3528));
#15613 = ( GEOMETRIC_REPRESENTATION_CONTEXT(2) 
PARAMETRIC_REPRESENTATION_CONTEXT() REPRESENTATION_CONTEXT('2D SPACE',''
  ) );
#15614 = ORIENTED_EDGE('',*,*,#15615,.T.);
#15615 = EDGE_CURVE('',#15595,#15595,#15616,.T.);
#15616 = SURFACE_CURVE('',#15617,(#15622,#15628),.PCURVE_S1.);
#15617 = CIRCLE('',#15618,5.5499);
#15618 = AXIS2_PLACEMENT_3D('',#15619,#15620,#15621);
#15619 = CARTESIAN_POINT('',(120.65,-3.3528,6.35));
#15620 = DIRECTION('',(0.,1.,0.));
#15621 = DIRECTION('',(0.,0.,1.));
#15622 = PCURVE('',#15571,#15623);
#15623 = DEFINITIONAL_REPRESENTATION('',(#15624),#15627);
#15624 = B_SPLINE_CURVE_WITH_KNOTS('',1,(#15625,#15626),.UNSPECIFIED.,
  .F.,.F.,(2,2),(0.,6.28318530718),.PIECEWISE_BEZIER_KNOTS.);
#15625 = CARTESIAN_POINT('',(0.,0.));
#15626 = CARTESIAN_POINT('',(6.28318530718,0.));
#15627 = ( GEOMETRIC_REPRESENTATION_CONTEXT(2) 
PARAMETRIC_REPRESENTATION_CONTEXT() REPRESENTATION_CONTEXT('2D SPACE',''
  ) );
#15628 = PCURVE('',#15629,#15634);
#15629 = PLANE('',#15630);
#15630 = AXIS2_PLACEMENT_3D('',#15631,#15632,#15633);
#15631 = CARTESIAN_POINT('',(120.65,-3.3528,6.35));
#15632 = DIRECTION('',(0.,1.,0.));
#15633 = DIRECTION('',(0.,0.,1.));
#15634 = DEFINITIONAL_REPRESENTATION('',(#15635),#15639);
#15635 = CIRCLE('',#15636,5.5499);
#15636 = AXIS2_PLACEMENT_2D('',#15637,#15638);
#15637 = CARTESIAN_POINT('',(0.,0.));
#15638 = DIRECTION('',(1.,0.));
#15639 = ( GEOMETRIC_REPRESENTATION_CONTEXT(2) 
PARAMETRIC_REPRESENTATION_CONTEXT() REPRESENTATION_CONTEXT('2D SPACE',''
  ) );
#15640 = ORIENTED_EDGE('',*,*,#15594,.T.);
#15641 = ADVANCED_FACE('',(#15642,#15645),#15582,.T.);
#15642 = FACE_BOUND('',#15643,.T.);
#15643 = EDGE_LOOP('',(#15644));
#15644 = ORIENTED_EDGE('',*,*,#15561,.T.);
#15645 = FACE_BOUND('',#15646,.T.);
#15646 = EDGE_LOOP('',(#15647));
#15647 = ORIENTED_EDGE('',*,*,#15648,.F.);
#15648 = EDGE_CURVE('',#15649,#15649,#15651,.T.);
#15649 = VERTEX_POINT('',#15650);
#15650 = CARTESIAN_POINT('',(120.65,0.,9.525));
#15651 = SURFACE_CURVE('',#15652,(#15657,#15664),.PCURVE_S1.);
#15652 = CIRCLE('',#15653,3.175);
#15653 = AXIS2_PLACEMENT_3D('',#15654,#15655,#15656);
#15654 = CARTESIAN_POINT('',(120.65,0.,6.35));
#15655 = DIRECTION('',(0.,1.,0.));
#15656 = DIRECTION('',(0.,0.,1.));
#15657 = PCURVE('',#15582,#15658);
#15658 = DEFINITIONAL_REPRESENTATION('',(#15659),#15663);
#15659 = CIRCLE('',#15660,3.175);
#15660 = AXIS2_PLACEMENT_2D('',#15661,#15662);
#15661 = CARTESIAN_POINT('',(0.,0.));
#15662 = DIRECTION('',(1.,0.));
#15663 = ( GEOMETRIC_REPRESENTATION_CONTEXT(2) 
PARAMETRIC_REPRESENTATION_CONTEXT() REPRESENTATION_CONTEXT('2D SPACE',''
  ) );
#15664 = PCURVE('',#15665,#15670);
#15665 = CYLINDRICAL_SURFACE('',#15666,3.175);
#15666 = AXIS2_PLACEMENT_3D('',#15667,#15668,#15669);
#15667 = CARTESIAN_POINT('',(120.65,0.,6.35));
#15668 = DIRECTION('',(0.,1.,0.));
#15669 = DIRECTION('',(0.,0.,1.));
#15670 = DEFINITIONAL_REPRESENTATION('',(#15671),#15674);
#15671 = B_SPLINE_CURVE_WITH_KNOTS('',1,(#15672,#15673),.UNSPECIFIED.,
  .F.,.F.,(2,2),(0.,6.28318530718),.PIECEWISE_BEZIER_KNOTS.);
#15672 = CARTESIAN_POINT('',(0.,0.));
#15673 = CARTESIAN_POINT('',(6.28318530718,0.));
#15674 = ( GEOMETRIC_REPRESENTATION_CONTEXT(2) 
PARAMETRIC_REPRESENTATION_CONTEXT() REPRESENTATION_CONTEXT('2D SPACE',''
  ) );
#15675 = ADVANCED_FACE('',(#15676),#15629,.F.);
#15676 = FACE_BOUND('',#15677,.T.);
#15677 = EDGE_LOOP('',(#15678));
#15678 = ORIENTED_EDGE('',*,*,#15615,.F.);
#15679 = ADVANCED_FACE('',(#15680),#15665,.T.);
#15680 = FACE_BOUND('',#15681,.T.);
#15681 = EDGE_LOOP('',(#15682,#15710,#15729,#15730));
#15682 = ORIENTED_EDGE('',*,*,#15683,.F.);
#15683 = EDGE_CURVE('',#15684,#15684,#15686,.T.);
#15684 = VERTEX_POINT('',#15685);
#15685 = CARTESIAN_POINT('',(120.65,50.8,9.525));
#15686 = SURFACE_CURVE('',#15687,(#15692,#15698),.PCURVE_S1.);
#15687 = CIRCLE('',#15688,3.175);
#15688 = AXIS2_PLACEMENT_3D('',#15689,#15690,#15691);
#15689 = CARTESIAN_POINT('',(120.65,50.8,6.35));
#15690 = DIRECTION('',(0.,1.,0.));
#15691 = DIRECTION('',(0.,0.,1.));
#15692 = PCURVE('',#15665,#15693);
#15693 = DEFINITIONAL_REPRESENTATION('',(#15694),#15697);
#15694 = B_SPLINE_CURVE_WITH_KNOTS('',1,(#15695,#15696),.UNSPECIFIED.,
  .F.,.F.,(2,2),(0.,6.28318530718),.PIECEWISE_BEZIER_KNOTS.);
#15695 = CARTESIAN_POINT('',(0.,50.8));
#15696 = CARTESIAN_POINT('',(6.28318530718,50.8));
#15697 = ( GEOMETRIC_REPRESENTATION_CONTEXT(2) 
PARAMETRIC_REPRESENTATION_CONTEXT() REPRESENTATION_CONTEXT('2D SPACE',''
  ) );
#15698 = PCURVE('',#15699,#15704);
#15699 = PLANE('',#15700);
#15700 = AXIS2_PLACEMENT_3D('',#15701,#15702,#15703);
#15701 = CARTESIAN_POINT('',(120.65,50.8,6.35));
#15702 = DIRECTION('',(0.,1.,0.));
#15703 = DIRECTION('',(0.,0.,1.));
#15704 = DEFINITIONAL_REPRESENTATION('',(#15705),#15709);
#15705 = CIRCLE('',#15706,3.175);
#15706 = AXIS2_PLACEMENT_2D('',#15707,#15708);
#15707 = CARTESIAN_POINT('',(0.,0.));
#15708 = DIRECTION('',(1.,0.));
#15709 = ( GEOMETRIC_REPRESENTATION_CONTEXT(2) 
PARAMETRIC_REPRESENTATION_CONTEXT() REPRESENTATION_CONTEXT('2D SPACE',''
  ) );
#15710 = ORIENTED_EDGE('',*,*,#15711,.F.);
#15711 = EDGE_CURVE('',#15649,#15684,#15712,.T.);
#15712 = SEAM_CURVE('',#15713,(#15717,#15723),.PCURVE_S1.);
#15713 = LINE('',#15714,#15715);
#15714 = CARTESIAN_POINT('',(120.65,0.,9.525));
#15715 = VECTOR('',#15716,1.);
#15716 = DIRECTION('',(0.,1.,0.));
#15717 = PCURVE('',#15665,#15718);
#15718 = DEFINITIONAL_REPRESENTATION('',(#15719),#15722);
#15719 = B_SPLINE_CURVE_WITH_KNOTS('',1,(#15720,#15721),.UNSPECIFIED.,
  .F.,.F.,(2,2),(0.,50.8),.PIECEWISE_BEZIER_KNOTS.);
#15720 = CARTESIAN_POINT('',(6.28318530718,0.));
#15721 = CARTESIAN_POINT('',(6.28318530718,50.8));
#15722 = ( GEOMETRIC_REPRESENTATION_CONTEXT(2) 
PARAMETRIC_REPRESENTATION_CONTEXT() REPRESENTATION_CONTEXT('2D SPACE',''
  ) );
#15723 = PCURVE('',#15665,#15724);
#15724 = DEFINITIONAL_REPRESENTATION('',(#15725),#15728);
#15725 = B_SPLINE_CURVE_WITH_KNOTS('',1,(#15726,#15727),.UNSPECIFIED.,
  .F.,.F.,(2,2),(0.,50.8),.PIECEWISE_BEZIER_KNOTS.);
#15726 = CARTESIAN_POINT('',(0.,0.));
#15727 = CARTESIAN_POINT('',(0.,50.8));
#15728 = ( GEOMETRIC_REPRESENTATION_CONTEXT(2) 
PARAMETRIC_REPRESENTATION_CONTEXT() REPRESENTATION_CONTEXT('2D SPACE',''
  ) );
#15729 = ORIENTED_EDGE('',*,*,#15648,.T.);
#15730 = ORIENTED_EDGE('',*,*,#15711,.T.);
#15731 = ADVANCED_FACE('',(#15732),#15699,.T.);
#15732 = FACE_BOUND('',#15733,.T.);
#15733 = EDGE_LOOP('',(#15734));
#15734 = ORIENTED_EDGE('',*,*,#15683,.T.);
#15735 = MANIFOLD_SOLID_BREP('',#15736);
#15736 = CLOSED_SHELL('',(#15737,#15821,#15855,#15859,#15911));
#15737 = ADVANCED_FACE('',(#15738),#15751,.T.);
#15738 = FACE_BOUND('',#15739,.T.);
#15739 = EDGE_LOOP('',(#15740,#15773,#15794,#15820));
#15740 = ORIENTED_EDGE('',*,*,#15741,.F.);
#15741 = EDGE_CURVE('',#15742,#15742,#15744,.T.);
#15742 = VERTEX_POINT('',#15743);
#15743 = CARTESIAN_POINT('',(190.5,0.,11.8999));
#15744 = SURFACE_CURVE('',#15745,(#15750,#15761),.PCURVE_S1.);
#15745 = CIRCLE('',#15746,5.5499);
#15746 = AXIS2_PLACEMENT_3D('',#15747,#15748,#15749);
#15747 = CARTESIAN_POINT('',(190.5,1.110223024625E-16,6.35));
#15748 = DIRECTION('',(0.,1.,0.));
#15749 = DIRECTION('',(0.,0.,1.));
#15750 = PCURVE('',#15751,#15756);
#15751 = CYLINDRICAL_SURFACE('',#15752,5.5499);
#15752 = AXIS2_PLACEMENT_3D('',#15753,#15754,#15755);
#15753 = CARTESIAN_POINT('',(190.5,-3.3528,6.35));
#15754 = DIRECTION('',(0.,1.,0.));
#15755 = DIRECTION('',(0.,0.,1.));
#15756 = DEFINITIONAL_REPRESENTATION('',(#15757),#15760);
#15757 = B_SPLINE_CURVE_WITH_KNOTS('',1,(#15758,#15759),.UNSPECIFIED.,
  .F.,.F.,(2,2),(0.,6.28318530718),.PIECEWISE_BEZIER_KNOTS.);
#15758 = CARTESIAN_POINT('',(0.,3.3528));
#15759 = CARTESIAN_POINT('',(6.28318530718,3.3528));
#15760 = ( GEOMETRIC_REPRESENTATION_CONTEXT(2) 
PARAMETRIC_REPRESENTATION_CONTEXT() REPRESENTATION_CONTEXT('2D SPACE',''
  ) );
#15761 = PCURVE('',#15762,#15767);
#15762 = PLANE('',#15763);
#15763 = AXIS2_PLACEMENT_3D('',#15764,#15765,#15766);
#15764 = CARTESIAN_POINT('',(190.5,1.110223024625E-16,6.35));
#15765 = DIRECTION('',(0.,1.,0.));
#15766 = DIRECTION('',(0.,0.,1.));
#15767 = DEFINITIONAL_REPRESENTATION('',(#15768),#15772);
#15768 = CIRCLE('',#15769,5.5499);
#15769 = AXIS2_PLACEMENT_2D('',#15770,#15771);
#15770 = CARTESIAN_POINT('',(0.,0.));
#15771 = DIRECTION('',(1.,0.));
#15772 = ( GEOMETRIC_REPRESENTATION_CONTEXT(2) 
PARAMETRIC_REPRESENTATION_CONTEXT() REPRESENTATION_CONTEXT('2D SPACE',''
  ) );
#15773 = ORIENTED_EDGE('',*,*,#15774,.F.);
#15774 = EDGE_CURVE('',#15775,#15742,#15777,.T.);
#15775 = VERTEX_POINT('',#15776);
#15776 = CARTESIAN_POINT('',(190.5,-3.3528,11.8999));
#15777 = SEAM_CURVE('',#15778,(#15782,#15788),.PCURVE_S1.);
#15778 = LINE('',#15779,#15780);
#15779 = CARTESIAN_POINT('',(190.5,-3.3528,11.8999));
#15780 = VECTOR('',#15781,1.);
#15781 = DIRECTION('',(0.,1.,0.));
#15782 = PCURVE('',#15751,#15783);
#15783 = DEFINITIONAL_REPRESENTATION('',(#15784),#15787);
#15784 = B_SPLINE_CURVE_WITH_KNOTS('',1,(#15785,#15786),.UNSPECIFIED.,
  .F.,.F.,(2,2),(0.,3.3528),.PIECEWISE_BEZIER_KNOTS.);
#15785 = CARTESIAN_POINT('',(6.28318530718,0.));
#15786 = CARTESIAN_POINT('',(6.28318530718,3.3528));
#15787 = ( GEOMETRIC_REPRESENTATION_CONTEXT(2) 
PARAMETRIC_REPRESENTATION_CONTEXT() REPRESENTATION_CONTEXT('2D SPACE',''
  ) );
#15788 = PCURVE('',#15751,#15789);
#15789 = DEFINITIONAL_REPRESENTATION('',(#15790),#15793);
#15790 = B_SPLINE_CURVE_WITH_KNOTS('',1,(#15791,#15792),.UNSPECIFIED.,
  .F.,.F.,(2,2),(0.,3.3528),.PIECEWISE_BEZIER_KNOTS.);
#15791 = CARTESIAN_POINT('',(0.,0.));
#15792 = CARTESIAN_POINT('',(0.,3.3528));
#15793 = ( GEOMETRIC_REPRESENTATION_CONTEXT(2) 
PARAMETRIC_REPRESENTATION_CONTEXT() REPRESENTATION_CONTEXT('2D SPACE',''
  ) );
#15794 = ORIENTED_EDGE('',*,*,#15795,.T.);
#15795 = EDGE_CURVE('',#15775,#15775,#15796,.T.);
#15796 = SURFACE_CURVE('',#15797,(#15802,#15808),.PCURVE_S1.);
#15797 = CIRCLE('',#15798,5.5499);
#15798 = AXIS2_PLACEMENT_3D('',#15799,#15800,#15801);
#15799 = CARTESIAN_POINT('',(190.5,-3.3528,6.35));
#15800 = DIRECTION('',(0.,1.,0.));
#15801 = DIRECTION('',(0.,0.,1.));
#15802 = PCURVE('',#15751,#15803);
#15803 = DEFINITIONAL_REPRESENTATION('',(#15804),#15807);
#15804 = B_SPLINE_CURVE_WITH_KNOTS('',1,(#15805,#15806),.UNSPECIFIED.,
  .F.,.F.,(2,2),(0.,6.28318530718),.PIECEWISE_BEZIER_KNOTS.);
#15805 = CARTESIAN_POINT('',(0.,0.));
#15806 = CARTESIAN_POINT('',(6.28318530718,0.));
#15807 = ( GEOMETRIC_REPRESENTATION_CONTEXT(2) 
PARAMETRIC_REPRESENTATION_CONTEXT() REPRESENTATION_CONTEXT('2D SPACE',''
  ) );
#15808 = PCURVE('',#15809,#15814);
#15809 = PLANE('',#15810);
#15810 = AXIS2_PLACEMENT_3D('',#15811,#15812,#15813);
#15811 = CARTESIAN_POINT('',(190.5,-3.3528,6.35));
#15812 = DIRECTION('',(0.,1.,0.));
#15813 = DIRECTION('',(0.,0.,1.));
#15814 = DEFINITIONAL_REPRESENTATION('',(#15815),#15819);
#15815 = CIRCLE('',#15816,5.5499);
#15816 = AXIS2_PLACEMENT_2D('',#15817,#15818);
#15817 = CARTESIAN_POINT('',(0.,0.));
#15818 = DIRECTION('',(1.,0.));
#15819 = ( GEOMETRIC_REPRESENTATION_CONTEXT(2) 
PARAMETRIC_REPRESENTATION_CONTEXT() REPRESENTATION_CONTEXT('2D SPACE',''
  ) );
#15820 = ORIENTED_EDGE('',*,*,#15774,.T.);
#15821 = ADVANCED_FACE('',(#15822,#15825),#15762,.T.);
#15822 = FACE_BOUND('',#15823,.T.);
#15823 = EDGE_LOOP('',(#15824));
#15824 = ORIENTED_EDGE('',*,*,#15741,.T.);
#15825 = FACE_BOUND('',#15826,.T.);
#15826 = EDGE_LOOP('',(#15827));
#15827 = ORIENTED_EDGE('',*,*,#15828,.F.);
#15828 = EDGE_CURVE('',#15829,#15829,#15831,.T.);
#15829 = VERTEX_POINT('',#15830);
#15830 = CARTESIAN_POINT('',(190.5,0.,9.525));
#15831 = SURFACE_CURVE('',#15832,(#15837,#15844),.PCURVE_S1.);
#15832 = CIRCLE('',#15833,3.175);
#15833 = AXIS2_PLACEMENT_3D('',#15834,#15835,#15836);
#15834 = CARTESIAN_POINT('',(190.5,0.,6.35));
#15835 = DIRECTION('',(0.,1.,0.));
#15836 = DIRECTION('',(0.,0.,1.));
#15837 = PCURVE('',#15762,#15838);
#15838 = DEFINITIONAL_REPRESENTATION('',(#15839),#15843);
#15839 = CIRCLE('',#15840,3.175);
#15840 = AXIS2_PLACEMENT_2D('',#15841,#15842);
#15841 = CARTESIAN_POINT('',(0.,0.));
#15842 = DIRECTION('',(1.,0.));
#15843 = ( GEOMETRIC_REPRESENTATION_CONTEXT(2) 
PARAMETRIC_REPRESENTATION_CONTEXT() REPRESENTATION_CONTEXT('2D SPACE',''
  ) );
#15844 = PCURVE('',#15845,#15850);
#15845 = CYLINDRICAL_SURFACE('',#15846,3.175);
#15846 = AXIS2_PLACEMENT_3D('',#15847,#15848,#15849);
#15847 = CARTESIAN_POINT('',(190.5,0.,6.35));
#15848 = DIRECTION('',(0.,1.,0.));
#15849 = DIRECTION('',(0.,0.,1.));
#15850 = DEFINITIONAL_REPRESENTATION('',(#15851),#15854);
#15851 = B_SPLINE_CURVE_WITH_KNOTS('',1,(#15852,#15853),.UNSPECIFIED.,
  .F.,.F.,(2,2),(0.,6.28318530718),.PIECEWISE_BEZIER_KNOTS.);
#15852 = CARTESIAN_POINT('',(0.,0.));
#15853 = CARTESIAN_POINT('',(6.28318530718,0.));
#15854 = ( GEOMETRIC_REPRESENTATION_CONTEXT(2) 
PARAMETRIC_REPRESENTATION_CONTEXT() REPRESENTATION_CONTEXT('2D SPACE',''
  ) );
#15855 = ADVANCED_FACE('',(#15856),#15809,.F.);
#15856 = FACE_BOUND('',#15857,.T.);
#15857 = EDGE_LOOP('',(#15858));
#15858 = ORIENTED_EDGE('',*,*,#15795,.F.);
#15859 = ADVANCED_FACE('',(#15860),#15845,.T.);
#15860 = FACE_BOUND('',#15861,.T.);
#15861 = EDGE_LOOP('',(#15862,#15890,#15909,#15910));
#15862 = ORIENTED_EDGE('',*,*,#15863,.F.);
#15863 = EDGE_CURVE('',#15864,#15864,#15866,.T.);
#15864 = VERTEX_POINT('',#15865);
#15865 = CARTESIAN_POINT('',(190.5,50.8,9.525));
#15866 = SURFACE_CURVE('',#15867,(#15872,#15878),.PCURVE_S1.);
#15867 = CIRCLE('',#15868,3.175);
#15868 = AXIS2_PLACEMENT_3D('',#15869,#15870,#15871);
#15869 = CARTESIAN_POINT('',(190.5,50.8,6.35));
#15870 = DIRECTION('',(0.,1.,0.));
#15871 = DIRECTION('',(0.,0.,1.));
#15872 = PCURVE('',#15845,#15873);
#15873 = DEFINITIONAL_REPRESENTATION('',(#15874),#15877);
#15874 = B_SPLINE_CURVE_WITH_KNOTS('',1,(#15875,#15876),.UNSPECIFIED.,
  .F.,.F.,(2,2),(0.,6.28318530718),.PIECEWISE_BEZIER_KNOTS.);
#15875 = CARTESIAN_POINT('',(0.,50.8));
#15876 = CARTESIAN_POINT('',(6.28318530718,50.8));
#15877 = ( GEOMETRIC_REPRESENTATION_CONTEXT(2) 
PARAMETRIC_REPRESENTATION_CONTEXT() REPRESENTATION_CONTEXT('2D SPACE',''
  ) );
#15878 = PCURVE('',#15879,#15884);
#15879 = PLANE('',#15880);
#15880 = AXIS2_PLACEMENT_3D('',#15881,#15882,#15883);
#15881 = CARTESIAN_POINT('',(190.5,50.8,6.35));
#15882 = DIRECTION('',(0.,1.,0.));
#15883 = DIRECTION('',(0.,0.,1.));
#15884 = DEFINITIONAL_REPRESENTATION('',(#15885),#15889);
#15885 = CIRCLE('',#15886,3.175);
#15886 = AXIS2_PLACEMENT_2D('',#15887,#15888);
#15887 = CARTESIAN_POINT('',(0.,0.));
#15888 = DIRECTION('',(1.,0.));
#15889 = ( GEOMETRIC_REPRESENTATION_CONTEXT(2) 
PARAMETRIC_REPRESENTATION_CONTEXT() REPRESENTATION_CONTEXT('2D SPACE',''
  ) );
#15890 = ORIENTED_EDGE('',*,*,#15891,.F.);
#15891 = EDGE_CURVE('',#15829,#15864,#15892,.T.);
#15892 = SEAM_CURVE('',#15893,(#15897,#15903),.PCURVE_S1.);
#15893 = LINE('',#15894,#15895);
#15894 = CARTESIAN_POINT('',(190.5,0.,9.525));
#15895 = VECTOR('',#15896,1.);
#15896 = DIRECTION('',(0.,1.,0.));
#15897 = PCURVE('',#15845,#15898);
#15898 = DEFINITIONAL_REPRESENTATION('',(#15899),#15902);
#15899 = B_SPLINE_CURVE_WITH_KNOTS('',1,(#15900,#15901),.UNSPECIFIED.,
  .F.,.F.,(2,2),(0.,50.8),.PIECEWISE_BEZIER_KNOTS.);
#15900 = CARTESIAN_POINT('',(6.28318530718,0.));
#15901 = CARTESIAN_POINT('',(6.28318530718,50.8));
#15902 = ( GEOMETRIC_REPRESENTATION_CONTEXT(2) 
PARAMETRIC_REPRESENTATION_CONTEXT() REPRESENTATION_CONTEXT('2D SPACE',''
  ) );
#15903 = PCURVE('',#15845,#15904);
#15904 = DEFINITIONAL_REPRESENTATION('',(#15905),#15908);
#15905 = B_SPLINE_CURVE_WITH_KNOTS('',1,(#15906,#15907),.UNSPECIFIED.,
  .F.,.F.,(2,2),(0.,50.8),.PIECEWISE_BEZIER_KNOTS.);
#15906 = CARTESIAN_POINT('',(0.,0.));
#15907 = CARTESIAN_POINT('',(0.,50.8));
#15908 = ( GEOMETRIC_REPRESENTATION_CONTEXT(2) 
PARAMETRIC_REPRESENTATION_CONTEXT() REPRESENTATION_CONTEXT('2D SPACE',''
  ) );
#15909 = ORIENTED_EDGE('',*,*,#15828,.T.);
#15910 = ORIENTED_EDGE('',*,*,#15891,.T.);
#15911 = ADVANCED_FACE('',(#15912),#15879,.T.);
#15912 = FACE_BOUND('',#15913,.T.);
#15913 = EDGE_LOOP('',(#15914));
#15914 = ORIENTED_EDGE('',*,*,#15863,.T.);
#15915 = MANIFOLD_SOLID_BREP('',#15916);
#15916 = CLOSED_SHELL('',(#15917,#16037,#16137,#16184,#16231,#16238));
#15917 = ADVANCED_FACE('',(#15918),#15932,.F.);
#15918 = FACE_BOUND('',#15919,.F.);
#15919 = EDGE_LOOP('',(#15920,#15955,#15983,#16011));
#15920 = ORIENTED_EDGE('',*,*,#15921,.F.);
#15921 = EDGE_CURVE('',#15922,#15924,#15926,.T.);
#15922 = VERTEX_POINT('',#15923);
#15923 = CARTESIAN_POINT('',(88.9,12.7,12.7));
#15924 = VERTEX_POINT('',#15925);
#15925 = CARTESIAN_POINT('',(88.9,12.7,88.9));
#15926 = SURFACE_CURVE('',#15927,(#15931,#15943),.PCURVE_S1.);
#15927 = LINE('',#15928,#15929);
#15928 = CARTESIAN_POINT('',(88.9,12.7,12.7));
#15929 = VECTOR('',#15930,1.);
#15930 = DIRECTION('',(0.,0.,1.));
#15931 = PCURVE('',#15932,#15937);
#15932 = PLANE('',#15933);
#15933 = AXIS2_PLACEMENT_3D('',#15934,#15935,#15936);
#15934 = CARTESIAN_POINT('',(88.9,12.7,12.7));
#15935 = DIRECTION('',(1.,0.,-0.));
#15936 = DIRECTION('',(0.,0.,1.));
#15937 = DEFINITIONAL_REPRESENTATION('',(#15938),#15942);
#15938 = LINE('',#15939,#15940);
#15939 = CARTESIAN_POINT('',(0.,0.));
#15940 = VECTOR('',#15941,1.);
#15941 = DIRECTION('',(1.,0.));
#15942 = ( GEOMETRIC_REPRESENTATION_CONTEXT(2) 
PARAMETRIC_REPRESENTATION_CONTEXT() REPRESENTATION_CONTEXT('2D SPACE',''
  ) );
#15943 = PCURVE('',#15944,#15949);
#15944 = PLANE('',#15945);
#15945 = AXIS2_PLACEMENT_3D('',#15946,#15947,#15948);
#15946 = CARTESIAN_POINT('',(88.9,12.7,12.7));
#15947 = DIRECTION('',(-0.,1.,0.));
#15948 = DIRECTION('',(0.,0.,1.));
#15949 = DEFINITIONAL_REPRESENTATION('',(#15950),#15954);
#15950 = LINE('',#15951,#15952);
#15951 = CARTESIAN_POINT('',(0.,0.));
#15952 = VECTOR('',#15953,1.);
#15953 = DIRECTION('',(1.,0.));
#15954 = ( GEOMETRIC_REPRESENTATION_CONTEXT(2) 
PARAMETRIC_REPRESENTATION_CONTEXT() REPRESENTATION_CONTEXT('2D SPACE',''
  ) );
#15955 = ORIENTED_EDGE('',*,*,#15956,.T.);
#15956 = EDGE_CURVE('',#15922,#15957,#15959,.T.);
#15957 = VERTEX_POINT('',#15958);
#15958 = CARTESIAN_POINT('',(88.9,88.9,12.7));
#15959 = SURFACE_CURVE('',#15960,(#15964,#15971),.PCURVE_S1.);
#15960 = LINE('',#15961,#15962);
#15961 = CARTESIAN_POINT('',(88.9,12.7,12.7));
#15962 = VECTOR('',#15963,1.);
#15963 = DIRECTION('',(-0.,1.,0.));
#15964 = PCURVE('',#15932,#15965);
#15965 = DEFINITIONAL_REPRESENTATION('',(#15966),#15970);
#15966 = LINE('',#15967,#15968);
#15967 = CARTESIAN_POINT('',(0.,0.));
#15968 = VECTOR('',#15969,1.);
#15969 = DIRECTION('',(0.,-1.));
#15970 = ( GEOMETRIC_REPRESENTATION_CONTEXT(2) 
PARAMETRIC_REPRESENTATION_CONTEXT() REPRESENTATION_CONTEXT('2D SPACE',''
  ) );
#15971 = PCURVE('',#15972,#15977);
#15972 = PLANE('',#15973);
#15973 = AXIS2_PLACEMENT_3D('',#15974,#15975,#15976);
#15974 = CARTESIAN_POINT('',(88.9,12.7,12.7));
#15975 = DIRECTION('',(0.,0.,1.));
#15976 = DIRECTION('',(1.,0.,-0.));
#15977 = DEFINITIONAL_REPRESENTATION('',(#15978),#15982);
#15978 = LINE('',#15979,#15980);
#15979 = CARTESIAN_POINT('',(0.,0.));
#15980 = VECTOR('',#15981,1.);
#15981 = DIRECTION('',(0.,1.));
#15982 = ( GEOMETRIC_REPRESENTATION_CONTEXT(2) 
PARAMETRIC_REPRESENTATION_CONTEXT() REPRESENTATION_CONTEXT('2D SPACE',''
  ) );
#15983 = ORIENTED_EDGE('',*,*,#15984,.T.);
#15984 = EDGE_CURVE('',#15957,#15985,#15987,.T.);
#15985 = VERTEX_POINT('',#15986);
#15986 = CARTESIAN_POINT('',(88.9,88.9,88.9));
#15987 = SURFACE_CURVE('',#15988,(#15992,#15999),.PCURVE_S1.);
#15988 = LINE('',#15989,#15990);
#15989 = CARTESIAN_POINT('',(88.9,88.9,12.7));
#15990 = VECTOR('',#15991,1.);
#15991 = DIRECTION('',(0.,0.,1.));
#15992 = PCURVE('',#15932,#15993);
#15993 = DEFINITIONAL_REPRESENTATION('',(#15994),#15998);
#15994 = LINE('',#15995,#15996);
#15995 = CARTESIAN_POINT('',(0.,-76.2));
#15996 = VECTOR('',#15997,1.);
#15997 = DIRECTION('',(1.,0.));
#15998 = ( GEOMETRIC_REPRESENTATION_CONTEXT(2) 
PARAMETRIC_REPRESENTATION_CONTEXT() REPRESENTATION_CONTEXT('2D SPACE',''
  ) );
#15999 = PCURVE('',#16000,#16005);
#16000 = PLANE('',#16001);
#16001 = AXIS2_PLACEMENT_3D('',#16002,#16003,#16004);
#16002 = CARTESIAN_POINT('',(88.9,88.9,12.7));
#16003 = DIRECTION('',(-0.,1.,0.));
#16004 = DIRECTION('',(0.,0.,1.));
#16005 = DEFINITIONAL_REPRESENTATION('',(#16006),#16010);
#16006 = LINE('',#16007,#16008);
#16007 = CARTESIAN_POINT('',(0.,0.));
#16008 = VECTOR('',#16009,1.);
#16009 = DIRECTION('',(1.,0.));
#16010 = ( GEOMETRIC_REPRESENTATION_CONTEXT(2) 
PARAMETRIC_REPRESENTATION_CONTEXT() REPRESENTATION_CONTEXT('2D SPACE',''
  ) );
#16011 = ORIENTED_EDGE('',*,*,#16012,.F.);
#16012 = EDGE_CURVE('',#15924,#15985,#16013,.T.);
#16013 = SURFACE_CURVE('',#16014,(#16018,#16025),.PCURVE_S1.);
#16014 = LINE('',#16015,#16016);
#16015 = CARTESIAN_POINT('',(88.9,12.7,88.9));
#16016 = VECTOR('',#16017,1.);
#16017 = DIRECTION('',(-0.,1.,0.));
#16018 = PCURVE('',#15932,#16019);
#16019 = DEFINITIONAL_REPRESENTATION('',(#16020),#16024);
#16020 = LINE('',#16021,#16022);
#16021 = CARTESIAN_POINT('',(76.2,0.));
#16022 = VECTOR('',#16023,1.);
#16023 = DIRECTION('',(0.,-1.));
#16024 = ( GEOMETRIC_REPRESENTATION_CONTEXT(2) 
PARAMETRIC_REPRESENTATION_CONTEXT() REPRESENTATION_CONTEXT('2D SPACE',''
  ) );
#16025 = PCURVE('',#16026,#16031);
#16026 = PLANE('',#16027);
#16027 = AXIS2_PLACEMENT_3D('',#16028,#16029,#16030);
#16028 = CARTESIAN_POINT('',(88.9,12.7,88.9));
#16029 = DIRECTION('',(0.,0.,1.));
#16030 = DIRECTION('',(1.,0.,-0.));
#16031 = DEFINITIONAL_REPRESENTATION('',(#16032),#16036);
#16032 = LINE('',#16033,#16034);
#16033 = CARTESIAN_POINT('',(0.,0.));
#16034 = VECTOR('',#16035,1.);
#16035 = DIRECTION('',(0.,1.));
#16036 = ( GEOMETRIC_REPRESENTATION_CONTEXT(2) 
PARAMETRIC_REPRESENTATION_CONTEXT() REPRESENTATION_CONTEXT('2D SPACE',''
  ) );
#16037 = ADVANCED_FACE('',(#16038),#16052,.T.);
#16038 = FACE_BOUND('',#16039,.T.);
#16039 = EDGE_LOOP('',(#16040,#16070,#16093,#16116));
#16040 = ORIENTED_EDGE('',*,*,#16041,.F.);
#16041 = EDGE_CURVE('',#16042,#16044,#16046,.T.);
#16042 = VERTEX_POINT('',#16043);
#16043 = CARTESIAN_POINT('',(228.6,12.7,12.7));
#16044 = VERTEX_POINT('',#16045);
#16045 = CARTESIAN_POINT('',(228.6,12.7,88.9));
#16046 = SURFACE_CURVE('',#16047,(#16051,#16063),.PCURVE_S1.);
#16047 = LINE('',#16048,#16049);
#16048 = CARTESIAN_POINT('',(228.6,12.7,12.7));
#16049 = VECTOR('',#16050,1.);
#16050 = DIRECTION('',(0.,0.,1.));
#16051 = PCURVE('',#16052,#16057);
#16052 = PLANE('',#16053);
#16053 = AXIS2_PLACEMENT_3D('',#16054,#16055,#16056);
#16054 = CARTESIAN_POINT('',(228.6,12.7,12.7));
#16055 = DIRECTION('',(1.,0.,-0.));
#16056 = DIRECTION('',(0.,0.,1.));
#16057 = DEFINITIONAL_REPRESENTATION('',(#16058),#16062);
#16058 = LINE('',#16059,#16060);
#16059 = CARTESIAN_POINT('',(0.,0.));
#16060 = VECTOR('',#16061,1.);
#16061 = DIRECTION('',(1.,0.));
#16062 = ( GEOMETRIC_REPRESENTATION_CONTEXT(2) 
PARAMETRIC_REPRESENTATION_CONTEXT() REPRESENTATION_CONTEXT('2D SPACE',''
  ) );
#16063 = PCURVE('',#15944,#16064);
#16064 = DEFINITIONAL_REPRESENTATION('',(#16065),#16069);
#16065 = LINE('',#16066,#16067);
#16066 = CARTESIAN_POINT('',(0.,139.7));
#16067 = VECTOR('',#16068,1.);
#16068 = DIRECTION('',(1.,0.));
#16069 = ( GEOMETRIC_REPRESENTATION_CONTEXT(2) 
PARAMETRIC_REPRESENTATION_CONTEXT() REPRESENTATION_CONTEXT('2D SPACE',''
  ) );
#16070 = ORIENTED_EDGE('',*,*,#16071,.T.);
#16071 = EDGE_CURVE('',#16042,#16072,#16074,.T.);
#16072 = VERTEX_POINT('',#16073);
#16073 = CARTESIAN_POINT('',(228.6,88.9,12.7));
#16074 = SURFACE_CURVE('',#16075,(#16079,#16086),.PCURVE_S1.);
#16075 = LINE('',#16076,#16077);
#16076 = CARTESIAN_POINT('',(228.6,12.7,12.7));
#16077 = VECTOR('',#16078,1.);
#16078 = DIRECTION('',(-0.,1.,0.));
#16079 = PCURVE('',#16052,#16080);
#16080 = DEFINITIONAL_REPRESENTATION('',(#16081),#16085);
#16081 = LINE('',#16082,#16083);
#16082 = CARTESIAN_POINT('',(0.,0.));
#16083 = VECTOR('',#16084,1.);
#16084 = DIRECTION('',(0.,-1.));
#16085 = ( GEOMETRIC_REPRESENTATION_CONTEXT(2) 
PARAMETRIC_REPRESENTATION_CONTEXT() REPRESENTATION_CONTEXT('2D SPACE',''
  ) );
#16086 = PCURVE('',#15972,#16087);
#16087 = DEFINITIONAL_REPRESENTATION('',(#16088),#16092);
#16088 = LINE('',#16089,#16090);
#16089 = CARTESIAN_POINT('',(139.7,0.));
#16090 = VECTOR('',#16091,1.);
#16091 = DIRECTION('',(0.,1.));
#16092 = ( GEOMETRIC_REPRESENTATION_CONTEXT(2) 
PARAMETRIC_REPRESENTATION_CONTEXT() REPRESENTATION_CONTEXT('2D SPACE',''
  ) );
#16093 = ORIENTED_EDGE('',*,*,#16094,.T.);
#16094 = EDGE_CURVE('',#16072,#16095,#16097,.T.);
#16095 = VERTEX_POINT('',#16096);
#16096 = CARTESIAN_POINT('',(228.6,88.9,88.9));
#16097 = SURFACE_CURVE('',#16098,(#16102,#16109),.PCURVE_S1.);
#16098 = LINE('',#16099,#16100);
#16099 = CARTESIAN_POINT('',(228.6,88.9,12.7));
#16100 = VECTOR('',#16101,1.);
#16101 = DIRECTION('',(0.,0.,1.));
#16102 = PCURVE('',#16052,#16103);
#16103 = DEFINITIONAL_REPRESENTATION('',(#16104),#16108);
#16104 = LINE('',#16105,#16106);
#16105 = CARTESIAN_POINT('',(0.,-76.2));
#16106 = VECTOR('',#16107,1.);
#16107 = DIRECTION('',(1.,0.));
#16108 = ( GEOMETRIC_REPRESENTATION_CONTEXT(2) 
PARAMETRIC_REPRESENTATION_CONTEXT() REPRESENTATION_CONTEXT('2D SPACE',''
  ) );
#16109 = PCURVE('',#16000,#16110);
#16110 = DEFINITIONAL_REPRESENTATION('',(#16111),#16115);
#16111 = LINE('',#16112,#16113);
#16112 = CARTESIAN_POINT('',(0.,139.7));
#16113 = VECTOR('',#16114,1.);
#16114 = DIRECTION('',(1.,0.));
#16115 = ( GEOMETRIC_REPRESENTATION_CONTEXT(2) 
PARAMETRIC_REPRESENTATION_CONTEXT() REPRESENTATION_CONTEXT('2D SPACE',''
  ) );
#16116 = ORIENTED_EDGE('',*,*,#16117,.F.);
#16117 = EDGE_CURVE('',#16044,#16095,#16118,.T.);
#16118 = SURFACE_CURVE('',#16119,(#16123,#16130),.PCURVE_S1.);
#16119 = LINE('',#16120,#16121);
#16120 = CARTESIAN_POINT('',(228.6,12.7,88.9));
#16121 = VECTOR('',#16122,1.);
#16122 = DIRECTION('',(-0.,1.,0.));
#16123 = PCURVE('',#16052,#16124);
#16124 = DEFINITIONAL_REPRESENTATION('',(#16125),#16129);
#16125 = LINE('',#16126,#16127);
#16126 = CARTESIAN_POINT('',(76.2,0.));
#16127 = VECTOR('',#16128,1.);
#16128 = DIRECTION('',(0.,-1.));
#16129 = ( GEOMETRIC_REPRESENTATION_CONTEXT(2) 
PARAMETRIC_REPRESENTATION_CONTEXT() REPRESENTATION_CONTEXT('2D SPACE',''
  ) );
#16130 = PCURVE('',#16026,#16131);
#16131 = DEFINITIONAL_REPRESENTATION('',(#16132),#16136);
#16132 = LINE('',#16133,#16134);
#16133 = CARTESIAN_POINT('',(139.7,0.));
#16134 = VECTOR('',#16135,1.);
#16135 = DIRECTION('',(0.,1.));
#16136 = ( GEOMETRIC_REPRESENTATION_CONTEXT(2) 
PARAMETRIC_REPRESENTATION_CONTEXT() REPRESENTATION_CONTEXT('2D SPACE',''
  ) );
#16137 = ADVANCED_FACE('',(#16138),#15944,.F.);
#16138 = FACE_BOUND('',#16139,.F.);
#16139 = EDGE_LOOP('',(#16140,#16161,#16162,#16183));
#16140 = ORIENTED_EDGE('',*,*,#16141,.F.);
#16141 = EDGE_CURVE('',#15922,#16042,#16142,.T.);
#16142 = SURFACE_CURVE('',#16143,(#16147,#16154),.PCURVE_S1.);
#16143 = LINE('',#16144,#16145);
#16144 = CARTESIAN_POINT('',(88.9,12.7,12.7));
#16145 = VECTOR('',#16146,1.);
#16146 = DIRECTION('',(1.,0.,-0.));
#16147 = PCURVE('',#15944,#16148);
#16148 = DEFINITIONAL_REPRESENTATION('',(#16149),#16153);
#16149 = LINE('',#16150,#16151);
#16150 = CARTESIAN_POINT('',(0.,0.));
#16151 = VECTOR('',#16152,1.);
#16152 = DIRECTION('',(0.,1.));
#16153 = ( GEOMETRIC_REPRESENTATION_CONTEXT(2) 
PARAMETRIC_REPRESENTATION_CONTEXT() REPRESENTATION_CONTEXT('2D SPACE',''
  ) );
#16154 = PCURVE('',#15972,#16155);
#16155 = DEFINITIONAL_REPRESENTATION('',(#16156),#16160);
#16156 = LINE('',#16157,#16158);
#16157 = CARTESIAN_POINT('',(0.,0.));
#16158 = VECTOR('',#16159,1.);
#16159 = DIRECTION('',(1.,0.));
#16160 = ( GEOMETRIC_REPRESENTATION_CONTEXT(2) 
PARAMETRIC_REPRESENTATION_CONTEXT() REPRESENTATION_CONTEXT('2D SPACE',''
  ) );
#16161 = ORIENTED_EDGE('',*,*,#15921,.T.);
#16162 = ORIENTED_EDGE('',*,*,#16163,.T.);
#16163 = EDGE_CURVE('',#15924,#16044,#16164,.T.);
#16164 = SURFACE_CURVE('',#16165,(#16169,#16176),.PCURVE_S1.);
#16165 = LINE('',#16166,#16167);
#16166 = CARTESIAN_POINT('',(88.9,12.7,88.9));
#16167 = VECTOR('',#16168,1.);
#16168 = DIRECTION('',(1.,0.,-0.));
#16169 = PCURVE('',#15944,#16170);
#16170 = DEFINITIONAL_REPRESENTATION('',(#16171),#16175);
#16171 = LINE('',#16172,#16173);
#16172 = CARTESIAN_POINT('',(76.2,0.));
#16173 = VECTOR('',#16174,1.);
#16174 = DIRECTION('',(0.,1.));
#16175 = ( GEOMETRIC_REPRESENTATION_CONTEXT(2) 
PARAMETRIC_REPRESENTATION_CONTEXT() REPRESENTATION_CONTEXT('2D SPACE',''
  ) );
#16176 = PCURVE('',#16026,#16177);
#16177 = DEFINITIONAL_REPRESENTATION('',(#16178),#16182);
#16178 = LINE('',#16179,#16180);
#16179 = CARTESIAN_POINT('',(0.,0.));
#16180 = VECTOR('',#16181,1.);
#16181 = DIRECTION('',(1.,0.));
#16182 = ( GEOMETRIC_REPRESENTATION_CONTEXT(2) 
PARAMETRIC_REPRESENTATION_CONTEXT() REPRESENTATION_CONTEXT('2D SPACE',''
  ) );
#16183 = ORIENTED_EDGE('',*,*,#16041,.F.);
#16184 = ADVANCED_FACE('',(#16185),#16000,.T.);
#16185 = FACE_BOUND('',#16186,.T.);
#16186 = EDGE_LOOP('',(#16187,#16208,#16209,#16230));
#16187 = ORIENTED_EDGE('',*,*,#16188,.F.);
#16188 = EDGE_CURVE('',#15957,#16072,#16189,.T.);
#16189 = SURFACE_CURVE('',#16190,(#16194,#16201),.PCURVE_S1.);
#16190 = LINE('',#16191,#16192);
#16191 = CARTESIAN_POINT('',(88.9,88.9,12.7));
#16192 = VECTOR('',#16193,1.);
#16193 = DIRECTION('',(1.,0.,-0.));
#16194 = PCURVE('',#16000,#16195);
#16195 = DEFINITIONAL_REPRESENTATION('',(#16196),#16200);
#16196 = LINE('',#16197,#16198);
#16197 = CARTESIAN_POINT('',(0.,0.));
#16198 = VECTOR('',#16199,1.);
#16199 = DIRECTION('',(0.,1.));
#16200 = ( GEOMETRIC_REPRESENTATION_CONTEXT(2) 
PARAMETRIC_REPRESENTATION_CONTEXT() REPRESENTATION_CONTEXT('2D SPACE',''
  ) );
#16201 = PCURVE('',#15972,#16202);
#16202 = DEFINITIONAL_REPRESENTATION('',(#16203),#16207);
#16203 = LINE('',#16204,#16205);
#16204 = CARTESIAN_POINT('',(0.,76.2));
#16205 = VECTOR('',#16206,1.);
#16206 = DIRECTION('',(1.,0.));
#16207 = ( GEOMETRIC_REPRESENTATION_CONTEXT(2) 
PARAMETRIC_REPRESENTATION_CONTEXT() REPRESENTATION_CONTEXT('2D SPACE',''
  ) );
#16208 = ORIENTED_EDGE('',*,*,#15984,.T.);
#16209 = ORIENTED_EDGE('',*,*,#16210,.T.);
#16210 = EDGE_CURVE('',#15985,#16095,#16211,.T.);
#16211 = SURFACE_CURVE('',#16212,(#16216,#16223),.PCURVE_S1.);
#16212 = LINE('',#16213,#16214);
#16213 = CARTESIAN_POINT('',(88.9,88.9,88.9));
#16214 = VECTOR('',#16215,1.);
#16215 = DIRECTION('',(1.,0.,-0.));
#16216 = PCURVE('',#16000,#16217);
#16217 = DEFINITIONAL_REPRESENTATION('',(#16218),#16222);
#16218 = LINE('',#16219,#16220);
#16219 = CARTESIAN_POINT('',(76.2,0.));
#16220 = VECTOR('',#16221,1.);
#16221 = DIRECTION('',(0.,1.));
#16222 = ( GEOMETRIC_REPRESENTATION_CONTEXT(2) 
PARAMETRIC_REPRESENTATION_CONTEXT() REPRESENTATION_CONTEXT('2D SPACE',''
  ) );
#16223 = PCURVE('',#16026,#16224);
#16224 = DEFINITIONAL_REPRESENTATION('',(#16225),#16229);
#16225 = LINE('',#16226,#16227);
#16226 = CARTESIAN_POINT('',(0.,76.2));
#16227 = VECTOR('',#16228,1.);
#16228 = DIRECTION('',(1.,0.));
#16229 = ( GEOMETRIC_REPRESENTATION_CONTEXT(2) 
PARAMETRIC_REPRESENTATION_CONTEXT() REPRESENTATION_CONTEXT('2D SPACE',''
  ) );
#16230 = ORIENTED_EDGE('',*,*,#16094,.F.);
#16231 = ADVANCED_FACE('',(#16232),#15972,.F.);
#16232 = FACE_BOUND('',#16233,.F.);
#16233 = EDGE_LOOP('',(#16234,#16235,#16236,#16237));
#16234 = ORIENTED_EDGE('',*,*,#15956,.F.);
#16235 = ORIENTED_EDGE('',*,*,#16141,.T.);
#16236 = ORIENTED_EDGE('',*,*,#16071,.T.);
#16237 = ORIENTED_EDGE('',*,*,#16188,.F.);
#16238 = ADVANCED_FACE('',(#16239),#16026,.T.);
#16239 = FACE_BOUND('',#16240,.T.);
#16240 = EDGE_LOOP('',(#16241,#16242,#16243,#16244));
#16241 = ORIENTED_EDGE('',*,*,#16012,.F.);
#16242 = ORIENTED_EDGE('',*,*,#16163,.T.);
#16243 = ORIENTED_EDGE('',*,*,#16117,.T.);
#16244 = ORIENTED_EDGE('',*,*,#16210,.F.);
#16245 = MANIFOLD_SOLID_BREP('',#16246);
#16246 = CLOSED_SHELL('',(#16247,#16367,#16467,#16514,#16561,#16568));
#16247 = ADVANCED_FACE('',(#16248),#16262,.F.);
#16248 = FACE_BOUND('',#16249,.F.);
#16249 = EDGE_LOOP('',(#16250,#16285,#16313,#16341));
#16250 = ORIENTED_EDGE('',*,*,#16251,.F.);
#16251 = EDGE_CURVE('',#16252,#16254,#16256,.T.);
#16252 = VERTEX_POINT('',#16253);
#16253 = CARTESIAN_POINT('',(12.7,88.9,12.7));
#16254 = VERTEX_POINT('',#16255);
#16255 = CARTESIAN_POINT('',(12.7,88.9,88.9));
#16256 = SURFACE_CURVE('',#16257,(#16261,#16273),.PCURVE_S1.);
#16257 = LINE('',#16258,#16259);
#16258 = CARTESIAN_POINT('',(12.7,88.9,12.7));
#16259 = VECTOR('',#16260,1.);
#16260 = DIRECTION('',(0.,0.,1.));
#16261 = PCURVE('',#16262,#16267);
#16262 = PLANE('',#16263);
#16263 = AXIS2_PLACEMENT_3D('',#16264,#16265,#16266);
#16264 = CARTESIAN_POINT('',(12.7,88.9,12.7));
#16265 = DIRECTION('',(1.,0.,-0.));
#16266 = DIRECTION('',(0.,0.,1.));
#16267 = DEFINITIONAL_REPRESENTATION('',(#16268),#16272);
#16268 = LINE('',#16269,#16270);
#16269 = CARTESIAN_POINT('',(0.,0.));
#16270 = VECTOR('',#16271,1.);
#16271 = DIRECTION('',(1.,0.));
#16272 = ( GEOMETRIC_REPRESENTATION_CONTEXT(2) 
PARAMETRIC_REPRESENTATION_CONTEXT() REPRESENTATION_CONTEXT('2D SPACE',''
  ) );
#16273 = PCURVE('',#16274,#16279);
#16274 = PLANE('',#16275);
#16275 = AXIS2_PLACEMENT_3D('',#16276,#16277,#16278);
#16276 = CARTESIAN_POINT('',(12.7,88.9,12.7));
#16277 = DIRECTION('',(-0.,1.,0.));
#16278 = DIRECTION('',(0.,0.,1.));
#16279 = DEFINITIONAL_REPRESENTATION('',(#16280),#16284);
#16280 = LINE('',#16281,#16282);
#16281 = CARTESIAN_POINT('',(0.,0.));
#16282 = VECTOR('',#16283,1.);
#16283 = DIRECTION('',(1.,0.));
#16284 = ( GEOMETRIC_REPRESENTATION_CONTEXT(2) 
PARAMETRIC_REPRESENTATION_CONTEXT() REPRESENTATION_CONTEXT('2D SPACE',''
  ) );
#16285 = ORIENTED_EDGE('',*,*,#16286,.T.);
#16286 = EDGE_CURVE('',#16252,#16287,#16289,.T.);
#16287 = VERTEX_POINT('',#16288);
#16288 = CARTESIAN_POINT('',(12.7,254.,12.7));
#16289 = SURFACE_CURVE('',#16290,(#16294,#16301),.PCURVE_S1.);
#16290 = LINE('',#16291,#16292);
#16291 = CARTESIAN_POINT('',(12.7,88.9,12.7));
#16292 = VECTOR('',#16293,1.);
#16293 = DIRECTION('',(-0.,1.,0.));
#16294 = PCURVE('',#16262,#16295);
#16295 = DEFINITIONAL_REPRESENTATION('',(#16296),#16300);
#16296 = LINE('',#16297,#16298);
#16297 = CARTESIAN_POINT('',(0.,0.));
#16298 = VECTOR('',#16299,1.);
#16299 = DIRECTION('',(0.,-1.));
#16300 = ( GEOMETRIC_REPRESENTATION_CONTEXT(2) 
PARAMETRIC_REPRESENTATION_CONTEXT() REPRESENTATION_CONTEXT('2D SPACE',''
  ) );
#16301 = PCURVE('',#16302,#16307);
#16302 = PLANE('',#16303);
#16303 = AXIS2_PLACEMENT_3D('',#16304,#16305,#16306);
#16304 = CARTESIAN_POINT('',(12.7,88.9,12.7));
#16305 = DIRECTION('',(0.,0.,1.));
#16306 = DIRECTION('',(1.,0.,-0.));
#16307 = DEFINITIONAL_REPRESENTATION('',(#16308),#16312);
#16308 = LINE('',#16309,#16310);
#16309 = CARTESIAN_POINT('',(0.,0.));
#16310 = VECTOR('',#16311,1.);
#16311 = DIRECTION('',(0.,1.));
#16312 = ( GEOMETRIC_REPRESENTATION_CONTEXT(2) 
PARAMETRIC_REPRESENTATION_CONTEXT() REPRESENTATION_CONTEXT('2D SPACE',''
  ) );
#16313 = ORIENTED_EDGE('',*,*,#16314,.T.);
#16314 = EDGE_CURVE('',#16287,#16315,#16317,.T.);
#16315 = VERTEX_POINT('',#16316);
#16316 = CARTESIAN_POINT('',(12.7,254.,88.9));
#16317 = SURFACE_CURVE('',#16318,(#16322,#16329),.PCURVE_S1.);
#16318 = LINE('',#16319,#16320);
#16319 = CARTESIAN_POINT('',(12.7,254.,12.7));
#16320 = VECTOR('',#16321,1.);
#16321 = DIRECTION('',(0.,0.,1.));
#16322 = PCURVE('',#16262,#16323);
#16323 = DEFINITIONAL_REPRESENTATION('',(#16324),#16328);
#16324 = LINE('',#16325,#16326);
#16325 = CARTESIAN_POINT('',(0.,-165.1));
#16326 = VECTOR('',#16327,1.);
#16327 = DIRECTION('',(1.,0.));
#16328 = ( GEOMETRIC_REPRESENTATION_CONTEXT(2) 
PARAMETRIC_REPRESENTATION_CONTEXT() REPRESENTATION_CONTEXT('2D SPACE',''
  ) );
#16329 = PCURVE('',#16330,#16335);
#16330 = PLANE('',#16331);
#16331 = AXIS2_PLACEMENT_3D('',#16332,#16333,#16334);
#16332 = CARTESIAN_POINT('',(12.7,254.,12.7));
#16333 = DIRECTION('',(-0.,1.,0.));
#16334 = DIRECTION('',(0.,0.,1.));
#16335 = DEFINITIONAL_REPRESENTATION('',(#16336),#16340);
#16336 = LINE('',#16337,#16338);
#16337 = CARTESIAN_POINT('',(0.,0.));
#16338 = VECTOR('',#16339,1.);
#16339 = DIRECTION('',(1.,0.));
#16340 = ( GEOMETRIC_REPRESENTATION_CONTEXT(2) 
PARAMETRIC_REPRESENTATION_CONTEXT() REPRESENTATION_CONTEXT('2D SPACE',''
  ) );
#16341 = ORIENTED_EDGE('',*,*,#16342,.F.);
#16342 = EDGE_CURVE('',#16254,#16315,#16343,.T.);
#16343 = SURFACE_CURVE('',#16344,(#16348,#16355),.PCURVE_S1.);
#16344 = LINE('',#16345,#16346);
#16345 = CARTESIAN_POINT('',(12.7,88.9,88.9));
#16346 = VECTOR('',#16347,1.);
#16347 = DIRECTION('',(-0.,1.,0.));
#16348 = PCURVE('',#16262,#16349);
#16349 = DEFINITIONAL_REPRESENTATION('',(#16350),#16354);
#16350 = LINE('',#16351,#16352);
#16351 = CARTESIAN_POINT('',(76.2,0.));
#16352 = VECTOR('',#16353,1.);
#16353 = DIRECTION('',(0.,-1.));
#16354 = ( GEOMETRIC_REPRESENTATION_CONTEXT(2) 
PARAMETRIC_REPRESENTATION_CONTEXT() REPRESENTATION_CONTEXT('2D SPACE',''
  ) );
#16355 = PCURVE('',#16356,#16361);
#16356 = PLANE('',#16357);
#16357 = AXIS2_PLACEMENT_3D('',#16358,#16359,#16360);
#16358 = CARTESIAN_POINT('',(12.7,88.9,88.9));
#16359 = DIRECTION('',(0.,0.,1.));
#16360 = DIRECTION('',(1.,0.,-0.));
#16361 = DEFINITIONAL_REPRESENTATION('',(#16362),#16366);
#16362 = LINE('',#16363,#16364);
#16363 = CARTESIAN_POINT('',(0.,0.));
#16364 = VECTOR('',#16365,1.);
#16365 = DIRECTION('',(0.,1.));
#16366 = ( GEOMETRIC_REPRESENTATION_CONTEXT(2) 
PARAMETRIC_REPRESENTATION_CONTEXT() REPRESENTATION_CONTEXT('2D SPACE',''
  ) );
#16367 = ADVANCED_FACE('',(#16368),#16382,.T.);
#16368 = FACE_BOUND('',#16369,.T.);
#16369 = EDGE_LOOP('',(#16370,#16400,#16423,#16446));
#16370 = ORIENTED_EDGE('',*,*,#16371,.F.);
#16371 = EDGE_CURVE('',#16372,#16374,#16376,.T.);
#16372 = VERTEX_POINT('',#16373);
#16373 = CARTESIAN_POINT('',(88.9,88.9,12.7));
#16374 = VERTEX_POINT('',#16375);
#16375 = CARTESIAN_POINT('',(88.9,88.9,88.9));
#16376 = SURFACE_CURVE('',#16377,(#16381,#16393),.PCURVE_S1.);
#16377 = LINE('',#16378,#16379);
#16378 = CARTESIAN_POINT('',(88.9,88.9,12.7));
#16379 = VECTOR('',#16380,1.);
#16380 = DIRECTION('',(0.,0.,1.));
#16381 = PCURVE('',#16382,#16387);
#16382 = PLANE('',#16383);
#16383 = AXIS2_PLACEMENT_3D('',#16384,#16385,#16386);
#16384 = CARTESIAN_POINT('',(88.9,88.9,12.7));
#16385 = DIRECTION('',(1.,0.,-0.));
#16386 = DIRECTION('',(0.,0.,1.));
#16387 = DEFINITIONAL_REPRESENTATION('',(#16388),#16392);
#16388 = LINE('',#16389,#16390);
#16389 = CARTESIAN_POINT('',(0.,0.));
#16390 = VECTOR('',#16391,1.);
#16391 = DIRECTION('',(1.,0.));
#16392 = ( GEOMETRIC_REPRESENTATION_CONTEXT(2) 
PARAMETRIC_REPRESENTATION_CONTEXT() REPRESENTATION_CONTEXT('2D SPACE',''
  ) );
#16393 = PCURVE('',#16274,#16394);
#16394 = DEFINITIONAL_REPRESENTATION('',(#16395),#16399);
#16395 = LINE('',#16396,#16397);
#16396 = CARTESIAN_POINT('',(0.,76.2));
#16397 = VECTOR('',#16398,1.);
#16398 = DIRECTION('',(1.,0.));
#16399 = ( GEOMETRIC_REPRESENTATION_CONTEXT(2) 
PARAMETRIC_REPRESENTATION_CONTEXT() REPRESENTATION_CONTEXT('2D SPACE',''
  ) );
#16400 = ORIENTED_EDGE('',*,*,#16401,.T.);
#16401 = EDGE_CURVE('',#16372,#16402,#16404,.T.);
#16402 = VERTEX_POINT('',#16403);
#16403 = CARTESIAN_POINT('',(88.9,254.,12.7));
#16404 = SURFACE_CURVE('',#16405,(#16409,#16416),.PCURVE_S1.);
#16405 = LINE('',#16406,#16407);
#16406 = CARTESIAN_POINT('',(88.9,88.9,12.7));
#16407 = VECTOR('',#16408,1.);
#16408 = DIRECTION('',(-0.,1.,0.));
#16409 = PCURVE('',#16382,#16410);
#16410 = DEFINITIONAL_REPRESENTATION('',(#16411),#16415);
#16411 = LINE('',#16412,#16413);
#16412 = CARTESIAN_POINT('',(0.,0.));
#16413 = VECTOR('',#16414,1.);
#16414 = DIRECTION('',(0.,-1.));
#16415 = ( GEOMETRIC_REPRESENTATION_CONTEXT(2) 
PARAMETRIC_REPRESENTATION_CONTEXT() REPRESENTATION_CONTEXT('2D SPACE',''
  ) );
#16416 = PCURVE('',#16302,#16417);
#16417 = DEFINITIONAL_REPRESENTATION('',(#16418),#16422);
#16418 = LINE('',#16419,#16420);
#16419 = CARTESIAN_POINT('',(76.2,0.));
#16420 = VECTOR('',#16421,1.);
#16421 = DIRECTION('',(0.,1.));
#16422 = ( GEOMETRIC_REPRESENTATION_CONTEXT(2) 
PARAMETRIC_REPRESENTATION_CONTEXT() REPRESENTATION_CONTEXT('2D SPACE',''
  ) );
#16423 = ORIENTED_EDGE('',*,*,#16424,.T.);
#16424 = EDGE_CURVE('',#16402,#16425,#16427,.T.);
#16425 = VERTEX_POINT('',#16426);
#16426 = CARTESIAN_POINT('',(88.9,254.,88.9));
#16427 = SURFACE_CURVE('',#16428,(#16432,#16439),.PCURVE_S1.);
#16428 = LINE('',#16429,#16430);
#16429 = CARTESIAN_POINT('',(88.9,254.,12.7));
#16430 = VECTOR('',#16431,1.);
#16431 = DIRECTION('',(0.,0.,1.));
#16432 = PCURVE('',#16382,#16433);
#16433 = DEFINITIONAL_REPRESENTATION('',(#16434),#16438);
#16434 = LINE('',#16435,#16436);
#16435 = CARTESIAN_POINT('',(0.,-165.1));
#16436 = VECTOR('',#16437,1.);
#16437 = DIRECTION('',(1.,0.));
#16438 = ( GEOMETRIC_REPRESENTATION_CONTEXT(2) 
PARAMETRIC_REPRESENTATION_CONTEXT() REPRESENTATION_CONTEXT('2D SPACE',''
  ) );
#16439 = PCURVE('',#16330,#16440);
#16440 = DEFINITIONAL_REPRESENTATION('',(#16441),#16445);
#16441 = LINE('',#16442,#16443);
#16442 = CARTESIAN_POINT('',(0.,76.2));
#16443 = VECTOR('',#16444,1.);
#16444 = DIRECTION('',(1.,0.));
#16445 = ( GEOMETRIC_REPRESENTATION_CONTEXT(2) 
PARAMETRIC_REPRESENTATION_CONTEXT() REPRESENTATION_CONTEXT('2D SPACE',''
  ) );
#16446 = ORIENTED_EDGE('',*,*,#16447,.F.);
#16447 = EDGE_CURVE('',#16374,#16425,#16448,.T.);
#16448 = SURFACE_CURVE('',#16449,(#16453,#16460),.PCURVE_S1.);
#16449 = LINE('',#16450,#16451);
#16450 = CARTESIAN_POINT('',(88.9,88.9,88.9));
#16451 = VECTOR('',#16452,1.);
#16452 = DIRECTION('',(-0.,1.,0.));
#16453 = PCURVE('',#16382,#16454);
#16454 = DEFINITIONAL_REPRESENTATION('',(#16455),#16459);
#16455 = LINE('',#16456,#16457);
#16456 = CARTESIAN_POINT('',(76.2,0.));
#16457 = VECTOR('',#16458,1.);
#16458 = DIRECTION('',(0.,-1.));
#16459 = ( GEOMETRIC_REPRESENTATION_CONTEXT(2) 
PARAMETRIC_REPRESENTATION_CONTEXT() REPRESENTATION_CONTEXT('2D SPACE',''
  ) );
#16460 = PCURVE('',#16356,#16461);
#16461 = DEFINITIONAL_REPRESENTATION('',(#16462),#16466);
#16462 = LINE('',#16463,#16464);
#16463 = CARTESIAN_POINT('',(76.2,0.));
#16464 = VECTOR('',#16465,1.);
#16465 = DIRECTION('',(0.,1.));
#16466 = ( GEOMETRIC_REPRESENTATION_CONTEXT(2) 
PARAMETRIC_REPRESENTATION_CONTEXT() REPRESENTATION_CONTEXT('2D SPACE',''
  ) );
#16467 = ADVANCED_FACE('',(#16468),#16274,.F.);
#16468 = FACE_BOUND('',#16469,.F.);
#16469 = EDGE_LOOP('',(#16470,#16491,#16492,#16513));
#16470 = ORIENTED_EDGE('',*,*,#16471,.F.);
#16471 = EDGE_CURVE('',#16252,#16372,#16472,.T.);
#16472 = SURFACE_CURVE('',#16473,(#16477,#16484),.PCURVE_S1.);
#16473 = LINE('',#16474,#16475);
#16474 = CARTESIAN_POINT('',(12.7,88.9,12.7));
#16475 = VECTOR('',#16476,1.);
#16476 = DIRECTION('',(1.,0.,-0.));
#16477 = PCURVE('',#16274,#16478);
#16478 = DEFINITIONAL_REPRESENTATION('',(#16479),#16483);
#16479 = LINE('',#16480,#16481);
#16480 = CARTESIAN_POINT('',(0.,0.));
#16481 = VECTOR('',#16482,1.);
#16482 = DIRECTION('',(0.,1.));
#16483 = ( GEOMETRIC_REPRESENTATION_CONTEXT(2) 
PARAMETRIC_REPRESENTATION_CONTEXT() REPRESENTATION_CONTEXT('2D SPACE',''
  ) );
#16484 = PCURVE('',#16302,#16485);
#16485 = DEFINITIONAL_REPRESENTATION('',(#16486),#16490);
#16486 = LINE('',#16487,#16488);
#16487 = CARTESIAN_POINT('',(0.,0.));
#16488 = VECTOR('',#16489,1.);
#16489 = DIRECTION('',(1.,0.));
#16490 = ( GEOMETRIC_REPRESENTATION_CONTEXT(2) 
PARAMETRIC_REPRESENTATION_CONTEXT() REPRESENTATION_CONTEXT('2D SPACE',''
  ) );
#16491 = ORIENTED_EDGE('',*,*,#16251,.T.);
#16492 = ORIENTED_EDGE('',*,*,#16493,.T.);
#16493 = EDGE_CURVE('',#16254,#16374,#16494,.T.);
#16494 = SURFACE_CURVE('',#16495,(#16499,#16506),.PCURVE_S1.);
#16495 = LINE('',#16496,#16497);
#16496 = CARTESIAN_POINT('',(12.7,88.9,88.9));
#16497 = VECTOR('',#16498,1.);
#16498 = DIRECTION('',(1.,0.,-0.));
#16499 = PCURVE('',#16274,#16500);
#16500 = DEFINITIONAL_REPRESENTATION('',(#16501),#16505);
#16501 = LINE('',#16502,#16503);
#16502 = CARTESIAN_POINT('',(76.2,0.));
#16503 = VECTOR('',#16504,1.);
#16504 = DIRECTION('',(0.,1.));
#16505 = ( GEOMETRIC_REPRESENTATION_CONTEXT(2) 
PARAMETRIC_REPRESENTATION_CONTEXT() REPRESENTATION_CONTEXT('2D SPACE',''
  ) );
#16506 = PCURVE('',#16356,#16507);
#16507 = DEFINITIONAL_REPRESENTATION('',(#16508),#16512);
#16508 = LINE('',#16509,#16510);
#16509 = CARTESIAN_POINT('',(0.,0.));
#16510 = VECTOR('',#16511,1.);
#16511 = DIRECTION('',(1.,0.));
#16512 = ( GEOMETRIC_REPRESENTATION_CONTEXT(2) 
PARAMETRIC_REPRESENTATION_CONTEXT() REPRESENTATION_CONTEXT('2D SPACE',''
  ) );
#16513 = ORIENTED_EDGE('',*,*,#16371,.F.);
#16514 = ADVANCED_FACE('',(#16515),#16330,.T.);
#16515 = FACE_BOUND('',#16516,.T.);
#16516 = EDGE_LOOP('',(#16517,#16538,#16539,#16560));
#16517 = ORIENTED_EDGE('',*,*,#16518,.F.);
#16518 = EDGE_CURVE('',#16287,#16402,#16519,.T.);
#16519 = SURFACE_CURVE('',#16520,(#16524,#16531),.PCURVE_S1.);
#16520 = LINE('',#16521,#16522);
#16521 = CARTESIAN_POINT('',(12.7,254.,12.7));
#16522 = VECTOR('',#16523,1.);
#16523 = DIRECTION('',(1.,0.,-0.));
#16524 = PCURVE('',#16330,#16525);
#16525 = DEFINITIONAL_REPRESENTATION('',(#16526),#16530);
#16526 = LINE('',#16527,#16528);
#16527 = CARTESIAN_POINT('',(0.,0.));
#16528 = VECTOR('',#16529,1.);
#16529 = DIRECTION('',(0.,1.));
#16530 = ( GEOMETRIC_REPRESENTATION_CONTEXT(2) 
PARAMETRIC_REPRESENTATION_CONTEXT() REPRESENTATION_CONTEXT('2D SPACE',''
  ) );
#16531 = PCURVE('',#16302,#16532);
#16532 = DEFINITIONAL_REPRESENTATION('',(#16533),#16537);
#16533 = LINE('',#16534,#16535);
#16534 = CARTESIAN_POINT('',(0.,165.1));
#16535 = VECTOR('',#16536,1.);
#16536 = DIRECTION('',(1.,0.));
#16537 = ( GEOMETRIC_REPRESENTATION_CONTEXT(2) 
PARAMETRIC_REPRESENTATION_CONTEXT() REPRESENTATION_CONTEXT('2D SPACE',''
  ) );
#16538 = ORIENTED_EDGE('',*,*,#16314,.T.);
#16539 = ORIENTED_EDGE('',*,*,#16540,.T.);
#16540 = EDGE_CURVE('',#16315,#16425,#16541,.T.);
#16541 = SURFACE_CURVE('',#16542,(#16546,#16553),.PCURVE_S1.);
#16542 = LINE('',#16543,#16544);
#16543 = CARTESIAN_POINT('',(12.7,254.,88.9));
#16544 = VECTOR('',#16545,1.);
#16545 = DIRECTION('',(1.,0.,-0.));
#16546 = PCURVE('',#16330,#16547);
#16547 = DEFINITIONAL_REPRESENTATION('',(#16548),#16552);
#16548 = LINE('',#16549,#16550);
#16549 = CARTESIAN_POINT('',(76.2,0.));
#16550 = VECTOR('',#16551,1.);
#16551 = DIRECTION('',(0.,1.));
#16552 = ( GEOMETRIC_REPRESENTATION_CONTEXT(2) 
PARAMETRIC_REPRESENTATION_CONTEXT() REPRESENTATION_CONTEXT('2D SPACE',''
  ) );
#16553 = PCURVE('',#16356,#16554);
#16554 = DEFINITIONAL_REPRESENTATION('',(#16555),#16559);
#16555 = LINE('',#16556,#16557);
#16556 = CARTESIAN_POINT('',(0.,165.1));
#16557 = VECTOR('',#16558,1.);
#16558 = DIRECTION('',(1.,0.));
#16559 = ( GEOMETRIC_REPRESENTATION_CONTEXT(2) 
PARAMETRIC_REPRESENTATION_CONTEXT() REPRESENTATION_CONTEXT('2D SPACE',''
  ) );
#16560 = ORIENTED_EDGE('',*,*,#16424,.F.);
#16561 = ADVANCED_FACE('',(#16562),#16302,.F.);
#16562 = FACE_BOUND('',#16563,.F.);
#16563 = EDGE_LOOP('',(#16564,#16565,#16566,#16567));
#16564 = ORIENTED_EDGE('',*,*,#16286,.F.);
#16565 = ORIENTED_EDGE('',*,*,#16471,.T.);
#16566 = ORIENTED_EDGE('',*,*,#16401,.T.);
#16567 = ORIENTED_EDGE('',*,*,#16518,.F.);
#16568 = ADVANCED_FACE('',(#16569),#16356,.T.);
#16569 = FACE_BOUND('',#16570,.T.);
#16570 = EDGE_LOOP('',(#16571,#16572,#16573,#16574));
#16571 = ORIENTED_EDGE('',*,*,#16342,.F.);
#16572 = ORIENTED_EDGE('',*,*,#16493,.T.);
#16573 = ORIENTED_EDGE('',*,*,#16447,.T.);
#16574 = ORIENTED_EDGE('',*,*,#16540,.F.);
#16575 = MANIFOLD_SOLID_BREP('',#16576);
#16576 = CLOSED_SHELL('',(#16577,#16697,#16797,#16844,#16891,#16898));
#16577 = ADVANCED_FACE('',(#16578),#16592,.F.);
#16578 = FACE_BOUND('',#16579,.F.);
#16579 = EDGE_LOOP('',(#16580,#16615,#16643,#16671));
#16580 = ORIENTED_EDGE('',*,*,#16581,.F.);
#16581 = EDGE_CURVE('',#16582,#16584,#16586,.T.);
#16582 = VERTEX_POINT('',#16583);
#16583 = CARTESIAN_POINT('',(12.7,12.7,12.7));
#16584 = VERTEX_POINT('',#16585);
#16585 = CARTESIAN_POINT('',(12.7,12.7,203.2));
#16586 = SURFACE_CURVE('',#16587,(#16591,#16603),.PCURVE_S1.);
#16587 = LINE('',#16588,#16589);
#16588 = CARTESIAN_POINT('',(12.7,12.7,12.7));
#16589 = VECTOR('',#16590,1.);
#16590 = DIRECTION('',(0.,0.,1.));
#16591 = PCURVE('',#16592,#16597);
#16592 = PLANE('',#16593);
#16593 = AXIS2_PLACEMENT_3D('',#16594,#16595,#16596);
#16594 = CARTESIAN_POINT('',(12.7,12.7,12.7));
#16595 = DIRECTION('',(1.,0.,-0.));
#16596 = DIRECTION('',(0.,0.,1.));
#16597 = DEFINITIONAL_REPRESENTATION('',(#16598),#16602);
#16598 = LINE('',#16599,#16600);
#16599 = CARTESIAN_POINT('',(0.,0.));
#16600 = VECTOR('',#16601,1.);
#16601 = DIRECTION('',(1.,0.));
#16602 = ( GEOMETRIC_REPRESENTATION_CONTEXT(2) 
PARAMETRIC_REPRESENTATION_CONTEXT() REPRESENTATION_CONTEXT('2D SPACE',''
  ) );
#16603 = PCURVE('',#16604,#16609);
#16604 = PLANE('',#16605);
#16605 = AXIS2_PLACEMENT_3D('',#16606,#16607,#16608);
#16606 = CARTESIAN_POINT('',(12.7,12.7,12.7));
#16607 = DIRECTION('',(-0.,1.,0.));
#16608 = DIRECTION('',(0.,0.,1.));
#16609 = DEFINITIONAL_REPRESENTATION('',(#16610),#16614);
#16610 = LINE('',#16611,#16612);
#16611 = CARTESIAN_POINT('',(0.,0.));
#16612 = VECTOR('',#16613,1.);
#16613 = DIRECTION('',(1.,0.));
#16614 = ( GEOMETRIC_REPRESENTATION_CONTEXT(2) 
PARAMETRIC_REPRESENTATION_CONTEXT() REPRESENTATION_CONTEXT('2D SPACE',''
  ) );
#16615 = ORIENTED_EDGE('',*,*,#16616,.T.);
#16616 = EDGE_CURVE('',#16582,#16617,#16619,.T.);
#16617 = VERTEX_POINT('',#16618);
#16618 = CARTESIAN_POINT('',(12.7,88.9,12.7));
#16619 = SURFACE_CURVE('',#16620,(#16624,#16631),.PCURVE_S1.);
#16620 = LINE('',#16621,#16622);
#16621 = CARTESIAN_POINT('',(12.7,12.7,12.7));
#16622 = VECTOR('',#16623,1.);
#16623 = DIRECTION('',(-0.,1.,0.));
#16624 = PCURVE('',#16592,#16625);
#16625 = DEFINITIONAL_REPRESENTATION('',(#16626),#16630);
#16626 = LINE('',#16627,#16628);
#16627 = CARTESIAN_POINT('',(0.,0.));
#16628 = VECTOR('',#16629,1.);
#16629 = DIRECTION('',(0.,-1.));
#16630 = ( GEOMETRIC_REPRESENTATION_CONTEXT(2) 
PARAMETRIC_REPRESENTATION_CONTEXT() REPRESENTATION_CONTEXT('2D SPACE',''
  ) );
#16631 = PCURVE('',#16632,#16637);
#16632 = PLANE('',#16633);
#16633 = AXIS2_PLACEMENT_3D('',#16634,#16635,#16636);
#16634 = CARTESIAN_POINT('',(12.7,12.7,12.7));
#16635 = DIRECTION('',(0.,0.,1.));
#16636 = DIRECTION('',(1.,0.,-0.));
#16637 = DEFINITIONAL_REPRESENTATION('',(#16638),#16642);
#16638 = LINE('',#16639,#16640);
#16639 = CARTESIAN_POINT('',(0.,0.));
#16640 = VECTOR('',#16641,1.);
#16641 = DIRECTION('',(0.,1.));
#16642 = ( GEOMETRIC_REPRESENTATION_CONTEXT(2) 
PARAMETRIC_REPRESENTATION_CONTEXT() REPRESENTATION_CONTEXT('2D SPACE',''
  ) );
#16643 = ORIENTED_EDGE('',*,*,#16644,.T.);
#16644 = EDGE_CURVE('',#16617,#16645,#16647,.T.);
#16645 = VERTEX_POINT('',#16646);
#16646 = CARTESIAN_POINT('',(12.7,88.9,203.2));
#16647 = SURFACE_CURVE('',#16648,(#16652,#16659),.PCURVE_S1.);
#16648 = LINE('',#16649,#16650);
#16649 = CARTESIAN_POINT('',(12.7,88.9,12.7));
#16650 = VECTOR('',#16651,1.);
#16651 = DIRECTION('',(0.,0.,1.));
#16652 = PCURVE('',#16592,#16653);
#16653 = DEFINITIONAL_REPRESENTATION('',(#16654),#16658);
#16654 = LINE('',#16655,#16656);
#16655 = CARTESIAN_POINT('',(0.,-76.2));
#16656 = VECTOR('',#16657,1.);
#16657 = DIRECTION('',(1.,0.));
#16658 = ( GEOMETRIC_REPRESENTATION_CONTEXT(2) 
PARAMETRIC_REPRESENTATION_CONTEXT() REPRESENTATION_CONTEXT('2D SPACE',''
  ) );
#16659 = PCURVE('',#16660,#16665);
#16660 = PLANE('',#16661);
#16661 = AXIS2_PLACEMENT_3D('',#16662,#16663,#16664);
#16662 = CARTESIAN_POINT('',(12.7,88.9,12.7));
#16663 = DIRECTION('',(-0.,1.,0.));
#16664 = DIRECTION('',(0.,0.,1.));
#16665 = DEFINITIONAL_REPRESENTATION('',(#16666),#16670);
#16666 = LINE('',#16667,#16668);
#16667 = CARTESIAN_POINT('',(0.,0.));
#16668 = VECTOR('',#16669,1.);
#16669 = DIRECTION('',(1.,0.));
#16670 = ( GEOMETRIC_REPRESENTATION_CONTEXT(2) 
PARAMETRIC_REPRESENTATION_CONTEXT() REPRESENTATION_CONTEXT('2D SPACE',''
  ) );
#16671 = ORIENTED_EDGE('',*,*,#16672,.F.);
#16672 = EDGE_CURVE('',#16584,#16645,#16673,.T.);
#16673 = SURFACE_CURVE('',#16674,(#16678,#16685),.PCURVE_S1.);
#16674 = LINE('',#16675,#16676);
#16675 = CARTESIAN_POINT('',(12.7,12.7,203.2));
#16676 = VECTOR('',#16677,1.);
#16677 = DIRECTION('',(-0.,1.,0.));
#16678 = PCURVE('',#16592,#16679);
#16679 = DEFINITIONAL_REPRESENTATION('',(#16680),#16684);
#16680 = LINE('',#16681,#16682);
#16681 = CARTESIAN_POINT('',(190.5,0.));
#16682 = VECTOR('',#16683,1.);
#16683 = DIRECTION('',(0.,-1.));
#16684 = ( GEOMETRIC_REPRESENTATION_CONTEXT(2) 
PARAMETRIC_REPRESENTATION_CONTEXT() REPRESENTATION_CONTEXT('2D SPACE',''
  ) );
#16685 = PCURVE('',#16686,#16691);
#16686 = PLANE('',#16687);
#16687 = AXIS2_PLACEMENT_3D('',#16688,#16689,#16690);
#16688 = CARTESIAN_POINT('',(12.7,12.7,203.2));
#16689 = DIRECTION('',(0.,0.,1.));
#16690 = DIRECTION('',(1.,0.,-0.));
#16691 = DEFINITIONAL_REPRESENTATION('',(#16692),#16696);
#16692 = LINE('',#16693,#16694);
#16693 = CARTESIAN_POINT('',(0.,0.));
#16694 = VECTOR('',#16695,1.);
#16695 = DIRECTION('',(0.,1.));
#16696 = ( GEOMETRIC_REPRESENTATION_CONTEXT(2) 
PARAMETRIC_REPRESENTATION_CONTEXT() REPRESENTATION_CONTEXT('2D SPACE',''
  ) );
#16697 = ADVANCED_FACE('',(#16698),#16712,.T.);
#16698 = FACE_BOUND('',#16699,.T.);
#16699 = EDGE_LOOP('',(#16700,#16730,#16753,#16776));
#16700 = ORIENTED_EDGE('',*,*,#16701,.F.);
#16701 = EDGE_CURVE('',#16702,#16704,#16706,.T.);
#16702 = VERTEX_POINT('',#16703);
#16703 = CARTESIAN_POINT('',(88.9,12.7,12.7));
#16704 = VERTEX_POINT('',#16705);
#16705 = CARTESIAN_POINT('',(88.9,12.7,203.2));
#16706 = SURFACE_CURVE('',#16707,(#16711,#16723),.PCURVE_S1.);
#16707 = LINE('',#16708,#16709);
#16708 = CARTESIAN_POINT('',(88.9,12.7,12.7));
#16709 = VECTOR('',#16710,1.);
#16710 = DIRECTION('',(0.,0.,1.));
#16711 = PCURVE('',#16712,#16717);
#16712 = PLANE('',#16713);
#16713 = AXIS2_PLACEMENT_3D('',#16714,#16715,#16716);
#16714 = CARTESIAN_POINT('',(88.9,12.7,12.7));
#16715 = DIRECTION('',(1.,0.,-0.));
#16716 = DIRECTION('',(0.,0.,1.));
#16717 = DEFINITIONAL_REPRESENTATION('',(#16718),#16722);
#16718 = LINE('',#16719,#16720);
#16719 = CARTESIAN_POINT('',(0.,0.));
#16720 = VECTOR('',#16721,1.);
#16721 = DIRECTION('',(1.,0.));
#16722 = ( GEOMETRIC_REPRESENTATION_CONTEXT(2) 
PARAMETRIC_REPRESENTATION_CONTEXT() REPRESENTATION_CONTEXT('2D SPACE',''
  ) );
#16723 = PCURVE('',#16604,#16724);
#16724 = DEFINITIONAL_REPRESENTATION('',(#16725),#16729);
#16725 = LINE('',#16726,#16727);
#16726 = CARTESIAN_POINT('',(0.,76.2));
#16727 = VECTOR('',#16728,1.);
#16728 = DIRECTION('',(1.,0.));
#16729 = ( GEOMETRIC_REPRESENTATION_CONTEXT(2) 
PARAMETRIC_REPRESENTATION_CONTEXT() REPRESENTATION_CONTEXT('2D SPACE',''
  ) );
#16730 = ORIENTED_EDGE('',*,*,#16731,.T.);
#16731 = EDGE_CURVE('',#16702,#16732,#16734,.T.);
#16732 = VERTEX_POINT('',#16733);
#16733 = CARTESIAN_POINT('',(88.9,88.9,12.7));
#16734 = SURFACE_CURVE('',#16735,(#16739,#16746),.PCURVE_S1.);
#16735 = LINE('',#16736,#16737);
#16736 = CARTESIAN_POINT('',(88.9,12.7,12.7));
#16737 = VECTOR('',#16738,1.);
#16738 = DIRECTION('',(-0.,1.,0.));
#16739 = PCURVE('',#16712,#16740);
#16740 = DEFINITIONAL_REPRESENTATION('',(#16741),#16745);
#16741 = LINE('',#16742,#16743);
#16742 = CARTESIAN_POINT('',(0.,0.));
#16743 = VECTOR('',#16744,1.);
#16744 = DIRECTION('',(0.,-1.));
#16745 = ( GEOMETRIC_REPRESENTATION_CONTEXT(2) 
PARAMETRIC_REPRESENTATION_CONTEXT() REPRESENTATION_CONTEXT('2D SPACE',''
  ) );
#16746 = PCURVE('',#16632,#16747);
#16747 = DEFINITIONAL_REPRESENTATION('',(#16748),#16752);
#16748 = LINE('',#16749,#16750);
#16749 = CARTESIAN_POINT('',(76.2,0.));
#16750 = VECTOR('',#16751,1.);
#16751 = DIRECTION('',(0.,1.));
#16752 = ( GEOMETRIC_REPRESENTATION_CONTEXT(2) 
PARAMETRIC_REPRESENTATION_CONTEXT() REPRESENTATION_CONTEXT('2D SPACE',''
  ) );
#16753 = ORIENTED_EDGE('',*,*,#16754,.T.);
#16754 = EDGE_CURVE('',#16732,#16755,#16757,.T.);
#16755 = VERTEX_POINT('',#16756);
#16756 = CARTESIAN_POINT('',(88.9,88.9,203.2));
#16757 = SURFACE_CURVE('',#16758,(#16762,#16769),.PCURVE_S1.);
#16758 = LINE('',#16759,#16760);
#16759 = CARTESIAN_POINT('',(88.9,88.9,12.7));
#16760 = VECTOR('',#16761,1.);
#16761 = DIRECTION('',(0.,0.,1.));
#16762 = PCURVE('',#16712,#16763);
#16763 = DEFINITIONAL_REPRESENTATION('',(#16764),#16768);
#16764 = LINE('',#16765,#16766);
#16765 = CARTESIAN_POINT('',(0.,-76.2));
#16766 = VECTOR('',#16767,1.);
#16767 = DIRECTION('',(1.,0.));
#16768 = ( GEOMETRIC_REPRESENTATION_CONTEXT(2) 
PARAMETRIC_REPRESENTATION_CONTEXT() REPRESENTATION_CONTEXT('2D SPACE',''
  ) );
#16769 = PCURVE('',#16660,#16770);
#16770 = DEFINITIONAL_REPRESENTATION('',(#16771),#16775);
#16771 = LINE('',#16772,#16773);
#16772 = CARTESIAN_POINT('',(0.,76.2));
#16773 = VECTOR('',#16774,1.);
#16774 = DIRECTION('',(1.,0.));
#16775 = ( GEOMETRIC_REPRESENTATION_CONTEXT(2) 
PARAMETRIC_REPRESENTATION_CONTEXT() REPRESENTATION_CONTEXT('2D SPACE',''
  ) );
#16776 = ORIENTED_EDGE('',*,*,#16777,.F.);
#16777 = EDGE_CURVE('',#16704,#16755,#16778,.T.);
#16778 = SURFACE_CURVE('',#16779,(#16783,#16790),.PCURVE_S1.);
#16779 = LINE('',#16780,#16781);
#16780 = CARTESIAN_POINT('',(88.9,12.7,203.2));
#16781 = VECTOR('',#16782,1.);
#16782 = DIRECTION('',(-0.,1.,0.));
#16783 = PCURVE('',#16712,#16784);
#16784 = DEFINITIONAL_REPRESENTATION('',(#16785),#16789);
#16785 = LINE('',#16786,#16787);
#16786 = CARTESIAN_POINT('',(190.5,0.));
#16787 = VECTOR('',#16788,1.);
#16788 = DIRECTION('',(0.,-1.));
#16789 = ( GEOMETRIC_REPRESENTATION_CONTEXT(2) 
PARAMETRIC_REPRESENTATION_CONTEXT() REPRESENTATION_CONTEXT('2D SPACE',''
  ) );
#16790 = PCURVE('',#16686,#16791);
#16791 = DEFINITIONAL_REPRESENTATION('',(#16792),#16796);
#16792 = LINE('',#16793,#16794);
#16793 = CARTESIAN_POINT('',(76.2,0.));
#16794 = VECTOR('',#16795,1.);
#16795 = DIRECTION('',(0.,1.));
#16796 = ( GEOMETRIC_REPRESENTATION_CONTEXT(2) 
PARAMETRIC_REPRESENTATION_CONTEXT() REPRESENTATION_CONTEXT('2D SPACE',''
  ) );
#16797 = ADVANCED_FACE('',(#16798),#16604,.F.);
#16798 = FACE_BOUND('',#16799,.F.);
#16799 = EDGE_LOOP('',(#16800,#16821,#16822,#16843));
#16800 = ORIENTED_EDGE('',*,*,#16801,.F.);
#16801 = EDGE_CURVE('',#16582,#16702,#16802,.T.);
#16802 = SURFACE_CURVE('',#16803,(#16807,#16814),.PCURVE_S1.);
#16803 = LINE('',#16804,#16805);
#16804 = CARTESIAN_POINT('',(12.7,12.7,12.7));
#16805 = VECTOR('',#16806,1.);
#16806 = DIRECTION('',(1.,0.,-0.));
#16807 = PCURVE('',#16604,#16808);
#16808 = DEFINITIONAL_REPRESENTATION('',(#16809),#16813);
#16809 = LINE('',#16810,#16811);
#16810 = CARTESIAN_POINT('',(0.,0.));
#16811 = VECTOR('',#16812,1.);
#16812 = DIRECTION('',(0.,1.));
#16813 = ( GEOMETRIC_REPRESENTATION_CONTEXT(2) 
PARAMETRIC_REPRESENTATION_CONTEXT() REPRESENTATION_CONTEXT('2D SPACE',''
  ) );
#16814 = PCURVE('',#16632,#16815);
#16815 = DEFINITIONAL_REPRESENTATION('',(#16816),#16820);
#16816 = LINE('',#16817,#16818);
#16817 = CARTESIAN_POINT('',(0.,0.));
#16818 = VECTOR('',#16819,1.);
#16819 = DIRECTION('',(1.,0.));
#16820 = ( GEOMETRIC_REPRESENTATION_CONTEXT(2) 
PARAMETRIC_REPRESENTATION_CONTEXT() REPRESENTATION_CONTEXT('2D SPACE',''
  ) );
#16821 = ORIENTED_EDGE('',*,*,#16581,.T.);
#16822 = ORIENTED_EDGE('',*,*,#16823,.T.);
#16823 = EDGE_CURVE('',#16584,#16704,#16824,.T.);
#16824 = SURFACE_CURVE('',#16825,(#16829,#16836),.PCURVE_S1.);
#16825 = LINE('',#16826,#16827);
#16826 = CARTESIAN_POINT('',(12.7,12.7,203.2));
#16827 = VECTOR('',#16828,1.);
#16828 = DIRECTION('',(1.,0.,-0.));
#16829 = PCURVE('',#16604,#16830);
#16830 = DEFINITIONAL_REPRESENTATION('',(#16831),#16835);
#16831 = LINE('',#16832,#16833);
#16832 = CARTESIAN_POINT('',(190.5,0.));
#16833 = VECTOR('',#16834,1.);
#16834 = DIRECTION('',(0.,1.));
#16835 = ( GEOMETRIC_REPRESENTATION_CONTEXT(2) 
PARAMETRIC_REPRESENTATION_CONTEXT() REPRESENTATION_CONTEXT('2D SPACE',''
  ) );
#16836 = PCURVE('',#16686,#16837);
#16837 = DEFINITIONAL_REPRESENTATION('',(#16838),#16842);
#16838 = LINE('',#16839,#16840);
#16839 = CARTESIAN_POINT('',(0.,0.));
#16840 = VECTOR('',#16841,1.);
#16841 = DIRECTION('',(1.,0.));
#16842 = ( GEOMETRIC_REPRESENTATION_CONTEXT(2) 
PARAMETRIC_REPRESENTATION_CONTEXT() REPRESENTATION_CONTEXT('2D SPACE',''
  ) );
#16843 = ORIENTED_EDGE('',*,*,#16701,.F.);
#16844 = ADVANCED_FACE('',(#16845),#16660,.T.);
#16845 = FACE_BOUND('',#16846,.T.);
#16846 = EDGE_LOOP('',(#16847,#16868,#16869,#16890));
#16847 = ORIENTED_EDGE('',*,*,#16848,.F.);
#16848 = EDGE_CURVE('',#16617,#16732,#16849,.T.);
#16849 = SURFACE_CURVE('',#16850,(#16854,#16861),.PCURVE_S1.);
#16850 = LINE('',#16851,#16852);
#16851 = CARTESIAN_POINT('',(12.7,88.9,12.7));
#16852 = VECTOR('',#16853,1.);
#16853 = DIRECTION('',(1.,0.,-0.));
#16854 = PCURVE('',#16660,#16855);
#16855 = DEFINITIONAL_REPRESENTATION('',(#16856),#16860);
#16856 = LINE('',#16857,#16858);
#16857 = CARTESIAN_POINT('',(0.,0.));
#16858 = VECTOR('',#16859,1.);
#16859 = DIRECTION('',(0.,1.));
#16860 = ( GEOMETRIC_REPRESENTATION_CONTEXT(2) 
PARAMETRIC_REPRESENTATION_CONTEXT() REPRESENTATION_CONTEXT('2D SPACE',''
  ) );
#16861 = PCURVE('',#16632,#16862);
#16862 = DEFINITIONAL_REPRESENTATION('',(#16863),#16867);
#16863 = LINE('',#16864,#16865);
#16864 = CARTESIAN_POINT('',(0.,76.2));
#16865 = VECTOR('',#16866,1.);
#16866 = DIRECTION('',(1.,0.));
#16867 = ( GEOMETRIC_REPRESENTATION_CONTEXT(2) 
PARAMETRIC_REPRESENTATION_CONTEXT() REPRESENTATION_CONTEXT('2D SPACE',''
  ) );
#16868 = ORIENTED_EDGE('',*,*,#16644,.T.);
#16869 = ORIENTED_EDGE('',*,*,#16870,.T.);
#16870 = EDGE_CURVE('',#16645,#16755,#16871,.T.);
#16871 = SURFACE_CURVE('',#16872,(#16876,#16883),.PCURVE_S1.);
#16872 = LINE('',#16873,#16874);
#16873 = CARTESIAN_POINT('',(12.7,88.9,203.2));
#16874 = VECTOR('',#16875,1.);
#16875 = DIRECTION('',(1.,0.,-0.));
#16876 = PCURVE('',#16660,#16877);
#16877 = DEFINITIONAL_REPRESENTATION('',(#16878),#16882);
#16878 = LINE('',#16879,#16880);
#16879 = CARTESIAN_POINT('',(190.5,0.));
#16880 = VECTOR('',#16881,1.);
#16881 = DIRECTION('',(0.,1.));
#16882 = ( GEOMETRIC_REPRESENTATION_CONTEXT(2) 
PARAMETRIC_REPRESENTATION_CONTEXT() REPRESENTATION_CONTEXT('2D SPACE',''
  ) );
#16883 = PCURVE('',#16686,#16884);
#16884 = DEFINITIONAL_REPRESENTATION('',(#16885),#16889);
#16885 = LINE('',#16886,#16887);
#16886 = CARTESIAN_POINT('',(0.,76.2));
#16887 = VECTOR('',#16888,1.);
#16888 = DIRECTION('',(1.,0.));
#16889 = ( GEOMETRIC_REPRESENTATION_CONTEXT(2) 
PARAMETRIC_REPRESENTATION_CONTEXT() REPRESENTATION_CONTEXT('2D SPACE',''
  ) );
#16890 = ORIENTED_EDGE('',*,*,#16754,.F.);
#16891 = ADVANCED_FACE('',(#16892),#16632,.F.);
#16892 = FACE_BOUND('',#16893,.F.);
#16893 = EDGE_LOOP('',(#16894,#16895,#16896,#16897));
#16894 = ORIENTED_EDGE('',*,*,#16616,.F.);
#16895 = ORIENTED_EDGE('',*,*,#16801,.T.);
#16896 = ORIENTED_EDGE('',*,*,#16731,.T.);
#16897 = ORIENTED_EDGE('',*,*,#16848,.F.);
#16898 = ADVANCED_FACE('',(#16899),#16686,.T.);
#16899 = FACE_BOUND('',#16900,.T.);
#16900 = EDGE_LOOP('',(#16901,#16902,#16903,#16904));
#16901 = ORIENTED_EDGE('',*,*,#16672,.F.);
#16902 = ORIENTED_EDGE('',*,*,#16823,.T.);
#16903 = ORIENTED_EDGE('',*,*,#16777,.T.);
#16904 = ORIENTED_EDGE('',*,*,#16870,.F.);
#16905 = ( GEOMETRIC_REPRESENTATION_CONTEXT(3) 
GLOBAL_UNCERTAINTY_ASSIGNED_CONTEXT((#16909)) 
GLOBAL_UNIT_ASSIGNED_CONTEXT((#16906,#16907,#16908)) 
REPRESENTATION_CONTEXT('Context #1',
  '3D Context with UNIT and UNCERTAINTY') );
#16906 = ( LENGTH_UNIT() NAMED_UNIT(*) SI_UNIT(.MILLI.,.METRE.) );
#16907 = ( NAMED_UNIT(*) PLANE_ANGLE_UNIT() SI_UNIT($,.RADIAN.) );
#16908 = ( NAMED_UNIT(*) SI_UNIT($,.STERADIAN.) SOLID_ANGLE_UNIT() );
#16909 = UNCERTAINTY_MEASURE_WITH_UNIT(LENGTH_MEASURE(2.E-06),#16906,
  'distance_accuracy_value','confusion accuracy');
#16910 = PRODUCT_RELATED_PRODUCT_CATEGORY('part',$,(#7));
ENDSEC;
END-ISO-10303-21;
